ano,mes,mes_numero,competencia,linhas_mensal,linhas_consolidado,liquido_mensal,liquido_consolidado,diferenca,ambas_as_superficies,observacao
2012,Julho,7,2012-07,,,,,,não,"era em PDF (OS-072): 1806 linha(s), líquido 10.938.669,56 — sem arquivo mensal nem consolidado neste mês"
2012,Agosto,8,2012-08,,,,,,não,"era em PDF (OS-072): 1842 linha(s), líquido 11.098.435,73 — sem arquivo mensal nem consolidado neste mês"
2012,Setembro,9,2012-09,,,,,,não,"era em PDF (OS-072): 1833 linha(s), líquido 11.266.624,20 — sem arquivo mensal nem consolidado neste mês"
2012,Outubro,10,2012-10,,,,,,não,"era em PDF (OS-072): 1842 linha(s), líquido 11.092.804,71 — sem arquivo mensal nem consolidado neste mês"
2012,Novembro,11,2012-11,,,,,,não,"era em PDF (OS-072): 1842 linha(s), líquido 11.401.744,00 — sem arquivo mensal nem consolidado neste mês"
2012,Dezembro,12,2012-12,,,,,,não,"era em PDF (OS-072): 1847 linha(s), líquido 10.994.367,93 — sem arquivo mensal nem consolidado neste mês"
2013,Janeiro,1,2013-01,,,,,,não,"era em PDF (OS-072): 1847 linha(s), líquido 13.769.045,29 — sem arquivo mensal nem consolidado neste mês"
2013,Fevereiro,2,2013-02,,,,,,não,"era em PDF (OS-072): 1835 linha(s), líquido 12.023.073,82 — sem arquivo mensal nem consolidado neste mês"
2013,Março,3,2013-03,,,,,,não,"era em PDF (OS-072): 1838 linha(s), líquido 11.888.066,41 — sem arquivo mensal nem consolidado neste mês"
2013,Abril,4,2013-04,,,,,,não,"era em PDF (OS-072): 1820 linha(s), líquido 11.584.186,95 — sem arquivo mensal nem consolidado neste mês"
2013,Maio,5,2013-05,,,,,,não,"era em PDF (OS-072): 1827 linha(s), líquido 12.420.391,13 — sem arquivo mensal nem consolidado neste mês"
2013,Junho,6,2013-06,,,,,,não,"era em PDF (OS-072): 1833 linha(s), líquido 16.939.790,24 — sem arquivo mensal nem consolidado neste mês"
2013,Julho,7,2013-07,,,,,,não,"era em PDF (OS-072): 1832 linha(s), líquido 12.154.267,93 — sem arquivo mensal nem consolidado neste mês"
2013,Agosto,8,2013-08,,,,,,não,"era em PDF (OS-072): 1849 linha(s), líquido 12.552.570,55 — sem arquivo mensal nem consolidado neste mês"
2013,Setembro,9,2013-09,,,,,,não,"era em PDF (OS-072): 1823 linha(s), líquido 12.179.492,99 — sem arquivo mensal nem consolidado neste mês"
2013,Outubro,10,2013-10,,,,,,não,"era em PDF (OS-072): 1853 linha(s), líquido 12.721.813,51 — sem arquivo mensal nem consolidado neste mês"
2013,Novembro,11,2013-11,,,,,,não,"era em PDF (OS-072): 1822 linha(s), líquido 12.647.923,89 — sem arquivo mensal nem consolidado neste mês"
2013,Dezembro,12,2013-12,,,,,,não,"era em PDF (OS-072): 1838 linha(s), líquido 12.291.593,17 — sem arquivo mensal nem consolidado neste mês"
2014,Janeiro,1,2014-01,,,,,,não,"era em PDF (OS-072): 1838 linha(s), líquido 16.690.964,60 — sem arquivo mensal nem consolidado neste mês"
2014,Fevereiro,2,2014-02,,,,,,não,"era em PDF (OS-072): 1844 linha(s), líquido 14.972.651,63 — sem arquivo mensal nem consolidado neste mês"
2014,Março,3,2014-03,,,,,,não,"era em PDF (OS-072): 1853 linha(s), líquido 14.498.116,93 — sem arquivo mensal nem consolidado neste mês"
2014,Abril,4,2014-04,,,,,,não,"era em PDF (OS-072): 1854 linha(s), líquido 14.167.905,05 — sem arquivo mensal nem consolidado neste mês"
2014,Maio,5,2014-05,,,,,,não,"era em PDF (OS-072): 1862 linha(s), líquido 14.274.139,83 — sem arquivo mensal nem consolidado neste mês"
2014,Junho,6,2014-06,,,,,,não,"era em PDF (OS-072): 1877 linha(s), líquido 18.843.352,27 — sem arquivo mensal nem consolidado neste mês"
2014,Julho,7,2014-07,,,,,,não,"era em PDF (OS-072): 1863 linha(s), líquido 14.194.359,98 — sem arquivo mensal nem consolidado neste mês"
2014,Agosto,8,2014-08,,,,,,não,"era em PDF (OS-072): 1878 linha(s), líquido 14.325.287,39 — sem arquivo mensal nem consolidado neste mês"
2014,Setembro,9,2014-09,,,,,,não,"era em PDF (OS-072): 1887 linha(s), líquido 14.482.917,23 — sem arquivo mensal nem consolidado neste mês"
2014,Outubro,10,2014-10,,,,,,não,"era em PDF (OS-072): 1878 linha(s), líquido 14.261.169,81 — sem arquivo mensal nem consolidado neste mês"
2014,Novembro,11,2014-11,,,,,,não,"era em PDF (OS-072): 1882 linha(s), líquido 14.414.433,11 — sem arquivo mensal nem consolidado neste mês"
2014,Dezembro,12,2014-12,,,,,,não,"era em PDF (OS-072): 1881 linha(s), líquido 14.080.050,28 — sem arquivo mensal nem consolidado neste mês"
2015,Janeiro,1,2015-01,,,,,,não,"era em PDF (OS-072): 1676 linha(s), líquido 17.725.057,72 — sem arquivo mensal nem consolidado neste mês"
2015,Fevereiro,2,2015-02,,,,,,não,"era em PDF (OS-072): 1726 linha(s), líquido 16.082.511,48 — sem arquivo mensal nem consolidado neste mês"
2015,Março,3,2015-03,,,,,,não,"era em PDF (OS-072): 1785 linha(s), líquido 15.804.816,21 — sem arquivo mensal nem consolidado neste mês"
2015,Abril,4,2015-04,,,,,,não,"era em PDF (OS-072): 1820 linha(s), líquido 15.689.018,58 — sem arquivo mensal nem consolidado neste mês"
2015,Maio,5,2015-05,,,,,,não,"era em PDF (OS-072): 1836 linha(s), líquido 15.874.005,96 — sem arquivo mensal nem consolidado neste mês"
2015,Junho,6,2015-06,,,,,,não,"era em PDF (OS-072): 1847 linha(s), líquido 21.520.988,30 — sem arquivo mensal nem consolidado neste mês"
2015,Julho,7,2015-07,,,,,,não,"era em PDF (OS-072): 1857 linha(s), líquido 15.361.511,96 — sem arquivo mensal nem consolidado neste mês"
2015,Agosto,8,2015-08,,,,,,não,"era em PDF (OS-072): 1854 linha(s), líquido 15.546.314,68 — sem arquivo mensal nem consolidado neste mês"
2015,Setembro,9,2015-09,,,,,,não,"era em PDF (OS-072): 1831 linha(s), líquido 15.217.882,84 — sem arquivo mensal nem consolidado neste mês"
2015,Outubro,10,2015-10,,,,,,não,"era em PDF (OS-072): 1838 linha(s), líquido 15.218.978,13 — sem arquivo mensal nem consolidado neste mês"
2015,Novembro,11,2015-11,,,,,,não,"era em PDF (OS-072): 1855 linha(s), líquido 15.451.097,18 — sem arquivo mensal nem consolidado neste mês"
2015,Dezembro,12,2015-12,,,,,,não,"era em PDF (OS-072): 1860 linha(s), líquido 15.086.142,66 — sem arquivo mensal nem consolidado neste mês"
2016,Janeiro,1,2016-01,,,,,,não,"era em PDF (OS-072): 1862 linha(s), líquido 18.088.468,70 — sem arquivo mensal nem consolidado neste mês"
2016,Fevereiro,2,2016-02,,,,,,não,"era em PDF (OS-072): 1867 linha(s), líquido 16.577.755,44 — sem arquivo mensal nem consolidado neste mês"
2016,Março,3,2016-03,,,,,,não,"era em PDF (OS-072): 1861 linha(s), líquido 15.888.056,89 — sem arquivo mensal nem consolidado neste mês"
2016,Abril,4,2016-04,,,,,,não,"era em PDF (OS-072): 1861 linha(s), líquido 15.965.344,62 — sem arquivo mensal nem consolidado neste mês"
2016,Maio,5,2016-05,,,,,,não,"era em PDF (OS-072): 1852 linha(s), líquido 15.661.145,98 — sem arquivo mensal nem consolidado neste mês"
2016,Junho,6,2016-06,,,,,,não,"era em PDF (OS-072): 1857 linha(s), líquido 21.369.177,95 — sem arquivo mensal nem consolidado neste mês"
2016,Julho,7,2016-07,,,,,,não,"era em PDF (OS-072): 1859 linha(s), líquido 15.515.650,76 — sem arquivo mensal nem consolidado neste mês"
2016,Agosto,8,2016-08,,,,,,não,"era em PDF (OS-072): 1863 linha(s), líquido 15.471.328,49 — sem arquivo mensal nem consolidado neste mês"
2016,Setembro,9,2016-09,,,,,,não,"era em PDF (OS-072): 1845 linha(s), líquido 15.352.403,63 — sem arquivo mensal nem consolidado neste mês"
2016,Outubro,10,2016-10,,,,,,não,"era em PDF (OS-072): 1861 linha(s), líquido 16.424.047,28 — sem arquivo mensal nem consolidado neste mês"
2016,Novembro,11,2016-11,,,,,,não,"era em PDF (OS-072): 1870 linha(s), líquido 16.599.968,58 — sem arquivo mensal nem consolidado neste mês"
2016,Dezembro,12,2016-12,,,,,,não,"era em PDF (OS-072): 1874 linha(s), líquido 16.033.376,36 — sem arquivo mensal nem consolidado neste mês"
2017,Janeiro,1,2017-01,,,,,,não,"era em PDF (OS-072): 1885 linha(s), líquido 18.739.922,87 — sem arquivo mensal nem consolidado neste mês"
2017,Fevereiro,2,2017-02,,,,,,não,"era em PDF (OS-072): 1886 linha(s), líquido 16.964.724,23 — sem arquivo mensal nem consolidado neste mês"
2017,Março,3,2017-03,,,,,,não,"era em PDF (OS-072): 1884 linha(s), líquido 16.544.289,41 — sem arquivo mensal nem consolidado neste mês"
2017,Abril,4,2017-04,,,,,,não,"era em PDF (OS-072): 1891 linha(s), líquido 16.533.429,24 — sem arquivo mensal nem consolidado neste mês"
2017,Maio,5,2017-05,,,,,,não,"era em PDF (OS-072): 1889 linha(s), líquido 16.356.357,03 — sem arquivo mensal nem consolidado neste mês"
2017,Junho,6,2017-06,,,,,,não,"era em PDF (OS-072): 1882 linha(s), líquido 22.712.988,24 — sem arquivo mensal nem consolidado neste mês"
2017,Julho,7,2017-07,,,,,,não,"era em PDF (OS-072): 1875 linha(s), líquido 16.344.287,51 — sem arquivo mensal nem consolidado neste mês"
2017,Agosto,8,2017-08,,,,,,não,"era em PDF (OS-072): 1886 linha(s), líquido 16.948.951,73 — sem arquivo mensal nem consolidado neste mês"
2017,Setembro,9,2017-09,1886,,"20.001.403,89",,,não,só o arquivo do mês declara este mês
2017,Outubro,10,2017-10,1911,,"20.706.151,67",,,não,só o arquivo do mês declara este mês
2017,Novembro,11,2017-11,1918,,"21.104.318,64",,,não,só o arquivo do mês declara este mês
2017,Dezembro,12,2017-12,1911,,"26.222.155,92",,,não,só o arquivo do mês declara este mês
2018,Janeiro,1,2018-01,1912,,"32.160.816,45",,,não,só o arquivo do mês declara este mês
2018,Fevereiro,2,2018-02,1920,,"21.051.355,86",,,não,só o arquivo do mês declara este mês
2018,Março,3,2018-03,1933,,"23.314.859,19",,,não,só o arquivo do mês declara este mês
2018,Abril,4,2018-04,1916,,"20.346.845,70",,,não,só o arquivo do mês declara este mês
2018,Maio,5,2018-05,1919,,"20.623.500,48",,,não,só o arquivo do mês declara este mês
2018,Junho,6,2018-06,1923,,"29.183.311,00",,,não,só o arquivo do mês declara este mês
2018,Julho,7,2018-07,,,,,,não,publicado em .csv sem datastore; nenhuma outra superfície o cobre
2018,Agosto,8,2018-08,,,,,,não,publicado em .csv sem datastore; nenhuma outra superfície o cobre
2018,Setembro,9,2018-09,1938,,"21.942.561,14",,,não,só o arquivo do mês declara este mês
2018,Outubro,10,2018-10,,,,,,não,publicado em .csv sem datastore; nenhuma outra superfície o cobre
2018,Novembro,11,2018-11,2156,,"23.833.743,21",,,não,só o arquivo do mês declara este mês
2018,Dezembro,12,2018-12,1908,,"32.185.503,98",,,não,só o arquivo do mês declara este mês
2019,Janeiro,1,2019-01,1864,,"32.271.755,14",,,não,só o arquivo do mês declara este mês
2019,Fevereiro,2,2019-02,1889,,"24.333.465,38",,,não,só o arquivo do mês declara este mês
2019,Março,3,2019-03,1894,,"23.440.694,95",,,não,só o arquivo do mês declara este mês
2019,Abril,4,2019-04,1877,,"22.733.626,83",,,não,só o arquivo do mês declara este mês
2019,Maio,5,2019-05,1881,,"21.738.962,41",,,não,só o arquivo do mês declara este mês
2019,Junho,6,2019-06,1878,,"35.320.228,75",,,não,só o arquivo do mês declara este mês
2019,Julho,7,2019-07,1883,,"21.761.480,16",,,não,só o arquivo do mês declara este mês
2019,Agosto,8,2019-08,1925,,"22.478.106,52",,,não,só o arquivo do mês declara este mês
2019,Setembro,9,2019-09,3996,,"24.263.402,31",,,não,só o arquivo do mês declara este mês
2019,Outubro,10,2019-10,3973,,"24.384.969,62",,,não,só o arquivo do mês declara este mês
2019,Novembro,11,2019-11,3937,,"22.446.718,64",,,não,só o arquivo do mês declara este mês
2019,Dezembro,12,2019-12,7870,,"34.902.598,12",,,não,só o arquivo do mês declara este mês
2020,Janeiro,1,2020-01,6153,,"37.378.515,85",,,não,só o arquivo do mês declara este mês
2020,Fevereiro,2,2020-02,3975,,"24.389.410,42",,,não,só o arquivo do mês declara este mês
2020,Março,3,2020-03,4717,,"24.857.096,13",,,não,só o arquivo do mês declara este mês
2020,Abril,4,2020-04,3617,,"22.053.273,93",,,não,só o arquivo do mês declara este mês
2020,Maio,5,2020-05,3617,,"20.945.101,48",,,não,só o arquivo do mês declara este mês
2020,Junho,6,2020-06,3432,,"30.901.372,17",,,não,só o arquivo do mês declara este mês
2020,Julho,7,2020-07,3432,,"21.277.887,82",,,não,só o arquivo do mês declara este mês
2020,Agosto,8,2020-08,3439,,"22.272.396,28",,,não,só o arquivo do mês declara este mês
2020,Setembro,9,2020-09,3718,,"21.735.897,85",,,não,só o arquivo do mês declara este mês
2020,Outubro,10,2020-10,3620,,"23.395.471,50",,,não,só o arquivo do mês declara este mês
2020,Novembro,11,2020-11,3552,,"22.375.890,74",,,não,só o arquivo do mês declara este mês
2020,Dezembro,12,2020-12,5595,,"30.106.862,13",,,não,só o arquivo do mês declara este mês
2021,Janeiro,1,2021-01,4227,,"36.515.655,68",,,não,só o arquivo do mês declara este mês
2021,Fevereiro,2,2021-02,3641,,"23.461.918,40",,,não,só o arquivo do mês declara este mês
2021,Março,3,2021-03,3655,,"24.353.990,85",,,não,só o arquivo do mês declara este mês
2021,Abril,4,2021-04,3707,,"31.759.027,87",,,não,só o arquivo do mês declara este mês
2021,Maio,5,2021-05,3752,,"33.111.125,41",,,não,só o arquivo do mês declara este mês
2021,Junho,6,2021-06,3649,,"34.535.496,41",,,não,só o arquivo do mês declara este mês
2021,Julho,7,2021-07,3729,,"24.207.767,01",,,não,só o arquivo do mês declara este mês
2021,Agosto,8,2021-08,3700,,"24.116.600,52",,,não,só o arquivo do mês declara este mês
2021,Setembro,9,2021-09,3764,,"24.312.258,05",,,não,só o arquivo do mês declara este mês
2021,Outubro,10,2021-10,3751,,"23.821.531,48",,,não,só o arquivo do mês declara este mês
2021,Novembro,11,2021-11,3858,,"23.718.033,52",,,não,só o arquivo do mês declara este mês
2021,Dezembro,12,2021-12,6000,,"30.371.110,47",,,não,só o arquivo do mês declara este mês
2022,Janeiro,1,2022-01,5727,5727,"36.315.252,15","36.315.252,15","0,00",sim,
2022,Fevereiro,2,2022-02,,4142,,"24.900.500,80",,não,o arquivo do mês não tem datastore; só o consolidado 2022-2025 o cobre
2022,Março,3,2022-03,4155,4155,"24.726.327,48","24.726.327,48","0,00",sim,
2022,Abril,4,2022-04,4194,4194,"26.088.368,39","26.088.368,39","0,00",sim,
2022,Maio,5,2022-05,4169,4169,"26.159.764,71","26.159.764,71","0,00",sim,
2022,Junho,6,2022-06,4147,4147,"36.866.518,19","36.866.518,19","0,00",sim,
2022,Julho,7,2022-07,4158,4158,"25.756.086,16","25.756.086,16","0,00",sim,
2022,Agosto,8,2022-08,4620,4620,"27.391.525,24","27.391.525,24","0,00",sim,
2022,Setembro,9,2022-09,4220,4220,"25.792.869,36","25.792.869,36","0,00",sim,
2022,Outubro,10,2022-10,4239,4239,"26.263.088,99","26.263.088,99","0,00",sim,
2022,Novembro,11,2022-11,4681,4681,"29.561.755,50","29.561.755,50","0,00",sim,
2022,Dezembro,12,2022-12,6903,6903,"37.564.763,30","37.564.763,30","0,00",sim,
2023,Janeiro,1,2023-01,4491,4491,"40.028.692,24","40.028.692,24","0,00",sim,
2023,Fevereiro,2,2023-02,4315,4315,"29.185.912,23","29.185.912,23","0,00",sim,
2023,Março,3,2023-03,4284,4284,"28.088.015,42","28.088.015,42","0,00",sim,
2023,Abril,4,2023-04,6337,6337,"29.161.968,32","29.161.968,32","0,00",sim,
2023,Maio,5,2023-05,4392,4392,"29.786.725,44","29.786.725,44","0,00",sim,
2023,Junho,6,2023-06,4483,4483,"44.976.288,14","44.976.288,14","0,00",sim,
2023,Julho,7,2023-07,4369,4369,"28.919.680,07","28.919.680,07","0,00",sim,
2023,Agosto,8,2023-08,4476,4476,"28.917.427,68","28.917.427,68","0,00",sim,
2023,Setembro,9,2023-09,4408,4408,"29.413.243,52","29.413.243,52","0,00",sim,
2023,Outubro,10,2023-10,4543,4543,"30.667.604,33","30.667.604,33","0,00",sim,
2023,Novembro,11,2023-11,4521,4521,"30.299.481,03","30.299.481,03","0,00",sim,
2023,Dezembro,12,2023-12,6836,6836,"39.750.516,48","39.750.516,48","0,00",sim,
2024,Janeiro,1,2024-01,7353,7353,"46.644.362,78","46.644.362,78","0,00",sim,
2024,Fevereiro,2,2024-02,7012,7012,"33.638.935,95","33.638.935,95","0,00",sim,
2024,Março,3,2024-03,4662,4662,"33.222.572,64","33.222.572,64","0,00",sim,
2024,Abril,4,2024-04,4632,4632,"34.338.861,09","34.338.861,09","0,00",sim,
2024,Maio,5,2024-05,,4803,,"32.961.945,49",,não,o arquivo do mês não tem datastore; só o consolidado 2022-2025 o cobre
2024,Junho,6,2024-06,6945,6945,"48.158.803,75","48.158.803,75","0,00",sim,
2024,Julho,7,2024-07,4638,4638,"33.818.570,72","33.818.570,72","0,00",sim,
2024,Agosto,8,2024-08,,5015,,"34.857.814,30",,não,o arquivo do mês não tem datastore; só o consolidado 2022-2025 o cobre
2024,Setembro,9,2024-09,,5306,,"44.681.815,42",,não,o arquivo do mês não tem datastore; só o consolidado 2022-2025 o cobre
2024,Outubro,10,2024-10,,4809,,"34.456.356,48",,não,o arquivo do mês não tem datastore; só o consolidado 2022-2025 o cobre
2024,Novembro,11,2024-11,4864,4864,"35.543.551,96","35.543.551,96","0,00",sim,
2024,Dezembro,12,2024-12,7275,7275,"45.914.493,52","45.914.493,52","0,00",sim,
2025,Janeiro,1,2025-01,7680,7680,"51.207.007,38","51.207.007,38","0,00",sim,
2025,Fevereiro,2,2025-02,4991,4991,"38.592.048,07","38.592.048,07","0,00",sim,
2025,Março,3,2025-03,7274,7274,"45.966.522,82","45.966.522,82","0,00",sim,
2025,Abril,4,2025-04,4906,4906,"37.204.513,73","37.204.513,73","0,00",sim,
2025,Maio,5,2025-05,4880,,"37.787.009,35",,,não,só o arquivo do mês declara este mês
2025,Junho,6,2025-06,4742,,"52.509.223,72",,,não,só o arquivo do mês declara este mês
2025,Julho,7,2025-07,4835,,"37.842.381,08",,,não,só o arquivo do mês declara este mês
2025,Agosto,8,2025-08,4906,,"37.351.081,97",,,não,só o arquivo do mês declara este mês
2025,Setembro,9,2025-09,4941,,"38.905.382,63",,,não,só o arquivo do mês declara este mês
2025,Outubro,10,2025-10,5006,,"38.435.213,02",,,não,só o arquivo do mês declara este mês
2025,Novembro,11,2025-11,5121,,"38.118.068,59",,,não,só o arquivo do mês declara este mês
2025,Dezembro,12,2025-12,7610,,"48.158.412,56",,,não,só o arquivo do mês declara este mês
2026,Janeiro,1,2026-01,7896,,"53.653.116,53",,,não,só o arquivo do mês declara este mês
2026,Fevereiro,2,2026-02,4916,,"53.186.494,01",,,não,só o arquivo do mês declara este mês
2026,Março,3,2026-03,4998,,"40.323.310,23",,,não,só o arquivo do mês declara este mês
2026,Abril,4,2026-04,7185,,"42.909.031,07",,,não,só o arquivo do mês declara este mês
2026,Maio,5,2026-05,5006,,"43.294.140,90",,,não,só o arquivo do mês declara este mês
2026,Junho,6,2026-06,5483,,"57.653.540,14",,,não,só o arquivo do mês declara este mês
2026,Julho,7,2026-07,5052,,"40.758.709,99",,,não,só o arquivo do mês declara este mês
