ano,mes,mes_numero,linhas_na_folha,matriculas_distintas,folha_creditos,folha_liquido,natureza_3190_empenhado,natureza_3191_empenhado,pessoal_empenhado,natureza_3190_liquidado,natureza_3191_liquidado,pessoal_liquidado,diferenca_creditos_menos_empenhado,ambas_as_fontes
2012,Julho,7,1806,1806,"0,00","10.938.669,56",,,,,,,,não
2012,Agosto,8,1842,1842,"0,00","11.098.435,73",,,,,,,,não
2012,Setembro,9,1833,1833,"0,00","11.266.624,20",,,,,,,,não
2012,Outubro,10,1842,1842,"0,00","11.092.804,71",,,,,,,,não
2012,Novembro,11,1842,1842,"0,00","11.401.744,00",,,,,,,,não
2012,Dezembro,12,1847,1847,"0,00","10.994.367,93",,,,,,,,não
2013,Janeiro,1,1847,1846,"0,00","13.769.045,29",,,,,,,,não
2013,Fevereiro,2,1835,1835,"0,00","12.023.073,82",,,,,,,,não
2013,Março,3,1838,1838,"0,00","11.888.066,41",,,,,,,,não
2013,Abril,4,1820,1820,"0,00","11.584.186,95",,,,,,,,não
2013,Maio,5,1827,1827,"0,00","12.420.391,13",,,,,,,,não
2013,Junho,6,1833,1833,"0,00","16.939.790,24",,,,,,,,não
2013,Julho,7,1832,1832,"0,00","12.154.267,93",,,,,,,,não
2013,Agosto,8,1849,1849,"0,00","12.552.570,55",,,,,,,,não
2013,Setembro,9,1823,1823,"0,00","12.179.492,99",,,,,,,,não
2013,Outubro,10,1853,1853,"20.507.429,32","12.721.813,51",,,,,,,,não
2013,Novembro,11,1822,1822,"20.392.057,85","12.647.923,89",,,,,,,,não
2013,Dezembro,12,1838,1838,"20.050.823,69","12.291.593,17",,,,,,,,não
2014,Janeiro,1,1838,1838,"25.441.407,72","16.690.964,60",,,,,,,,não
2014,Fevereiro,2,1844,1844,"23.513.373,02","14.972.651,63",,,,,,,,não
2014,Março,3,1853,1853,"23.238.207,51","14.498.116,93",,,,,,,,não
2014,Abril,4,1854,1854,"22.829.505,66","14.167.905,05",,,,,,,,não
2014,Maio,5,1862,1862,"23.075.225,86","14.274.139,83",,,,,,,,não
2014,Junho,6,1877,1877,"27.714.867,32","18.843.352,27",,,,,,,,não
2014,Julho,7,1863,1863,"22.915.800,99","14.194.359,98",,,,,,,,não
2014,Agosto,8,1878,1878,"23.160.379,24","14.325.287,39",,,,,,,,não
2014,Setembro,9,1887,1887,"23.594.060,05","14.482.917,23",,,,,,,,não
2014,Outubro,10,1878,1878,"23.421.437,41","14.261.169,81",,,,,,,,não
2014,Novembro,11,1882,1882,"23.509.553,74","14.414.433,11",,,,,,,,não
2014,Dezembro,12,1881,1881,"23.112.542,24","14.080.050,28",,,,,,,,não
2015,Janeiro,1,1676,1676,"26.785.838,27","17.725.057,72",,,,,,,,não
2015,Fevereiro,2,1726,1726,"24.872.848,07","16.082.511,48",,,,,,,,não
2015,Março,3,1785,1785,"24.985.505,27","15.804.816,21",,,,,,,,não
2015,Abril,4,1820,1820,"25.021.912,59","15.689.018,58",,,,,,,,não
2015,Maio,5,1836,1836,"25.325.942,41","15.874.005,96",,,,,,,,não
2015,Junho,6,1847,1847,"31.025.593,41","21.520.988,30",,,,,,,,não
2015,Julho,7,1857,1857,"24.911.506,32","15.361.511,96",,,,,,,,não
2015,Agosto,8,1854,1854,"25.053.599,47","15.546.314,68",,,,,,,,não
2015,Setembro,9,1831,1831,"24.811.359,68","15.217.882,84",,,,,,,,não
2015,Outubro,10,1838,1838,"24.903.712,84","15.218.978,13",,,,,,,,não
2015,Novembro,11,1855,1855,"25.202.241,34","15.451.097,18",,,,,,,,não
2015,Dezembro,12,1860,1860,"24.772.998,48","15.086.142,66",,,,,,,,não
2016,Janeiro,1,1862,1862,"28.070.001,14","18.088.468,70",,,,,,,,não
2016,Fevereiro,2,1867,1867,"26.526.683,05","16.577.755,44",,,,,,,,não
2016,Março,3,1861,1861,"25.833.478,28","15.888.056,89",,,,,,,,não
2016,Abril,4,1861,1861,"26.018.627,43","15.965.344,62",,,,,,,,não
2016,Maio,5,1852,1852,"25.712.000,45","15.661.145,98",,,,,,,,não
2016,Junho,6,1857,1857,"31.516.786,22","21.369.177,95",,,,,,,,não
2016,Julho,7,1859,1859,"25.661.294,03","15.515.650,76",,,,,,,,não
2016,Agosto,8,1863,1863,"25.545.743,98","15.471.328,49",,,,,,,,não
2016,Setembro,9,1845,1845,"25.411.937,52","15.352.403,63",,,,,,,,não
2016,Outubro,10,1861,1861,"27.456.605,16","16.424.047,28",,,,,,,,não
2016,Novembro,11,1870,1870,"27.697.640,05","16.599.968,58",,,,,,,,não
2016,Dezembro,12,1874,1874,"27.245.010,86","16.033.376,36",,,,,,,,não
2017,Janeiro,1,1885,1885,"30.274.283,50","18.739.922,87",,,,,,,,não
2017,Fevereiro,2,1886,1886,"28.279.172,13","16.964.724,23",,,,,,,,não
2017,Março,3,1884,1884,"28.044.653,70","16.544.289,41",,,,,,,,não
2017,Abril,4,1891,1891,"28.231.711,97","16.533.429,24",,,,,,,,não
2017,Maio,5,1889,1889,"27.943.706,46","16.356.357,03",,,,,,,,não
2017,Junho,6,1882,1882,"34.417.975,31","22.712.988,24",,,,,,,,não
2017,Julho,7,1875,1875,"27.959.431,76","16.344.287,51",,,,,,,,não
2017,Agosto,8,1886,1886,"29.211.650,94","16.948.951,73",,,,,,,,não
2017,Setembro,9,1886,1886,"32.132.510,21","20.001.403,89",,,,,,,,não
2017,Outubro,10,1911,1911,"30.714.432,67","20.706.151,67",,,,,,,,não
2017,Novembro,11,1918,1918,"30.695.657,48","21.104.318,64",,,,,,,,não
2017,Dezembro,12,1911,1911,"55.009.200,14","26.222.155,92",,,,,,,,não
2018,Janeiro,1,1912,1912,"42.423.160,91","32.160.816,45",,,,,,,,não
2018,Fevereiro,2,1920,1920,"30.461.762,07","21.051.355,86",,,,,,,,não
2018,Março,3,1933,1933,"33.000.948,04","23.314.859,19",,,,,,,,não
2018,Abril,4,1916,1916,"29.885.544,57","20.346.845,70",,,,,,,,não
2018,Maio,5,1919,1919,"30.282.334,28","20.623.500,48",,,,,,,,não
2018,Junho,6,1923,1923,"38.336.846,19","29.183.311,00",,,,,,,,não
2018,Setembro,9,1938,1938,"32.303.189,83","21.942.561,14",,,,,,,,não
2018,Novembro,11,2156,2156,"33.482.019,66","23.833.743,21",,,,,,,,não
2018,Dezembro,12,1908,1908,"63.010.100,96","32.185.503,98",,,,,,,,não
2019,Janeiro,1,1864,1864,"42.953.834,26","32.271.755,14",,,,,,,,não
2019,Fevereiro,2,1889,1889,"33.269.902,73","24.333.465,38",,,,,,,,não
2019,Março,3,1894,1894,"32.684.333,60","23.440.694,95",,,,,,,,não
2019,Abril,4,1877,1877,"31.984.754,06","22.733.626,83",,,,,,,,não
2019,Maio,5,1881,1881,"31.527.267,98","21.738.962,41",,,,,,,,não
2019,Junho,6,1878,1878,"45.317.389,01","35.320.228,75",,,,,,,,não
2019,Julho,7,1883,1883,"31.885.337,90","21.761.480,16",,,,,,,,não
2019,Agosto,8,1925,1925,"32.572.416,46","22.478.106,52",,,,,,,,não
2019,Setembro,9,3996,1903,"34.401.992,59","24.263.402,31",,,,,,,,não
2019,Outubro,10,3973,1901,"34.658.869,37","24.384.969,62",,,,,,,,não
2019,Novembro,11,3937,1900,"32.817.999,65","22.446.718,64",,,,,,,,não
2019,Dezembro,12,7870,1900,"66.947.489,23","34.902.598,12",,,,,,,,não
2020,Janeiro,1,6153,1890,"48.685.068,47","37.378.515,85",,,,,,,,não
2020,Fevereiro,2,3975,1902,"34.568.092,34","24.389.410,42",,,,,,,,não
2020,Março,3,4717,1892,"35.192.544,80","24.857.096,13",,,,,,,,não
2020,Abril,4,3617,1886,"32.584.915,70","22.053.273,93",,,,,,,,não
2020,Maio,5,3617,1902,"32.164.861,47","20.945.101,48",,,,,,,,não
2020,Junho,6,3432,1895,"41.786.021,51","30.901.372,17",,,,,,,,não
2020,Julho,7,3432,1895,"32.235.763,99","21.277.887,82",,,,,,,,não
2020,Agosto,8,3439,1896,"33.189.436,12","22.272.396,28",,,,,,,,não
2020,Setembro,9,3718,1924,"33.044.579,53","21.735.897,85",,,,,,,,não
2020,Outubro,10,3620,1946,"34.780.653,22","23.395.471,50",,,,,,,,não
2020,Novembro,11,3552,1945,"34.083.026,31","22.375.890,74",,,,,,,,não
2020,Dezembro,12,5595,1935,"64.788.345,76","30.106.862,13",,,,,,,,não
2021,Janeiro,1,4227,1938,"49.482.549,36","36.515.655,68",,,,,,,,não
2021,Fevereiro,2,3641,1933,"35.788.489,12","23.461.918,40",,,,,,,,não
2021,Março,3,3655,1943,"36.581.769,05","24.353.990,85",,,,,,,,não
2021,Abril,4,3707,1940,"43.828.199,71","31.759.027,87",,,,,,,,não
2021,Maio,5,3752,1945,"45.371.872,06","33.111.125,41",,,,,,,,não
2021,Junho,6,3649,1962,"46.815.393,12","34.535.496,41",,,,,,,,não
2021,Julho,7,3729,1991,"36.698.904,99","24.207.767,01",,,,,,,,não
2021,Agosto,8,3700,1986,"36.518.054,43","24.116.600,52",,,,,,,,não
2021,Setembro,9,3764,2004,"36.672.657,87","24.312.258,05",,,,,,,,não
2021,Outubro,10,3751,1999,"36.321.147,24","23.821.531,48",,,,,,,,não
2021,Novembro,11,3858,2011,"36.178.150,86","23.718.033,52",,,,,,,,não
2021,Dezembro,12,6000,2017,"66.876.037,73","30.371.110,47",,,,,,,,não
2022,Janeiro,1,5727,2010,"49.514.778,87","36.315.252,15","30.346.827,04","47.170.000,00","77.516.827,04","28.925.372,76","3.356.792,32","32.282.165,08","'-28.002.048,17",sim
2022,Fevereiro,2,4142,2034,"37.623.719,58","24.900.500,80","52.439.981,76","0,00","52.439.981,76","27.205.892,59","3.391.733,16","30.597.625,75","'-14.816.262,18",sim
2022,Março,3,4155,2065,"37.583.297,00","24.726.327,48","25.579.784,37","0,00","25.579.784,37","27.427.136,81","3.374.850,82","30.801.987,63","12.003.512,63",sim
2022,Abril,4,4194,2077,"40.584.590,93","26.088.368,39","27.961.055,54","0,00","27.961.055,54","29.809.250,72","3.602.352,74","33.411.603,46","12.623.535,39",sim
2022,Maio,5,4169,2081,"40.906.088,30","26.159.764,71","27.559.611,46","0,00","27.559.611,46","29.390.486,84","3.602.674,40","32.993.161,24","13.346.476,84",sim
2022,Junho,6,4147,2077,"51.404.884,72","36.866.518,19","33.934.663,14","0,00","33.934.663,14","36.098.914,19","3.612.591,06","39.711.505,25","17.470.221,58",sim
2022,Julho,7,4158,2106,"40.440.609,98","25.756.086,16","27.265.554,46","0,00","27.265.554,46","29.427.130,03","3.659.813,00","33.086.943,03","13.175.055,52",sim
2022,Agosto,8,4620,2228,"42.310.066,78","27.391.525,24","28.368.212,35","0,00","28.368.212,35","30.888.924,33","3.722.887,46","34.611.811,79","13.941.854,43",sim
2022,Setembro,9,4220,2122,"40.583.117,43","25.792.869,36","27.894.315,74","0,00","27.894.315,74","30.252.850,56","3.746.417,06","33.999.267,62","12.688.801,69",sim
2022,Outubro,10,4239,2119,"41.292.386,15","26.263.088,99","27.859.502,51","0,00","27.859.502,51","30.153.080,26","3.720.112,86","33.873.193,12","13.432.883,64",sim
2022,Novembro,11,4681,2211,"44.442.670,59","29.561.755,50","46.955.102,71","307.534,86","47.262.637,57","33.625.800,58","4.023.977,87","37.649.778,45","'-2.819.966,98",sim
2022,Dezembro,12,6903,2216,"80.868.021,39","37.564.763,30","45.750.382,11","272.158,35","46.022.540,46","53.370.238,38","7.348.242,56","60.718.480,94","34.845.480,93",sim
2023,Janeiro,1,4491,2146,"56.400.430,66","40.028.692,24","30.564.288,14","53.926.000,00","84.490.288,14","27.825.683,52","4.125.975,18","31.951.658,70","'-28.089.857,48",sim
2023,Fevereiro,2,4315,2151,"43.389.156,34","29.185.912,23","59.346.542,05","0,00","59.346.542,05","33.379.532,74","3.973.943,34","37.353.476,08","'-15.957.385,71",sim
2023,Março,3,4284,2160,"42.966.452,22","28.088.015,42","29.598.017,58","0,00","29.598.017,58","31.829.066,69","3.885.101,82","35.714.168,51","13.368.434,64",sim
2023,Abril,4,6337,2177,"44.737.242,35","29.161.968,32","30.451.296,71","0,00","30.451.296,71","32.114.152,23","3.912.320,16","36.026.472,39","14.285.945,64",sim
2023,Maio,5,4392,2189,"45.692.078,04","29.786.725,44","33.249.298,32","0,00","33.249.298,32","35.424.306,83","4.267.332,74","39.691.639,57","12.442.779,72",sim
2023,Junho,6,4483,2197,"60.745.406,47","44.976.288,14","41.992.319,40","0,00","41.992.319,40","44.211.296,37","4.085.690,40","48.296.986,77","18.753.087,07",sim
2023,Julho,7,4369,2204,"45.058.951,91","28.919.680,07","30.890.529,26","0,00","30.890.529,26","33.427.254,73","4.171.885,92","37.599.140,65","14.168.422,65",sim
2023,Agosto,8,4476,2218,"45.000.250,28","28.917.427,68","30.533.739,42","670.320,06","31.204.059,48","32.883.480,18","4.825.640,36","37.709.120,54","13.796.190,80",sim
2023,Setembro,9,4408,2203,"46.646.156,36","29.413.243,52","32.005.056,84","0,00","32.005.056,84","34.545.006,35","4.223.015,78","38.768.022,13","14.641.099,52",sim
2023,Outubro,10,4543,2335,"48.437.872,98","30.667.604,33","32.438.554,57","0,00","32.438.554,57","35.002.870,24","4.239.399,67","39.242.269,91","15.999.318,41",sim
2023,Novembro,11,4521,2340,"47.964.401,92","30.299.481,03","49.157.333,80","0,00","49.157.333,80","35.546.364,11","4.285.297,86","39.831.661,97","'-1.192.931,88",sim
2023,Dezembro,12,6836,2339,"86.227.225,49","39.750.516,48","45.109.609,17","'-266.689,81","44.842.919,36","63.297.089,55","8.254.566,22","71.551.655,77","41.384.306,13",sim
2024,Janeiro,1,7353,2245,"65.646.020,36","46.644.362,78","70.243.348,05","62.296.344,68","132.539.692,73","38.846.320,06","4.562.638,28","43.408.958,34","'-66.893.672,37",sim
2024,Fevereiro,2,7012,2277,"51.132.683,19","33.638.935,95","38.024.086,67","0,00","38.024.086,67","39.044.681,06","4.492.971,36","43.537.652,42","13.108.596,52",sim
2024,Março,3,4662,2292,"50.623.076,19","33.222.572,64","35.925.664,00","403,26","35.926.067,26","38.251.727,68","4.530.219,56","42.781.947,24","14.697.008,93",sim
2024,Abril,4,4632,2314,"51.846.228,83","34.338.861,09","36.641.747,46","0,00","36.641.747,46","38.933.296,53","4.531.333,58","43.464.630,11","15.204.481,37",sim
2024,Maio,5,4803,2335,"50.968.695,29","32.961.945,49","36.743.917,88","0,00","36.743.917,88","39.482.085,47","4.596.220,86","44.078.306,33","14.224.777,41",sim
2024,Junho,6,6945,2350,"67.320.648,34","48.158.803,75","44.532.650,65","0,00","44.532.650,65","47.263.892,38","4.550.927,78","51.814.820,16","22.787.997,69",sim
2024,Julho,7,4638,2361,"52.854.702,40","33.818.570,72","38.905.326,20","0,00","38.905.326,20","41.848.927,30","4.881.572,14","46.730.499,44","13.949.376,20",sim
2024,Agosto,8,5015,2374,"54.242.902,36","34.857.814,30","37.904.003,11","0,00","37.904.003,11","40.849.858,39","4.734.207,44","45.584.065,83","16.338.899,25",sim
2024,Setembro,9,5306,2383,"64.152.894,06","44.681.815,42","46.814.869,34","0,00","46.814.869,34","49.750.549,28","4.761.435,82","54.511.985,10","17.338.024,72",sim
2024,Outubro,10,4809,2382,"53.781.503,13","34.456.356,48","39.233.504,93","0,00","39.233.504,93","42.144.414,12","4.767.301,92","46.911.716,04","14.547.998,20",sim
2024,Novembro,11,4864,2414,"55.448.619,82","35.543.551,96","61.016.667,98","'-1.132.031,61","59.884.636,37","41.106.050,56","4.833.997,92","45.940.048,48","'-4.436.016,55",sim
2024,Dezembro,12,7275,2400,"98.612.023,14","45.914.493,52","48.378.523,95","0,00","48.378.523,95","71.468.889,21","9.322.604,52","80.791.493,73","50.233.499,19",sim
2025,Janeiro,1,7680,2413,"71.917.025,13","51.207.007,38","81.326.361,49","65.000.000,00","146.326.361,49","45.903.901,76","5.103.458,98","51.007.360,74","'-74.409.336,36",sim
2025,Fevereiro,2,4991,2415,"58.220.984,46","38.592.048,07","43.893.267,08","0,00","43.893.267,08","45.196.191,91","5.027.540,34","50.223.732,25","14.327.717,38",sim
2025,Março,3,7274,2436,"65.319.173,75","45.966.522,82","47.335.669,19","0,00","47.335.669,19","50.179.374,00","4.960.723,54","55.140.097,54","17.983.504,56",sim
2025,Abril,4,4906,2446,"56.515.908,22","37.204.513,73","42.747.185,82","60.929,40","42.808.115,22","44.652.154,58","5.150.191,82","49.802.346,40","13.707.793,00",sim
2025,Maio,5,4880,2452,"57.147.877,53","37.787.009,35","40.470.292,49","493.445,65","40.963.738,14","43.430.766,22","4.967.599,09","48.398.365,31","16.184.139,39",sim
2025,Junho,6,4742,2430,"70.564.460,34","52.509.223,72","49.622.465,66","67.180,44","49.689.646,10","52.597.772,65","5.205.826,01","57.803.598,66","20.874.814,24",sim
2025,Julho,7,4835,2453,"55.981.064,77","37.842.381,08","40.002.949,57","0,00","40.002.949,57","43.120.117,37","4.953.908,06","48.074.025,43","15.978.115,20",sim
2025,Agosto,8,4906,2462,"55.919.241,29","37.351.081,97","39.040.788,59","4.499,54","39.045.288,13","42.275.143,73","5.070.799,19","47.345.942,92","16.873.953,16",sim
2025,Setembro,9,4941,2473,"57.397.201,73","38.905.382,63","39.795.080,26","0,00","39.795.080,26","42.997.269,26","4.935.047,32","47.932.316,58","17.602.121,47",sim
2025,Outubro,10,5006,2474,"57.385.298,90","38.435.213,02","41.062.142,74","0,00","41.062.142,74","44.134.409,96","4.933.892,16","49.068.302,12","16.323.156,16",sim
2025,Novembro,11,5121,2596,"56.649.564,88","38.118.068,59","56.974.636,88","'-11.588,94","56.963.047,94","62.026.033,80","5.070.684,75","67.096.718,55","'-313.483,06",sim
2025,Dezembro,12,7610,2598,"101.948.947,69","48.158.412,56","54.395.241,17","'-331.693,25","54.063.547,92","54.447.971,20","9.552.548,07","64.000.519,27","47.885.399,77",sim
2026,Janeiro,1,7896,2578,"72.764.303,76","53.653.116,53","84.142.791,14","64.315.328,22","148.458.119,36","46.852.109,91","5.027.221,02","51.879.330,93","'-75.693.815,60",sim
2026,Fevereiro,2,4916,2451,"71.563.252,49","53.186.494,01","44.631.308,55","532.561,41","45.163.869,96","46.005.533,54","5.015.747,24","51.021.280,78","26.399.382,53",sim
2026,Março,3,4998,2477,"58.973.979,16","40.323.310,23","44.778.303,68","0,00","44.778.303,68","47.527.525,48","4.958.876,61","52.486.402,09","14.195.675,48",sim
2026,Abril,4,7185,2620,"63.169.576,61","42.909.031,07","44.594.105,38","0,00","44.594.105,38","47.644.126,54","5.085.953,89","52.730.080,43","18.575.471,23",sim
2026,Maio,5,5006,2483,"62.310.536,60","43.294.140,90","42.537.751,56","0,00","42.537.751,56","45.666.214,94","5.057.819,75","50.724.034,69","19.772.785,04",sim
2026,Junho,6,5483,2495,"77.097.242,10","57.653.540,14","53.568.522,62","0,00","53.568.522,62","56.782.385,06","5.011.795,15","61.794.180,21","23.528.719,48",sim
2026,Julho,7,5052,2623,"59.849.956,89","40.758.709,99","42.098.239,65","0,00","42.098.239,65","45.488.594,19","4.964.308,73","50.452.902,92","17.751.717,24",sim
