deputado,chave,ano,mes,total_no_quadro,total_nos_comprovantes,diferenca,comprovantes,concordam,as_of_quadro,as_of_comprovantes
CHICO VIGILANTE,CHICO VIGILANTE,2023,1,1414.73,1414.73,0.00,8,sim,2026-09-01,2026-08-11T18:09:30
CHICO VIGILANTE,CHICO VIGILANTE,2023,2,1154.89,1154.89,0.00,6,sim,2026-09-01,2026-08-11T18:09:30
CHICO VIGILANTE,CHICO VIGILANTE,2023,3,1532.14,1532.14,0.00,7,sim,2026-09-01,2026-08-11T18:09:30
CHICO VIGILANTE,CHICO VIGILANTE,2023,4,4031.96,4031.96,0.00,5,sim,2026-09-01,2026-08-11T18:09:30
CHICO VIGILANTE,CHICO VIGILANTE,2023,5,4040.05,4040.05,0.00,7,sim,2026-09-01,2026-08-11T18:09:30
CHICO VIGILANTE,CHICO VIGILANTE,2023,6,4189.11,1189.11,3000.00,6,não,2026-09-01,2026-08-11T18:09:30
CHICO VIGILANTE,CHICO VIGILANTE,2023,7,4199.75,4199.75,0.00,7,sim,2026-09-01,2026-08-11T18:09:30
CHICO VIGILANTE,CHICO VIGILANTE,2023,8,10570.87,19850.87,'-9280.00,9,não,2026-09-01,2026-08-11T18:09:30
CHICO VIGILANTE,CHICO VIGILANTE,2023,9,6512.64,3312.64,3200.00,6,não,2026-09-01,2026-08-11T18:09:30
CHICO VIGILANTE,CHICO VIGILANTE,2023,10,9822.30,9730.79,91.51,8,não,2026-09-01,2026-08-11T18:09:30
CHICO VIGILANTE,CHICO VIGILANTE,2023,11,10008.24,183.02,9825.22,4,não,2026-09-01,2026-08-11T18:09:30
CHICO VIGILANTE,CHICO VIGILANTE,2023,12,9854.38,,,0,não,2026-09-01,2026-08-11T18:09:30
CHICO VIGILANTE,CHICO VIGILANTE,2024,1,10109.16,,,0,não,2026-09-01,2026-08-11T18:09:30
CHICO VIGILANTE,CHICO VIGILANTE,2024,2,15009.91,,,0,não,2026-09-01,2026-08-11T18:09:30
CHICO VIGILANTE,CHICO VIGILANTE,2024,3,15730.33,,,0,não,2026-09-01,2026-08-11T18:09:30
CHICO VIGILANTE,CHICO VIGILANTE,2024,4,15793.20,,,0,não,2026-09-01,2026-08-11T18:09:30
CHICO VIGILANTE,CHICO VIGILANTE,2024,5,16176.64,,,0,não,2026-09-01,2026-08-11T18:09:30
CHICO VIGILANTE,CHICO VIGILANTE,2024,6,10019.26,,,0,não,2026-09-01,2026-08-11T18:09:30
CHICO VIGILANTE,CHICO VIGILANTE,2024,7,10015.98,,,0,não,2026-09-01,2026-08-11T18:09:30
CHICO VIGILANTE,CHICO VIGILANTE,2024,8,9920.33,,,0,não,2026-09-01,2026-08-11T18:09:30
CHICO VIGILANTE,CHICO VIGILANTE,2024,9,15746.94,,,0,não,2026-09-01,2026-08-11T18:09:30
CHICO VIGILANTE,CHICO VIGILANTE,2024,10,15489.54,,,0,não,2026-09-01,2026-08-11T18:09:30
CHICO VIGILANTE,CHICO VIGILANTE,2024,11,15606.48,,,0,não,2026-09-01,2026-08-11T18:09:30
CHICO VIGILANTE,CHICO VIGILANTE,2024,12,14841.78,,,0,não,2026-09-01,2026-08-11T18:09:30
CHICO VIGILANTE,CHICO VIGILANTE,2025,1,15266.72,,,0,não,2026-09-01,2026-08-11T18:09:30
CHICO VIGILANTE,CHICO VIGILANTE,2025,2,15475.33,,,0,não,2026-09-01,2026-08-11T18:09:30
CHICO VIGILANTE,CHICO VIGILANTE,2025,3,15515.16,,,0,não,2026-09-01,2026-08-11T18:09:30
CHICO VIGILANTE,CHICO VIGILANTE,2025,4,15815.26,,,0,não,2026-09-01,2026-08-11T18:09:30
CHICO VIGILANTE,CHICO VIGILANTE,2025,5,16502.54,,,0,não,2026-09-01,2026-08-11T18:09:30
CHICO VIGILANTE,CHICO VIGILANTE,2025,6,16460.09,,,0,não,2026-09-01,2026-08-11T18:09:30
CHICO VIGILANTE,CHICO VIGILANTE,2025,7,14362.77,,,0,não,2026-09-01,2026-08-11T18:09:30
CHICO VIGILANTE,CHICO VIGILANTE,2025,8,14184.00,,,0,não,2026-09-01,2026-08-11T18:09:30
CHICO VIGILANTE,CHICO VIGILANTE,2025,9,14160.92,,,0,não,2026-09-01,2026-08-11T18:09:30
CHICO VIGILANTE,CHICO VIGILANTE,2025,10,14332.24,,,0,não,2026-09-01,2026-08-11T18:09:30
CHICO VIGILANTE,CHICO VIGILANTE,2025,11,14353.56,,,0,não,2026-09-01,2026-08-11T18:09:30
CHICO VIGILANTE,CHICO VIGILANTE,2025,12,14374.88,,,0,não,2026-09-01,2026-08-11T18:09:30
CHICO VIGILANTE,CHICO VIGILANTE,2026,1,14374.88,374.88,14000.00,6,não,2026-09-01,2026-08-11T18:09:30
CHICO VIGILANTE,CHICO VIGILANTE,2026,2,14109.74,,,0,não,2026-09-01,2026-08-11T18:09:30
CHICO VIGILANTE,CHICO VIGILANTE,2026,3,14402.38,,,0,não,2026-09-01,2026-08-11T18:09:30
CHICO VIGILANTE,CHICO VIGILANTE,2026,4,14402.38,14839.14,'-436.76,8,não,2026-09-01,2026-08-11T18:09:30
CHICO VIGILANTE,CHICO VIGILANTE,2026,5,14332.24,75.74,14256.50,1,não,2026-09-01,2026-08-11T18:09:30
CHICO VIGILANTE,CHICO VIGILANTE,2026,6,14375.67,,,0,não,2026-09-01,2026-08-11T18:09:30
DANIEL DONIZET,DANIEL DONIZET,2023,1,0.00,,,0,não,2026-09-01,2026-08-11T18:09:30
DANIEL DONIZET,DANIEL DONIZET,2023,2,7039.12,1539.12,5500.00,6,não,2026-09-01,2026-08-11T18:09:30
DANIEL DONIZET,DANIEL DONIZET,2023,3,12649.65,7449.65,5200.00,8,não,2026-09-01,2026-08-11T18:09:30
DANIEL DONIZET,DANIEL DONIZET,2023,4,12033.67,14233.67,'-2200.00,12,não,2026-09-01,2026-08-11T18:09:30
DANIEL DONIZET,DANIEL DONIZET,2023,5,13973.39,11623.39,2350.00,10,não,2026-09-01,2026-08-11T18:09:30
DANIEL DONIZET,DANIEL DONIZET,2023,6,12936.47,15286.47,'-2350.00,13,não,2026-09-01,2026-08-11T18:09:30
DANIEL DONIZET,DANIEL DONIZET,2023,7,11000.00,10000.00,1000.00,3,não,2026-09-01,2026-08-11T18:09:30
DANIEL DONIZET,DANIEL DONIZET,2023,8,14845.45,15845.45,'-1000.00,12,não,2026-09-01,2026-08-11T18:09:30
DANIEL DONIZET,DANIEL DONIZET,2023,9,13326.53,9826.53,3500.00,10,não,2026-09-01,2026-08-11T18:09:30
DANIEL DONIZET,DANIEL DONIZET,2023,10,13009.97,12000.00,1009.97,4,não,2026-09-01,2026-08-11T18:09:30
DANIEL DONIZET,DANIEL DONIZET,2023,11,13034.67,,,0,não,2026-09-01,2026-08-11T18:09:30
DANIEL DONIZET,DANIEL DONIZET,2023,12,12791.49,,,0,não,2026-09-01,2026-08-11T18:09:30
DANIEL DONIZET,DANIEL DONIZET,2024,1,12200.00,,,0,não,2026-09-01,2026-08-11T18:09:30
DANIEL DONIZET,DANIEL DONIZET,2024,2,14927.90,,,0,não,2026-09-01,2026-08-11T18:09:30
DANIEL DONIZET,DANIEL DONIZET,2024,3,15369.83,,,0,não,2026-09-01,2026-08-11T18:09:30
DANIEL DONIZET,DANIEL DONIZET,2024,4,13255.88,,,0,não,2026-09-01,2026-08-11T18:09:30
DANIEL DONIZET,DANIEL DONIZET,2024,5,15453.04,,,0,não,2026-09-01,2026-08-11T18:09:30
DANIEL DONIZET,DANIEL DONIZET,2024,6,15186.91,,,0,não,2026-09-01,2026-08-11T18:09:30
DANIEL DONIZET,DANIEL DONIZET,2024,7,13500.00,,,0,não,2026-09-01,2026-08-11T18:09:30
DANIEL DONIZET,DANIEL DONIZET,2024,8,15721.98,,,0,não,2026-09-01,2026-08-11T18:09:30
DANIEL DONIZET,DANIEL DONIZET,2024,9,14477.38,,,0,não,2026-09-01,2026-08-11T18:09:30
DANIEL DONIZET,DANIEL DONIZET,2024,10,16511.98,,,0,não,2026-09-01,2026-08-11T18:09:30
DANIEL DONIZET,DANIEL DONIZET,2024,11,16574.05,,,0,não,2026-09-01,2026-08-11T18:09:30
DANIEL DONIZET,DANIEL DONIZET,2024,12,14499.94,,,0,não,2026-09-01,2026-08-11T18:09:30
DANIEL DONIZET,DANIEL DONIZET,2025,1,15240.05,,,0,não,2026-09-01,2026-08-11T18:09:30
DANIEL DONIZET,DANIEL DONIZET,2025,2,15347.10,,,0,não,2026-09-01,2026-08-11T18:09:30
DANIEL DONIZET,DANIEL DONIZET,2025,3,16107.27,,,0,não,2026-09-01,2026-08-11T18:09:30
DANIEL DONIZET,DANIEL DONIZET,2025,4,13700.00,,,0,não,2026-09-01,2026-08-11T18:09:30
DANIEL DONIZET,DANIEL DONIZET,2025,5,12631.47,,,0,não,2026-09-01,2026-08-11T18:09:30
DANIEL DONIZET,DANIEL DONIZET,2025,6,11243.50,,,0,não,2026-09-01,2026-08-11T18:09:30
DANIEL DONIZET,DANIEL DONIZET,2025,7,9000.00,,,0,não,2026-09-01,2026-08-11T18:09:30
DANIEL DONIZET,DANIEL DONIZET,2025,8,9000.00,,,0,não,2026-09-01,2026-08-11T18:09:30
DANIEL DONIZET,DANIEL DONIZET,2025,9,9500.00,,,0,não,2026-09-01,2026-08-11T18:09:30
DANIEL DONIZET,DANIEL DONIZET,2025,10,8500.00,,,0,não,2026-09-01,2026-08-11T18:09:30
DANIEL DONIZET,DANIEL DONIZET,2025,11,14000.00,,,0,não,2026-09-01,2026-08-11T18:09:30
DANIEL DONIZET,DANIEL DONIZET,2025,12,15500.00,,,0,não,2026-09-01,2026-08-11T18:09:30
DANIEL DONIZET,DANIEL DONIZET,2026,1,15000.00,,,0,não,2026-09-01,2026-08-11T18:09:30
DANIEL DONIZET,DANIEL DONIZET,2026,2,15500.00,,,0,não,2026-09-01,2026-08-11T18:09:30
DANIEL DONIZET,DANIEL DONIZET,2026,3,16000.00,,,0,não,2026-09-01,2026-08-11T18:09:30
DANIEL DONIZET,DANIEL DONIZET,2026,4,16499.82,,,0,não,2026-09-01,2026-08-11T18:09:30
DANIEL DONIZET,DANIEL DONIZET,2026,5,16432.39,,,0,não,2026-09-01,2026-08-11T18:09:30
DANIEL DONIZET,DANIEL DONIZET,2026,6,16432.39,,,0,não,2026-09-01,2026-08-11T18:09:30
DAYSE AMARÍLIO DONETTS DINIZ,DAYSE AMARILIO,2023,1,2874.68,2874.68,0.00,3,sim,2026-09-01,2026-08-11T18:09:30
DAYSE AMARÍLIO DONETTS DINIZ,DAYSE AMARILIO,2023,2,12376.29,1076.29,11300.00,4,não,2026-09-01,2026-08-11T18:09:30
DAYSE AMARÍLIO DONETTS DINIZ,DAYSE AMARILIO,2023,3,12377.11,12377.11,0.00,6,sim,2026-09-01,2026-08-11T18:09:30
DAYSE AMARÍLIO DONETTS DINIZ,DAYSE AMARILIO,2023,4,12785.97,12785.97,0.00,7,sim,2026-09-01,2026-08-11T18:09:30
DAYSE AMARÍLIO DONETTS DINIZ,DAYSE AMARILIO,2023,5,12779.46,12779.46,0.00,7,sim,2026-09-01,2026-08-11T18:09:30
DAYSE AMARÍLIO DONETTS DINIZ,DAYSE AMARILIO,2023,6,12193.34,12193.34,0.00,5,sim,2026-09-01,2026-08-11T18:09:30
DAYSE AMARÍLIO DONETTS DINIZ,DAYSE AMARILIO,2023,7,12835.70,12835.70,0.00,7,sim,2026-09-01,2026-08-11T18:09:30
DAYSE AMARÍLIO DONETTS DINIZ,DAYSE AMARILIO,2023,8,13045.32,5045.32,8000.00,7,não,2026-09-01,2026-08-11T18:09:30
DAYSE AMARÍLIO DONETTS DINIZ,DAYSE AMARILIO,2023,9,15254.45,13891.24,1363.21,10,não,2026-09-01,2026-08-11T18:09:30
DAYSE AMARÍLIO DONETTS DINIZ,DAYSE AMARILIO,2023,10,14787.22,13386.72,1400.50,9,não,2026-09-01,2026-08-11T18:09:30
DAYSE AMARÍLIO DONETTS DINIZ,DAYSE AMARILIO,2023,11,15207.57,13755.50,1452.07,10,não,2026-09-01,2026-08-11T18:09:30
DAYSE AMARÍLIO DONETTS DINIZ,DAYSE AMARILIO,2023,12,15136.11,17851.89,'-2715.78,11,não,2026-09-01,2026-08-11T18:09:30
DAYSE AMARÍLIO DONETTS DINIZ,DAYSE AMARILIO,2024,1,14677.42,8000.00,6677.42,1,não,2026-09-01,2026-08-11T18:09:30
DAYSE AMARÍLIO DONETTS DINIZ,DAYSE AMARILIO,2024,2,14928.29,,,0,não,2026-09-01,2026-08-11T18:09:30
DAYSE AMARÍLIO DONETTS DINIZ,DAYSE AMARILIO,2024,3,14734.40,,,0,não,2026-09-01,2026-08-11T18:09:30
DAYSE AMARÍLIO DONETTS DINIZ,DAYSE AMARILIO,2024,4,16222.54,,,0,não,2026-09-01,2026-08-11T18:09:30
DAYSE AMARÍLIO DONETTS DINIZ,DAYSE AMARILIO,2024,5,15597.71,,,0,não,2026-09-01,2026-08-11T18:09:30
DAYSE AMARÍLIO DONETTS DINIZ,DAYSE AMARILIO,2024,6,16155.98,,,0,não,2026-09-01,2026-08-11T18:09:30
DAYSE AMARÍLIO DONETTS DINIZ,DAYSE AMARILIO,2024,7,15520.04,,,0,não,2026-09-01,2026-08-11T18:09:30
DAYSE AMARÍLIO DONETTS DINIZ,DAYSE AMARILIO,2024,8,15482.62,,,0,não,2026-09-01,2026-08-11T18:09:30
DAYSE AMARÍLIO DONETTS DINIZ,DAYSE AMARILIO,2024,9,16011.73,,,0,não,2026-09-01,2026-08-11T18:09:30
DAYSE AMARÍLIO DONETTS DINIZ,DAYSE AMARILIO,2024,10,15895.88,,,0,não,2026-09-01,2026-08-11T18:09:30
DAYSE AMARÍLIO DONETTS DINIZ,DAYSE AMARILIO,2024,11,15663.67,,,0,não,2026-09-01,2026-08-11T18:09:30
DAYSE AMARÍLIO DONETTS DINIZ,DAYSE AMARILIO,2024,12,15807.83,,,0,não,2026-09-01,2026-08-11T18:09:30
DAYSE AMARÍLIO DONETTS DINIZ,DAYSE AMARILIO,2025,1,14696.91,,,0,não,2026-09-01,2026-08-11T18:09:30
DAYSE AMARÍLIO DONETTS DINIZ,DAYSE AMARILIO,2025,2,16060.42,,,0,não,2026-09-01,2026-08-11T18:09:30
DAYSE AMARÍLIO DONETTS DINIZ,DAYSE AMARILIO,2025,3,17003.12,,,0,não,2026-09-01,2026-08-11T18:09:30
DAYSE AMARÍLIO DONETTS DINIZ,DAYSE AMARILIO,2025,4,16711.65,,,0,não,2026-09-01,2026-08-11T18:09:30
DAYSE AMARÍLIO DONETTS DINIZ,DAYSE AMARILIO,2025,5,17751.78,,,0,não,2026-09-01,2026-08-11T18:09:30
DAYSE AMARÍLIO DONETTS DINIZ,DAYSE AMARILIO,2025,6,0.00,,,0,não,2026-09-01,2026-08-11T18:09:30
DAYSE AMARÍLIO DONETTS DINIZ,DAYSE AMARILIO,2025,7,14490.79,,,0,não,2026-09-01,2026-08-11T18:09:30
DAYSE AMARÍLIO DONETTS DINIZ,DAYSE AMARILIO,2025,8,13200.00,,,0,não,2026-09-01,2026-08-11T18:09:30
DAYSE AMARÍLIO DONETTS DINIZ,DAYSE AMARILIO,2025,9,13200.00,,,0,não,2026-09-01,2026-08-11T18:09:30
DAYSE AMARÍLIO DONETTS DINIZ,DAYSE AMARILIO,2025,10,13552.67,,,0,não,2026-09-01,2026-08-11T18:09:30
DAYSE AMARÍLIO DONETTS DINIZ,DAYSE AMARILIO,2025,11,13735.55,,,0,não,2026-09-01,2026-08-11T18:09:30
DAYSE AMARÍLIO DONETTS DINIZ,DAYSE AMARILIO,2025,12,13824.69,,,0,não,2026-09-01,2026-08-11T18:09:30
DAYSE AMARÍLIO DONETTS DINIZ,DAYSE AMARILIO,2026,1,15638.48,,,0,não,2026-09-01,2026-08-11T18:09:30
DAYSE AMARÍLIO DONETTS DINIZ,DAYSE AMARILIO,2026,2,14277.49,,,0,não,2026-09-01,2026-08-11T18:09:30
DAYSE AMARÍLIO DONETTS DINIZ,DAYSE AMARILIO,2026,3,14666.79,,,0,não,2026-09-01,2026-08-11T18:09:30
DAYSE AMARÍLIO DONETTS DINIZ,DAYSE AMARILIO,2026,4,14901.67,,,0,não,2026-09-01,2026-08-11T18:09:30
DAYSE AMARÍLIO DONETTS DINIZ,DAYSE AMARILIO,2026,5,15366.65,,,0,não,2026-09-01,2026-08-11T18:09:30
DAYSE AMARÍLIO DONETTS DINIZ,DAYSE AMARILIO,2026,6,15939.04,,,0,não,2026-09-01,2026-08-11T18:09:30
DRA. JANE,DOUTORA JANE,2023,1,639.21,639.21,0.00,4,sim,2026-09-01,2026-08-11T18:09:30
DRA. JANE,DOUTORA JANE,2023,2,1503.17,1503.17,0.00,7,sim,2026-09-01,2026-08-11T18:09:30
DRA. JANE,DOUTORA JANE,2023,3,7475.37,2675.37,4800.00,13,não,2026-09-01,2026-08-11T18:09:30
DRA. JANE,DOUTORA JANE,2023,4,7037.99,11837.99,'-4800.00,11,não,2026-09-01,2026-08-11T18:09:30
DRA. JANE,DOUTORA JANE,2023,5,12475.06,3715.06,8760.00,19,não,2026-09-01,2026-08-11T18:09:30
DRA. JANE,DOUTORA JANE,2023,6,12475.06,12934.94,'-459.88,26,não,2026-09-01,2026-08-11T18:09:30
DRA. JANE,DOUTORA JANE,2023,7,9795.30,9795.30,0.00,5,sim,2026-09-01,2026-08-11T18:09:30
DRA. JANE,DOUTORA JANE,2023,8,8855.74,12815.74,'-3960.00,22,não,2026-09-01,2026-08-11T18:09:30
DRA. JANE,DOUTORA JANE,2023,9,7347.78,4800.00,2547.78,1,não,2026-09-01,2026-08-11T18:09:30
DRA. JANE,DOUTORA JANE,2023,10,10709.34,,,0,não,2026-09-01,2026-08-11T18:09:30
DRA. JANE,DOUTORA JANE,2023,11,9352.07,,,0,não,2026-09-01,2026-08-11T18:09:30
DRA. JANE,DOUTORA JANE,2023,12,10114.26,,,0,não,2026-09-01,2026-08-11T18:09:30
DRA. JANE,DOUTORA JANE,2024,1,8171.87,,,0,não,2026-09-01,2026-08-11T18:09:30
DRA. JANE,DOUTORA JANE,2024,2,8581.63,,,0,não,2026-09-01,2026-08-11T18:09:30
DRA. JANE,DOUTORA JANE,2024,3,13732.02,,,0,não,2026-09-01,2026-08-11T18:09:30
DRA. JANE,DOUTORA JANE,2024,4,14458.34,,,0,não,2026-09-01,2026-08-11T18:09:30
DRA. JANE,DOUTORA JANE,2024,5,13242.12,,,0,não,2026-09-01,2026-08-11T18:09:30
DRA. JANE,DOUTORA JANE,2024,6,14188.60,,,0,não,2026-09-01,2026-08-11T18:09:30
DRA. JANE,DOUTORA JANE,2024,7,13597.67,,,0,não,2026-09-01,2026-08-11T18:09:30
DRA. JANE,DOUTORA JANE,2024,8,14860.06,,,0,não,2026-09-01,2026-08-11T18:09:30
DRA. JANE,DOUTORA JANE,2024,9,14101.99,,,0,não,2026-09-01,2026-08-11T18:09:30
DRA. JANE,DOUTORA JANE,2024,10,15368.40,,,0,não,2026-09-01,2026-08-11T18:09:30
DRA. JANE,DOUTORA JANE,2024,11,8798.55,,,0,não,2026-09-01,2026-08-11T18:09:30
DRA. JANE,DOUTORA JANE,2024,12,15138.64,,,0,não,2026-09-01,2026-08-11T18:09:30
DRA. JANE,DOUTORA JANE,2025,1,13196.22,,,0,não,2026-09-01,2026-08-11T18:09:30
DRA. JANE,DOUTORA JANE,2025,2,15379.35,,,0,não,2026-09-01,2026-08-11T18:09:30
DRA. JANE,DOUTORA JANE,2025,3,15732.35,,,0,não,2026-09-01,2026-08-11T18:09:30
DRA. JANE,DOUTORA JANE,2025,4,17812.81,,,0,não,2026-09-01,2026-08-11T18:09:30
DRA. JANE,DOUTORA JANE,2025,5,18378.34,,,0,não,2026-09-01,2026-08-11T18:09:30
DRA. JANE,DOUTORA JANE,2025,6,17429.48,,,0,não,2026-09-01,2026-08-11T18:09:30
DRA. JANE,DOUTORA JANE,2025,7,15798.76,,,0,não,2026-09-01,2026-08-11T18:09:30
DRA. JANE,DOUTORA JANE,2025,8,16303.14,,,0,não,2026-09-01,2026-08-11T18:09:30
DRA. JANE,DOUTORA JANE,2025,9,16949.61,,,0,não,2026-09-01,2026-08-11T18:09:30
DRA. JANE,DOUTORA JANE,2025,10,15914.73,,,0,não,2026-09-01,2026-08-11T18:09:30
DRA. JANE,DOUTORA JANE,2025,11,16130.69,,,0,não,2026-09-01,2026-08-11T18:09:30
DRA. JANE,DOUTORA JANE,2025,12,9103.54,,,0,não,2026-09-01,2026-08-11T18:09:30
DRA. JANE,DOUTORA JANE,2026,1,12131.44,6388.40,5743.04,2,não,2026-09-01,2026-08-11T18:09:30
DRA. JANE,DOUTORA JANE,2026,2,12181.45,6531.44,5650.01,3,não,2026-09-01,2026-08-11T18:09:30
DRA. JANE,DOUTORA JANE,2026,3,12268.91,12181.45,87.46,4,não,2026-09-01,2026-08-11T18:09:30
DRA. JANE,DOUTORA JANE,2026,4,16435.60,12268.91,4166.69,4,não,2026-09-01,2026-08-11T18:09:30
DRA. JANE,DOUTORA JANE,2026,5,14256.04,22035.60,'-7779.56,5,não,2026-09-01,2026-08-11T18:09:30
DRA. JANE,DOUTORA JANE,2026,6,14753.57,7867.64,6885.93,2,não,2026-09-01,2026-08-11T18:09:30
EDUARDO PEDROSA,EDUARDO PEDROSA,2023,1,0.00,,,0,não,2026-09-01,2026-08-11T18:09:30
EDUARDO PEDROSA,EDUARDO PEDROSA,2023,2,0.00,,,0,não,2026-09-01,2026-08-11T18:09:30
EDUARDO PEDROSA,EDUARDO PEDROSA,2023,3,0.00,,,0,não,2026-09-01,2026-08-11T18:09:30
EDUARDO PEDROSA,EDUARDO PEDROSA,2023,4,0.00,,,0,não,2026-09-01,2026-08-11T18:09:30
EDUARDO PEDROSA,EDUARDO PEDROSA,2023,5,0.00,,,0,não,2026-09-01,2026-08-11T18:09:30
EDUARDO PEDROSA,EDUARDO PEDROSA,2023,6,0.00,,,0,não,2026-09-01,2026-08-11T18:09:30
EDUARDO PEDROSA,EDUARDO PEDROSA,2023,7,0.00,,,0,não,2026-09-01,2026-08-11T18:09:30
EDUARDO PEDROSA,EDUARDO PEDROSA,2023,8,0.00,,,0,não,2026-09-01,2026-08-11T18:09:30
EDUARDO PEDROSA,EDUARDO PEDROSA,2023,9,0.00,,,0,não,2026-09-01,2026-08-11T18:09:30
EDUARDO PEDROSA,EDUARDO PEDROSA,2023,10,0.00,,,0,não,2026-09-01,2026-08-11T18:09:30
EDUARDO PEDROSA,EDUARDO PEDROSA,2023,11,0.00,,,0,não,2026-09-01,2026-08-11T18:09:30
EDUARDO PEDROSA,EDUARDO PEDROSA,2023,12,0.00,,,0,não,2026-09-01,2026-08-11T18:09:30
EDUARDO PEDROSA,EDUARDO PEDROSA,2024,1,0.00,,,0,não,2026-09-01,2026-08-11T18:09:30
EDUARDO PEDROSA,EDUARDO PEDROSA,2024,2,0.00,,,0,não,2026-09-01,2026-08-11T18:09:30
EDUARDO PEDROSA,EDUARDO PEDROSA,2024,3,0.00,,,0,não,2026-09-01,2026-08-11T18:09:30
EDUARDO PEDROSA,EDUARDO PEDROSA,2024,4,0.00,,,0,não,2026-09-01,2026-08-11T18:09:30
EDUARDO PEDROSA,EDUARDO PEDROSA,2024,5,0.00,,,0,não,2026-09-01,2026-08-11T18:09:30
EDUARDO PEDROSA,EDUARDO PEDROSA,2024,6,0.00,,,0,não,2026-09-01,2026-08-11T18:09:30
EDUARDO PEDROSA,EDUARDO PEDROSA,2024,7,0.00,,,0,não,2026-09-01,2026-08-11T18:09:30
EDUARDO PEDROSA,EDUARDO PEDROSA,2024,8,0.00,,,0,não,2026-09-01,2026-08-11T18:09:30
EDUARDO PEDROSA,EDUARDO PEDROSA,2024,9,0.00,,,0,não,2026-09-01,2026-08-11T18:09:30
EDUARDO PEDROSA,EDUARDO PEDROSA,2024,10,0.00,,,0,não,2026-09-01,2026-08-11T18:09:30
EDUARDO PEDROSA,EDUARDO PEDROSA,2024,11,0.00,,,0,não,2026-09-01,2026-08-11T18:09:30
EDUARDO PEDROSA,EDUARDO PEDROSA,2024,12,0.00,,,0,não,2026-09-01,2026-08-11T18:09:30
EDUARDO PEDROSA,EDUARDO PEDROSA,2025,1,0.00,,,0,não,2026-09-01,2026-08-11T18:09:30
EDUARDO PEDROSA,EDUARDO PEDROSA,2025,2,0.00,,,0,não,2026-09-01,2026-08-11T18:09:30
EDUARDO PEDROSA,EDUARDO PEDROSA,2025,3,0.00,,,0,não,2026-09-01,2026-08-11T18:09:30
EDUARDO PEDROSA,EDUARDO PEDROSA,2025,4,0.00,,,0,não,2026-09-01,2026-08-11T18:09:30
EDUARDO PEDROSA,EDUARDO PEDROSA,2025,5,0.00,,,0,não,2026-09-01,2026-08-11T18:09:30
EDUARDO PEDROSA,EDUARDO PEDROSA,2025,6,0.00,,,0,não,2026-09-01,2026-08-11T18:09:30
EDUARDO PEDROSA,EDUARDO PEDROSA,2025,7,0.00,,,0,não,2026-09-01,2026-08-11T18:09:30
EDUARDO PEDROSA,EDUARDO PEDROSA,2025,8,0.00,,,0,não,2026-09-01,2026-08-11T18:09:30
EDUARDO PEDROSA,EDUARDO PEDROSA,2025,9,0.00,,,0,não,2026-09-01,2026-08-11T18:09:30
EDUARDO PEDROSA,EDUARDO PEDROSA,2025,10,0.00,,,0,não,2026-09-01,2026-08-11T18:09:30
EDUARDO PEDROSA,EDUARDO PEDROSA,2025,11,0.00,,,0,não,2026-09-01,2026-08-11T18:09:30
EDUARDO PEDROSA,EDUARDO PEDROSA,2025,12,0.00,,,0,não,2026-09-01,2026-08-11T18:09:30
EDUARDO PEDROSA,EDUARDO PEDROSA,2026,1,0.00,,,0,não,2026-09-01,2026-08-11T18:09:30
EDUARDO PEDROSA,EDUARDO PEDROSA,2026,2,0.00,,,0,não,2026-09-01,2026-08-11T18:09:30
EDUARDO PEDROSA,EDUARDO PEDROSA,2026,3,0.00,,,0,não,2026-09-01,2026-08-11T18:09:30
EDUARDO PEDROSA,EDUARDO PEDROSA,2026,4,0.00,,,0,não,2026-09-01,2026-08-11T18:09:30
EDUARDO PEDROSA,EDUARDO PEDROSA,2026,5,0.00,,,0,não,2026-09-01,2026-08-11T18:09:30
EDUARDO PEDROSA,EDUARDO PEDROSA,2026,6,0.00,,,0,não,2026-09-01,2026-08-11T18:09:30
FÁBIO FÉLIX,FABIO FELIX,2023,1,2700.00,,,0,não,2026-09-01,2026-08-11T18:09:30
FÁBIO FÉLIX,FABIO FELIX,2023,2,2700.00,2700.00,0.00,1,sim,2026-09-01,2026-08-11T18:09:30
FÁBIO FÉLIX,FABIO FELIX,2023,3,2700.00,2700.00,0.00,1,sim,2026-09-01,2026-08-11T18:09:30
FÁBIO FÉLIX,FABIO FELIX,2023,4,2700.00,2700.00,0.00,1,sim,2026-09-01,2026-08-11T18:09:30
FÁBIO FÉLIX,FABIO FELIX,2023,5,2700.00,2700.00,0.00,1,sim,2026-09-01,2026-08-11T18:09:30
FÁBIO FÉLIX,FABIO FELIX,2023,6,2700.00,2700.00,0.00,1,sim,2026-09-01,2026-08-11T18:09:30
FÁBIO FÉLIX,FABIO FELIX,2023,7,2700.00,2700.00,0.00,1,sim,2026-09-01,2026-08-11T18:09:30
FÁBIO FÉLIX,FABIO FELIX,2023,8,2700.00,2700.00,0.00,1,sim,2026-09-01,2026-08-11T18:09:30
FÁBIO FÉLIX,FABIO FELIX,2023,9,9864.99,5400.00,4464.99,2,não,2026-09-01,2026-08-11T18:09:30
FÁBIO FÉLIX,FABIO FELIX,2023,10,7366.29,7252.27,114.02,2,não,2026-09-01,2026-08-11T18:09:30
FÁBIO FÉLIX,FABIO FELIX,2023,11,7651.55,8440.56,'-789.01,8,não,2026-09-01,2026-08-11T18:09:30
FÁBIO FÉLIX,FABIO FELIX,2023,12,7504.93,7505.97,'-1.04,6,não,2026-09-01,2026-08-11T18:09:30
FÁBIO FÉLIX,FABIO FELIX,2024,1,10654.38,2700.00,7954.38,1,não,2026-09-01,2026-08-11T18:09:30
FÁBIO FÉLIX,FABIO FELIX,2024,2,10654.33,,,0,não,2026-09-01,2026-08-11T18:09:30
FÁBIO FÉLIX,FABIO FELIX,2024,3,12468.18,,,0,não,2026-09-01,2026-08-11T18:09:30
FÁBIO FÉLIX,FABIO FELIX,2024,4,9714.38,,,0,não,2026-09-01,2026-08-11T18:09:30
FÁBIO FÉLIX,FABIO FELIX,2024,5,9633.14,,,0,não,2026-09-01,2026-08-11T18:09:30
FÁBIO FÉLIX,FABIO FELIX,2024,6,9619.73,,,0,não,2026-09-01,2026-08-11T18:09:30
FÁBIO FÉLIX,FABIO FELIX,2024,7,10493.83,,,0,não,2026-09-01,2026-08-11T18:09:30
FÁBIO FÉLIX,FABIO FELIX,2024,8,9596.53,,,0,não,2026-09-01,2026-08-11T18:09:30
FÁBIO FÉLIX,FABIO FELIX,2024,9,10525.85,,,0,não,2026-09-01,2026-08-11T18:09:30
FÁBIO FÉLIX,FABIO FELIX,2024,10,10571.97,,,0,não,2026-09-01,2026-08-11T18:09:30
FÁBIO FÉLIX,FABIO FELIX,2024,11,11052.05,,,0,não,2026-09-01,2026-08-11T18:09:30
FÁBIO FÉLIX,FABIO FELIX,2024,12,11006.47,,,0,não,2026-09-01,2026-08-11T18:09:30
FÁBIO FÉLIX,FABIO FELIX,2025,1,10999.16,,,0,não,2026-09-01,2026-08-11T18:09:30
FÁBIO FÉLIX,FABIO FELIX,2025,2,11659.43,,,0,não,2026-09-01,2026-08-11T18:09:30
FÁBIO FÉLIX,FABIO FELIX,2025,3,12189.92,,,0,não,2026-09-01,2026-08-11T18:09:30
FÁBIO FÉLIX,FABIO FELIX,2025,4,12785.79,,,0,não,2026-09-01,2026-08-11T18:09:30
FÁBIO FÉLIX,FABIO FELIX,2025,5,6401.27,,,0,não,2026-09-01,2026-08-11T18:09:30
FÁBIO FÉLIX,FABIO FELIX,2025,6,10640.28,,,0,não,2026-09-01,2026-08-11T18:09:30
FÁBIO FÉLIX,FABIO FELIX,2025,7,12229.33,,,0,não,2026-09-01,2026-08-11T18:09:30
FÁBIO FÉLIX,FABIO FELIX,2025,8,11949.05,,,0,não,2026-09-01,2026-08-11T18:09:30
FÁBIO FÉLIX,FABIO FELIX,2025,9,10910.34,,,0,não,2026-09-01,2026-08-11T18:09:30
FÁBIO FÉLIX,FABIO FELIX,2025,10,10932.36,,,0,não,2026-09-01,2026-08-11T18:09:30
FÁBIO FÉLIX,FABIO FELIX,2025,11,10932.36,,,0,não,2026-09-01,2026-08-11T18:09:30
FÁBIO FÉLIX,FABIO FELIX,2025,12,10962.84,,,0,não,2026-09-01,2026-08-11T18:09:30
FÁBIO FÉLIX,FABIO FELIX,2026,1,13727.90,,,0,não,2026-09-01,2026-08-11T18:09:30
FÁBIO FÉLIX,FABIO FELIX,2026,2,13736.31,,,0,não,2026-09-01,2026-08-11T18:09:30
FÁBIO FÉLIX,FABIO FELIX,2026,3,14655.81,,,0,não,2026-09-01,2026-08-11T18:09:30
FÁBIO FÉLIX,FABIO FELIX,2026,4,13685.45,,,0,não,2026-09-01,2026-08-11T18:09:30
FÁBIO FÉLIX,FABIO FELIX,2026,5,14352.24,,,0,não,2026-09-01,2026-08-11T18:09:30
FÁBIO FÉLIX,FABIO FELIX,2026,6,12009.48,,,0,não,2026-09-01,2026-08-11T18:09:30
,GABRIEL MAGNO,2022,12,,179.60,,1,não,2026-09-01,2026-08-11T18:09:30
GABRIEL MAGNO,GABRIEL MAGNO,2023,1,8445.84,8445.84,0.00,4,sim,2026-09-01,2026-08-11T18:09:30
GABRIEL MAGNO,GABRIEL MAGNO,2023,2,9784.52,,,0,não,2026-09-01,2026-08-11T18:09:30
GABRIEL MAGNO,GABRIEL MAGNO,2023,3,9330.88,18573.14,'-9242.26,10,não,2026-09-01,2026-08-11T18:09:30
GABRIEL MAGNO,GABRIEL MAGNO,2023,4,9337.97,9337.97,0.00,6,sim,2026-09-01,2026-08-11T18:09:30
GABRIEL MAGNO,GABRIEL MAGNO,2023,5,9917.62,10577.60,'-659.98,12,não,2026-09-01,2026-08-11T18:09:30
GABRIEL MAGNO,GABRIEL MAGNO,2023,6,10823.59,619.82,10203.77,3,não,2026-09-01,2026-08-11T18:09:30
GABRIEL MAGNO,GABRIEL MAGNO,2023,7,10449.52,872.40,9577.12,5,não,2026-09-01,2026-08-11T18:09:30
GABRIEL MAGNO,GABRIEL MAGNO,2023,8,10455.40,9827.36,628.04,9,não,2026-09-01,2026-08-11T18:09:30
GABRIEL MAGNO,GABRIEL MAGNO,2023,9,12255.95,10913.67,1342.28,11,não,2026-09-01,2026-08-11T18:09:30
GABRIEL MAGNO,GABRIEL MAGNO,2023,10,11767.79,21322.21,'-9554.42,17,não,2026-09-01,2026-08-11T18:09:30
GABRIEL MAGNO,GABRIEL MAGNO,2023,11,11478.39,11479.92,'-1.53,10,não,2026-09-01,2026-08-11T18:09:30
GABRIEL MAGNO,GABRIEL MAGNO,2023,12,14885.33,14886.86,'-1.53,10,não,2026-09-01,2026-08-11T18:09:30
GABRIEL MAGNO,GABRIEL MAGNO,2024,1,13751.17,,,0,não,2026-09-01,2026-08-11T18:09:30
GABRIEL MAGNO,GABRIEL MAGNO,2024,2,16675.73,,,0,não,2026-09-01,2026-08-11T18:09:30
GABRIEL MAGNO,GABRIEL MAGNO,2024,3,16985.08,,,0,não,2026-09-01,2026-08-11T18:09:30
GABRIEL MAGNO,GABRIEL MAGNO,2024,4,17247.18,,,0,não,2026-09-01,2026-08-11T18:09:30
GABRIEL MAGNO,GABRIEL MAGNO,2024,5,17730.48,,,0,não,2026-09-01,2026-08-11T18:09:30
GABRIEL MAGNO,GABRIEL MAGNO,2024,6,16442.81,,,0,não,2026-09-01,2026-08-11T18:09:30
GABRIEL MAGNO,GABRIEL MAGNO,2024,7,16200.09,,,0,não,2026-09-01,2026-08-11T18:09:30
GABRIEL MAGNO,GABRIEL MAGNO,2024,8,16323.32,,,0,não,2026-09-01,2026-08-11T18:09:30
GABRIEL MAGNO,GABRIEL MAGNO,2024,9,16385.47,,,0,não,2026-09-01,2026-08-11T18:09:30
GABRIEL MAGNO,GABRIEL MAGNO,2024,10,16355.91,,,0,não,2026-09-01,2026-08-11T18:09:30
GABRIEL MAGNO,GABRIEL MAGNO,2024,11,16046.58,,,0,não,2026-09-01,2026-08-11T18:09:30
GABRIEL MAGNO,GABRIEL MAGNO,2024,12,16018.75,,,0,não,2026-09-01,2026-08-11T18:09:30
GABRIEL MAGNO,GABRIEL MAGNO,2025,1,16476.33,,,0,não,2026-09-01,2026-08-11T18:09:30
GABRIEL MAGNO,GABRIEL MAGNO,2025,2,16525.53,,,0,não,2026-09-01,2026-08-11T18:09:30
GABRIEL MAGNO,GABRIEL MAGNO,2025,3,17375.45,,,0,não,2026-09-01,2026-08-11T18:09:30
GABRIEL MAGNO,GABRIEL MAGNO,2025,4,17441.49,,,0,não,2026-09-01,2026-08-11T18:09:30
GABRIEL MAGNO,GABRIEL MAGNO,2025,5,17424.42,,,0,não,2026-09-01,2026-08-11T18:09:30
GABRIEL MAGNO,GABRIEL MAGNO,2025,6,17505.20,,,0,não,2026-09-01,2026-08-11T18:09:30
GABRIEL MAGNO,GABRIEL MAGNO,2025,7,17828.96,,,0,não,2026-09-01,2026-08-11T18:09:30
GABRIEL MAGNO,GABRIEL MAGNO,2025,8,15003.00,,,0,não,2026-09-01,2026-08-11T18:09:30
GABRIEL MAGNO,GABRIEL MAGNO,2025,9,15003.00,,,0,não,2026-09-01,2026-08-11T18:09:30
GABRIEL MAGNO,GABRIEL MAGNO,2025,10,15003.00,,,0,não,2026-09-01,2026-08-11T18:09:30
GABRIEL MAGNO,GABRIEL MAGNO,2025,11,15003.00,,,0,não,2026-09-01,2026-08-11T18:09:30
GABRIEL MAGNO,GABRIEL MAGNO,2025,12,15003.00,,,0,não,2026-09-01,2026-08-11T18:09:30
GABRIEL MAGNO,GABRIEL MAGNO,2026,1,15003.00,,,0,não,2026-09-01,2026-08-11T18:09:30
GABRIEL MAGNO,GABRIEL MAGNO,2026,2,15003.00,,,0,não,2026-09-01,2026-08-11T18:09:30
GABRIEL MAGNO,GABRIEL MAGNO,2026,3,15003.00,,,0,não,2026-09-01,2026-08-11T18:09:30
GABRIEL MAGNO,GABRIEL MAGNO,2026,4,15144.78,,,0,não,2026-09-01,2026-08-11T18:09:30
GABRIEL MAGNO,GABRIEL MAGNO,2026,5,15144.78,,,0,não,2026-09-01,2026-08-11T18:09:30
GABRIEL MAGNO,GABRIEL MAGNO,2026,6,15144.78,,,0,não,2026-09-01,2026-08-11T18:09:30
HERMETO,HERMETO,2023,1,0.00,13624.65,'-13624.65,10,não,2026-09-01,2026-08-11T18:09:30
HERMETO,HERMETO,2023,2,10994.56,10994.56,0.00,9,sim,2026-09-01,2026-08-11T18:09:30
HERMETO,HERMETO,2023,3,12083.51,12083.51,0.00,15,sim,2026-09-01,2026-08-11T18:09:30
HERMETO,HERMETO,2023,4,11781.66,11781.66,0.00,12,sim,2026-09-01,2026-08-11T18:09:30
HERMETO,HERMETO,2023,5,11121.71,11121.71,0.00,12,sim,2026-09-01,2026-08-11T18:09:30
HERMETO,HERMETO,2023,6,11762.27,11762.27,0.00,12,sim,2026-09-01,2026-08-11T18:09:30
HERMETO,HERMETO,2023,7,15704.82,15795.31,'-90.49,15,não,2026-09-01,2026-08-11T18:09:30
HERMETO,HERMETO,2023,8,15439.34,15597.55,'-158.21,14,não,2026-09-01,2026-08-11T18:09:30
HERMETO,HERMETO,2023,9,15824.06,15435.36,388.70,13,não,2026-09-01,2026-08-11T18:09:30
HERMETO,HERMETO,2023,10,15968.44,15477.13,491.31,15,não,2026-09-01,2026-08-11T18:09:30
HERMETO,HERMETO,2023,11,16073.00,16178.82,'-105.82,16,não,2026-09-01,2026-08-11T18:09:30
HERMETO,HERMETO,2023,12,16399.93,15613.25,786.68,14,não,2026-09-01,2026-08-11T18:09:30
HERMETO,HERMETO,2024,1,14484.59,,,0,não,2026-09-01,2026-08-11T18:09:30
HERMETO,HERMETO,2024,2,15707.03,,,0,não,2026-09-01,2026-08-11T18:09:30
HERMETO,HERMETO,2024,3,15393.57,,,0,não,2026-09-01,2026-08-11T18:09:30
HERMETO,HERMETO,2024,4,15626.68,,,0,não,2026-09-01,2026-08-11T18:09:30
HERMETO,HERMETO,2024,5,15481.31,,,0,não,2026-09-01,2026-08-11T18:09:30
HERMETO,HERMETO,2024,6,14717.86,,,0,não,2026-09-01,2026-08-11T18:09:30
HERMETO,HERMETO,2024,7,14613.81,,,0,não,2026-09-01,2026-08-11T18:09:30
HERMETO,HERMETO,2024,8,15343.97,,,0,não,2026-09-01,2026-08-11T18:09:30
HERMETO,HERMETO,2024,9,15022.31,,,0,não,2026-09-01,2026-08-11T18:09:30
HERMETO,HERMETO,2024,10,16139.91,,,0,não,2026-09-01,2026-08-11T18:09:30
HERMETO,HERMETO,2024,11,15638.62,,,0,não,2026-09-01,2026-08-11T18:09:30
HERMETO,HERMETO,2024,12,15736.66,,,0,não,2026-09-01,2026-08-11T18:09:30
HERMETO,HERMETO,2025,1,15574.47,,,0,não,2026-09-01,2026-08-11T18:09:30
HERMETO,HERMETO,2025,2,16819.32,,,0,não,2026-09-01,2026-08-11T18:09:30
HERMETO,HERMETO,2025,3,16620.88,,,0,não,2026-09-01,2026-08-11T18:09:30
HERMETO,HERMETO,2025,4,17147.04,,,0,não,2026-09-01,2026-08-11T18:09:30
HERMETO,HERMETO,2025,5,17356.91,,,0,não,2026-09-01,2026-08-11T18:09:30
HERMETO,HERMETO,2025,6,16624.88,,,0,não,2026-09-01,2026-08-11T18:09:30
HERMETO,HERMETO,2025,7,14667.45,,,0,não,2026-09-01,2026-08-11T18:09:30
HERMETO,HERMETO,2025,8,14917.10,,,0,não,2026-09-01,2026-08-11T18:09:30
HERMETO,HERMETO,2025,9,14774.14,,,0,não,2026-09-01,2026-08-11T18:09:30
HERMETO,HERMETO,2025,10,15088.30,,,0,não,2026-09-01,2026-08-11T18:09:30
HERMETO,HERMETO,2025,11,15124.50,,,0,não,2026-09-01,2026-08-11T18:09:30
HERMETO,HERMETO,2025,12,15134.24,,,0,não,2026-09-01,2026-08-11T18:09:30
HERMETO,HERMETO,2026,1,15066.33,15196.95,'-130.62,6,não,2026-09-01,2026-08-11T18:09:30
HERMETO,HERMETO,2026,2,15080.88,15195.59,'-114.71,6,não,2026-09-01,2026-08-11T18:09:30
HERMETO,HERMETO,2026,3,15040.12,15159.79,'-119.67,6,não,2026-09-01,2026-08-11T18:09:30
HERMETO,HERMETO,2026,4,17118.58,17250.92,'-132.34,6,não,2026-09-01,2026-08-11T18:09:30
HERMETO,HERMETO,2026,5,17026.00,,,0,não,2026-09-01,2026-08-11T18:09:30
HERMETO,HERMETO,2026,6,16746.00,17137.37,'-391.37,6,não,2026-09-01,2026-08-11T18:09:30
IOLANDO ALMEIDA,IOLANDO,2023,1,5500.00,4000.00,1500.00,1,não,2026-09-01,2026-08-11T18:09:30
IOLANDO ALMEIDA,IOLANDO,2023,2,9949.27,6949.27,3000.00,3,não,2026-09-01,2026-08-11T18:09:30
IOLANDO ALMEIDA,IOLANDO,2023,3,15391.50,15391.50,0.00,4,sim,2026-09-01,2026-08-11T18:09:30
IOLANDO ALMEIDA,IOLANDO,2023,4,16990.38,10800.00,6190.38,2,não,2026-09-01,2026-08-11T18:09:30
IOLANDO ALMEIDA,IOLANDO,2023,5,16018.00,16990.38,'-972.38,4,não,2026-09-01,2026-08-11T18:09:30
IOLANDO ALMEIDA,IOLANDO,2023,6,17874.38,20018.00,'-2143.62,5,não,2026-09-01,2026-08-11T18:09:30
IOLANDO ALMEIDA,IOLANDO,2023,7,16775.29,10475.29,6300.00,3,não,2026-09-01,2026-08-11T18:09:30
IOLANDO ALMEIDA,IOLANDO,2023,8,17830.21,15300.00,2530.21,3,não,2026-09-01,2026-08-11T18:09:30
IOLANDO ALMEIDA,IOLANDO,2023,9,17694.90,13830.21,3864.69,3,não,2026-09-01,2026-08-11T18:09:30
IOLANDO ALMEIDA,IOLANDO,2023,10,17319.90,,,0,não,2026-09-01,2026-08-11T18:09:30
IOLANDO ALMEIDA,IOLANDO,2023,11,17967.51,,,0,não,2026-09-01,2026-08-11T18:09:30
IOLANDO ALMEIDA,IOLANDO,2023,12,18340.06,,,0,não,2026-09-01,2026-08-11T18:09:30
IOLANDO ALMEIDA,IOLANDO,2024,1,16724.08,,,0,não,2026-09-01,2026-08-11T18:09:30
IOLANDO ALMEIDA,IOLANDO,2024,2,17331.28,,,0,não,2026-09-01,2026-08-11T18:09:30
IOLANDO ALMEIDA,IOLANDO,2024,3,17833.12,,,0,não,2026-09-01,2026-08-11T18:09:30
IOLANDO ALMEIDA,IOLANDO,2024,4,17302.41,,,0,não,2026-09-01,2026-08-11T18:09:30
IOLANDO ALMEIDA,IOLANDO,2024,5,12989.28,,,0,não,2026-09-01,2026-08-11T18:09:30
IOLANDO ALMEIDA,IOLANDO,2024,6,13021.66,,,0,não,2026-09-01,2026-08-11T18:09:30
IOLANDO ALMEIDA,IOLANDO,2024,7,12611.06,,,0,não,2026-09-01,2026-08-11T18:09:30
IOLANDO ALMEIDA,IOLANDO,2024,8,13571.31,,,0,não,2026-09-01,2026-08-11T18:09:30
IOLANDO ALMEIDA,IOLANDO,2024,9,16603.90,,,0,não,2026-09-01,2026-08-11T18:09:30
IOLANDO ALMEIDA,IOLANDO,2024,10,17089.00,,,0,não,2026-09-01,2026-08-11T18:09:30
IOLANDO ALMEIDA,IOLANDO,2024,11,19803.83,,,0,não,2026-09-01,2026-08-11T18:09:30
IOLANDO ALMEIDA,IOLANDO,2024,12,18914.64,,,0,não,2026-09-01,2026-08-11T18:09:30
IOLANDO ALMEIDA,IOLANDO,2025,1,18353.45,,,0,não,2026-09-01,2026-08-11T18:09:30
IOLANDO ALMEIDA,IOLANDO,2025,2,20583.83,,,0,não,2026-09-01,2026-08-11T18:09:30
IOLANDO ALMEIDA,IOLANDO,2025,3,18379.19,,,0,não,2026-09-01,2026-08-11T18:09:30
IOLANDO ALMEIDA,IOLANDO,2025,4,18123.50,,,0,não,2026-09-01,2026-08-11T18:09:30
IOLANDO ALMEIDA,IOLANDO,2025,5,18424.85,,,0,não,2026-09-01,2026-08-11T18:09:30
IOLANDO ALMEIDA,IOLANDO,2025,6,17928.73,,,0,não,2026-09-01,2026-08-11T18:09:30
IOLANDO ALMEIDA,IOLANDO,2025,7,15941.89,,,0,não,2026-09-01,2026-08-11T18:09:30
IOLANDO ALMEIDA,IOLANDO,2025,8,15600.00,,,0,não,2026-09-01,2026-08-11T18:09:30
IOLANDO ALMEIDA,IOLANDO,2025,9,15600.00,,,0,não,2026-09-01,2026-08-11T18:09:30
IOLANDO ALMEIDA,IOLANDO,2025,10,15600.00,,,0,não,2026-09-01,2026-08-11T18:09:30
IOLANDO ALMEIDA,IOLANDO,2025,11,15600.00,,,0,não,2026-09-01,2026-08-11T18:09:30
IOLANDO ALMEIDA,IOLANDO,2025,12,15600.00,,,0,não,2026-09-01,2026-08-11T18:09:30
IOLANDO ALMEIDA,IOLANDO,2026,1,17600.00,,,0,não,2026-09-01,2026-08-11T18:09:30
IOLANDO ALMEIDA,IOLANDO,2026,2,17600.00,,,0,não,2026-09-01,2026-08-11T18:09:30
IOLANDO ALMEIDA,IOLANDO,2026,3,17600.00,,,0,não,2026-09-01,2026-08-11T18:09:30
IOLANDO ALMEIDA,IOLANDO,2026,4,17600.00,,,0,não,2026-09-01,2026-08-11T18:09:30
IOLANDO ALMEIDA,IOLANDO,2026,5,17600.00,,,0,não,2026-09-01,2026-08-11T18:09:30
IOLANDO ALMEIDA,IOLANDO,2026,6,17600.00,,,0,não,2026-09-01,2026-08-11T18:09:30
JAQUELINE SILVA,JAQUELINE SILVA,2023,1,0.00,,,0,não,2026-09-01,2026-08-11T18:09:30
JAQUELINE SILVA,JAQUELINE SILVA,2023,2,0.00,,,0,não,2026-09-01,2026-08-11T18:09:30
JAQUELINE SILVA,JAQUELINE SILVA,2023,3,0.00,,,0,não,2026-09-01,2026-08-11T18:09:30
JAQUELINE SILVA,JAQUELINE SILVA,2023,4,0.00,,,0,não,2026-09-01,2026-08-11T18:09:30
JAQUELINE SILVA,JAQUELINE SILVA,2023,5,0.00,,,0,não,2026-09-01,2026-08-11T18:09:30
JAQUELINE SILVA,JAQUELINE SILVA,2023,6,0.00,,,0,não,2026-09-01,2026-08-11T18:09:30
JAQUELINE SILVA,JAQUELINE SILVA,2023,7,0.00,,,0,não,2026-09-01,2026-08-11T18:09:30
JAQUELINE SILVA,JAQUELINE SILVA,2023,8,0.00,,,0,não,2026-09-01,2026-08-11T18:09:30
JAQUELINE SILVA,JAQUELINE SILVA,2023,9,2000.00,,,0,não,2026-09-01,2026-08-11T18:09:30
JAQUELINE SILVA,JAQUELINE SILVA,2023,10,5000.00,2000.00,3000.00,1,não,2026-09-01,2026-08-11T18:09:30
JAQUELINE SILVA,JAQUELINE SILVA,2023,11,6541.00,6541.00,0.00,10,sim,2026-09-01,2026-08-11T18:09:30
JAQUELINE SILVA,JAQUELINE SILVA,2023,12,0.00,5000.00,'-5000.00,1,não,2026-09-01,2026-08-11T18:09:30
JAQUELINE SILVA,JAQUELINE SILVA,2024,1,11649.99,,,0,não,2026-09-01,2026-08-11T18:09:30
JAQUELINE SILVA,JAQUELINE SILVA,2024,2,11752.23,,,0,não,2026-09-01,2026-08-11T18:09:30
JAQUELINE SILVA,JAQUELINE SILVA,2024,3,12712.16,,,0,não,2026-09-01,2026-08-11T18:09:30
JAQUELINE SILVA,JAQUELINE SILVA,2024,4,11251.62,,,0,não,2026-09-01,2026-08-11T18:09:30
JAQUELINE SILVA,JAQUELINE SILVA,2024,5,13500.00,,,0,não,2026-09-01,2026-08-11T18:09:30
JAQUELINE SILVA,JAQUELINE SILVA,2024,6,13500.00,,,0,não,2026-09-01,2026-08-11T18:09:30
JAQUELINE SILVA,JAQUELINE SILVA,2024,7,13500.00,,,0,não,2026-09-01,2026-08-11T18:09:30
JAQUELINE SILVA,JAQUELINE SILVA,2024,8,13500.00,,,0,não,2026-09-01,2026-08-11T18:09:30
JAQUELINE SILVA,JAQUELINE SILVA,2024,9,13500.00,,,0,não,2026-09-01,2026-08-11T18:09:30
JAQUELINE SILVA,JAQUELINE SILVA,2024,10,13500.00,,,0,não,2026-09-01,2026-08-11T18:09:30
JAQUELINE SILVA,JAQUELINE SILVA,2024,11,13500.00,,,0,não,2026-09-01,2026-08-11T18:09:30
JAQUELINE SILVA,JAQUELINE SILVA,2024,12,13500.00,,,0,não,2026-09-01,2026-08-11T18:09:30
JAQUELINE SILVA,JAQUELINE SILVA,2025,1,13500.00,,,0,não,2026-09-01,2026-08-11T18:09:30
JAQUELINE SILVA,JAQUELINE SILVA,2025,2,13500.00,,,0,não,2026-09-01,2026-08-11T18:09:30
JAQUELINE SILVA,JAQUELINE SILVA,2025,3,13500.00,,,0,não,2026-09-01,2026-08-11T18:09:30
JAQUELINE SILVA,JAQUELINE SILVA,2025,4,13166.66,,,0,não,2026-09-01,2026-08-11T18:09:30
JAQUELINE SILVA,JAQUELINE SILVA,2025,5,15000.00,,,0,não,2026-09-01,2026-08-11T18:09:30
JAQUELINE SILVA,JAQUELINE SILVA,2025,6,15000.00,,,0,não,2026-09-01,2026-08-11T18:09:30
JAQUELINE SILVA,JAQUELINE SILVA,2025,7,15000.00,,,0,não,2026-09-01,2026-08-11T18:09:30
JAQUELINE SILVA,JAQUELINE SILVA,2025,8,14193.54,,,0,não,2026-09-01,2026-08-11T18:09:30
JAQUELINE SILVA,JAQUELINE SILVA,2025,9,10000.00,,,0,não,2026-09-01,2026-08-11T18:09:30
JAQUELINE SILVA,JAQUELINE SILVA,2025,10,15000.00,,,0,não,2026-09-01,2026-08-11T18:09:30
JAQUELINE SILVA,JAQUELINE SILVA,2025,11,12883.00,,,0,não,2026-09-01,2026-08-11T18:09:30
JAQUELINE SILVA,JAQUELINE SILVA,2025,12,10000.00,,,0,não,2026-09-01,2026-08-11T18:09:30
JAQUELINE SILVA,JAQUELINE SILVA,2026,1,10000.00,,,0,não,2026-09-01,2026-08-11T18:09:30
JAQUELINE SILVA,JAQUELINE SILVA,2026,2,11666.66,10000.00,1666.66,3,não,2026-09-01,2026-08-11T18:09:30
JAQUELINE SILVA,JAQUELINE SILVA,2026,3,15000.00,11666.66,3333.34,4,não,2026-09-01,2026-08-11T18:09:30
JAQUELINE SILVA,JAQUELINE SILVA,2026,4,15000.00,15000.00,0.00,4,sim,2026-09-01,2026-08-11T18:09:30
JAQUELINE SILVA,JAQUELINE SILVA,2026,5,15000.00,15000.00,0.00,4,sim,2026-09-01,2026-08-11T18:09:30
JAQUELINE SILVA,JAQUELINE SILVA,2026,6,10000.00,,,0,não,2026-09-01,2026-08-11T18:09:30
JOÃO CARDOSO,JOAO CARDOSO,2023,1,6350.63,6350.63,0.00,11,sim,2026-09-01,2026-08-11T18:09:30
JOÃO CARDOSO,JOAO CARDOSO,2023,2,6447.96,6447.96,0.00,11,sim,2026-09-01,2026-08-11T18:09:30
JOÃO CARDOSO,JOAO CARDOSO,2023,3,7190.46,7190.46,0.00,14,sim,2026-09-01,2026-08-11T18:09:30
JOÃO CARDOSO,JOAO CARDOSO,2023,4,7090.58,7060.58,30.00,14,não,2026-09-01,2026-08-11T18:09:30
JOÃO CARDOSO,JOAO CARDOSO,2023,5,7510.02,7510.02,0.00,16,sim,2026-09-01,2026-08-11T18:09:30
JOÃO CARDOSO,JOAO CARDOSO,2023,6,6558.64,6558.64,0.00,12,sim,2026-09-01,2026-08-11T18:09:30
JOÃO CARDOSO,JOAO CARDOSO,2023,7,6461.71,6461.71,0.00,12,sim,2026-09-01,2026-08-11T18:09:30
JOÃO CARDOSO,JOAO CARDOSO,2023,8,6814.38,6814.38,0.00,13,sim,2026-09-01,2026-08-11T18:09:30
JOÃO CARDOSO,JOAO CARDOSO,2023,9,7546.16,7546.16,0.00,16,sim,2026-09-01,2026-08-11T18:09:30
JOÃO CARDOSO,JOAO CARDOSO,2023,10,7119.83,7119.83,0.00,14,sim,2026-09-01,2026-08-11T18:09:30
JOÃO CARDOSO,JOAO CARDOSO,2023,11,6771.09,6771.09,0.00,12,sim,2026-09-01,2026-08-11T18:09:30
JOÃO CARDOSO,JOAO CARDOSO,2023,12,6802.21,,,0,não,2026-09-01,2026-08-11T18:09:30
JOÃO CARDOSO,JOAO CARDOSO,2024,1,6325.62,,,0,não,2026-09-01,2026-08-11T18:09:30
JOÃO CARDOSO,JOAO CARDOSO,2024,2,6388.72,,,0,não,2026-09-01,2026-08-11T18:09:30
JOÃO CARDOSO,JOAO CARDOSO,2024,3,6776.91,,,0,não,2026-09-01,2026-08-11T18:09:30
JOÃO CARDOSO,JOAO CARDOSO,2024,4,8031.43,,,0,não,2026-09-01,2026-08-11T18:09:30
JOÃO CARDOSO,JOAO CARDOSO,2024,5,7500.55,,,0,não,2026-09-01,2026-08-11T18:09:30
JOÃO CARDOSO,JOAO CARDOSO,2024,6,7620.33,,,0,não,2026-09-01,2026-08-11T18:09:30
JOÃO CARDOSO,JOAO CARDOSO,2024,7,5918.29,,,0,não,2026-09-01,2026-08-11T18:09:30
JOÃO CARDOSO,JOAO CARDOSO,2024,8,6839.17,,,0,não,2026-09-01,2026-08-11T18:09:30
JOÃO CARDOSO,JOAO CARDOSO,2024,9,6026.44,,,0,não,2026-09-01,2026-08-11T18:09:30
JOÃO CARDOSO,JOAO CARDOSO,2024,10,8079.16,,,0,não,2026-09-01,2026-08-11T18:09:30
JOÃO CARDOSO,JOAO CARDOSO,2024,11,7404.38,,,0,não,2026-09-01,2026-08-11T18:09:30
JOÃO CARDOSO,JOAO CARDOSO,2024,12,7011.94,,,0,não,2026-09-01,2026-08-11T18:09:30
JOÃO CARDOSO,JOAO CARDOSO,2025,1,6536.31,,,0,não,2026-09-01,2026-08-11T18:09:30
JOÃO CARDOSO,JOAO CARDOSO,2025,2,8371.70,,,0,não,2026-09-01,2026-08-11T18:09:30
JOÃO CARDOSO,JOAO CARDOSO,2025,3,14594.05,,,0,não,2026-09-01,2026-08-11T18:09:30
JOÃO CARDOSO,JOAO CARDOSO,2025,4,14115.74,,,0,não,2026-09-01,2026-08-11T18:09:30
JOÃO CARDOSO,JOAO CARDOSO,2025,5,15471.01,,,0,não,2026-09-01,2026-08-11T18:09:30
JOÃO CARDOSO,JOAO CARDOSO,2025,6,12407.66,,,0,não,2026-09-01,2026-08-11T18:09:30
JOÃO CARDOSO,JOAO CARDOSO,2025,7,12211.20,,,0,não,2026-09-01,2026-08-11T18:09:30
JOÃO CARDOSO,JOAO CARDOSO,2025,8,12244.37,,,0,não,2026-09-01,2026-08-11T18:09:30
JOÃO CARDOSO,JOAO CARDOSO,2025,9,15738.88,,,0,não,2026-09-01,2026-08-11T18:09:30
JOÃO CARDOSO,JOAO CARDOSO,2025,10,15799.66,,,0,não,2026-09-01,2026-08-11T18:09:30
JOÃO CARDOSO,JOAO CARDOSO,2025,11,15743.90,,,0,não,2026-09-01,2026-08-11T18:09:30
JOÃO CARDOSO,JOAO CARDOSO,2025,12,15785.15,,,0,não,2026-09-01,2026-08-11T18:09:30
JOÃO CARDOSO,JOAO CARDOSO,2026,1,15707.01,,,0,não,2026-09-01,2026-08-11T18:09:30
JOÃO CARDOSO,JOAO CARDOSO,2026,2,15739.85,,,0,não,2026-09-01,2026-08-11T18:09:30
JOÃO CARDOSO,JOAO CARDOSO,2026,3,15997.83,,,0,não,2026-09-01,2026-08-11T18:09:30
JOÃO CARDOSO,JOAO CARDOSO,2026,4,15821.89,,,0,não,2026-09-01,2026-08-11T18:09:30
JOÃO CARDOSO,JOAO CARDOSO,2026,5,16259.43,,,0,não,2026-09-01,2026-08-11T18:09:30
JOÃO CARDOSO,JOAO CARDOSO,2026,6,16075.38,,,0,não,2026-09-01,2026-08-11T18:09:30
JOAQUIM RORIZ NETO,JOAQUIM RORIZ NETO,2023,1,0.00,8000.00,'-8000.00,2,não,2026-09-01,2026-08-11T18:09:30
JOAQUIM DOMINGOS RORIZ NETO,JOAQUIM RORIZ NETO,2023,2,12356.86,5356.86,7000.00,8,não,2026-09-01,2026-08-11T18:09:30
JOAQUIM DOMINGOS RORIZ NETO,JOAQUIM RORIZ NETO,2023,3,6172.32,13172.42,'-7000.10,12,não,2026-09-01,2026-08-11T18:09:30
JOAQUIM DOMINGOS RORIZ NETO,JOAQUIM RORIZ NETO,2023,4,8537.10,4047.10,4490.00,9,não,2026-09-01,2026-08-11T18:09:30
JOAQUIM DOMINGOS RORIZ NETO,JOAQUIM RORIZ NETO,2023,5,9875.52,6876.12,2999.40,15,não,2026-09-01,2026-08-11T18:09:30
JOAQUIM DOMINGOS RORIZ NETO,JOAQUIM RORIZ NETO,2023,6,11125.86,9115.86,2010.00,11,não,2026-09-01,2026-08-11T18:09:30
JOAQUIM DOMINGOS RORIZ NETO,JOAQUIM RORIZ NETO,2023,7,10912.90,12125.80,'-1212.90,17,não,2026-09-01,2026-08-11T18:09:30
JOAQUIM DOMINGOS RORIZ NETO,JOAQUIM RORIZ NETO,2023,8,12036.01,23872.02,'-11836.01,30,não,2026-09-01,2026-08-11T18:09:30
JOAQUIM DOMINGOS RORIZ NETO,JOAQUIM RORIZ NETO,2023,9,10278.18,23956.36,'-13678.18,28,não,2026-09-01,2026-08-11T18:09:30
JOAQUIM DOMINGOS RORIZ NETO,JOAQUIM RORIZ NETO,2023,10,12875.59,22102.20,'-9226.61,29,não,2026-09-01,2026-08-11T18:09:30
JOAQUIM DOMINGOS RORIZ NETO,JOAQUIM RORIZ NETO,2023,11,12358.75,21818.70,'-9459.95,18,não,2026-09-01,2026-08-11T18:09:30
JOAQUIM DOMINGOS RORIZ NETO,JOAQUIM RORIZ NETO,2023,12,11882.78,11282.77,600.01,12,não,2026-09-01,2026-08-11T18:09:30
JOAQUIM DOMINGOS RORIZ NETO,JOAQUIM RORIZ NETO,2024,1,10993.50,2893.68,8099.82,5,não,2026-09-01,2026-08-11T18:09:30
JOAQUIM DOMINGOS RORIZ NETO,JOAQUIM RORIZ NETO,2024,2,11341.69,12555.14,'-1213.45,13,não,2026-09-01,2026-08-11T18:09:30
JOAQUIM DOMINGOS RORIZ NETO,JOAQUIM RORIZ NETO,2024,3,13576.71,12476.73,1099.98,17,não,2026-09-01,2026-08-11T18:09:30
JOAQUIM DOMINGOS RORIZ NETO,JOAQUIM RORIZ NETO,2024,4,13779.43,9899.98,3879.45,3,não,2026-09-01,2026-08-11T18:09:30
JOAQUIM DOMINGOS RORIZ NETO,JOAQUIM RORIZ NETO,2024,5,12541.28,,,0,não,2026-09-01,2026-08-11T18:09:30
JOAQUIM DOMINGOS RORIZ NETO,JOAQUIM RORIZ NETO,2024,6,13420.85,,,0,não,2026-09-01,2026-08-11T18:09:30
JOAQUIM DOMINGOS RORIZ NETO,JOAQUIM RORIZ NETO,2024,7,13827.27,,,0,não,2026-09-01,2026-08-11T18:09:30
JOAQUIM RORIZ NETO,JOAQUIM RORIZ NETO,2024,8,13053.87,,,0,não,2026-09-01,2026-08-11T18:09:30
JOAQUIM RORIZ NETO,JOAQUIM RORIZ NETO,2024,9,13538.15,,,0,não,2026-09-01,2026-08-11T18:09:30
JOAQUIM RORIZ NETO,JOAQUIM RORIZ NETO,2024,10,19026.97,,,0,não,2026-09-01,2026-08-11T18:09:30
JOAQUIM RORIZ NETO,JOAQUIM RORIZ NETO,2024,11,17628.52,440.05,17188.47,2,não,2026-09-01,2026-08-11T18:09:30
JOAQUIM RORIZ NETO,JOAQUIM RORIZ NETO,2024,12,17279.30,,,0,não,2026-09-01,2026-08-11T18:09:30
JOAQUIM RORIZ NETO,JOAQUIM RORIZ NETO,2025,1,17187.33,2487.39,14699.94,8,não,2026-09-01,2026-08-11T18:09:30
JOAQUIM RORIZ NETO,JOAQUIM RORIZ NETO,2025,2,15946.08,21146.02,'-5199.94,13,não,2026-09-01,2026-08-11T18:09:30
JOAQUIM RORIZ NETO,JOAQUIM RORIZ NETO,2025,3,18574.01,16976.94,1597.07,17,não,2026-09-01,2026-08-11T18:09:30
JOAQUIM RORIZ NETO,JOAQUIM RORIZ NETO,2025,4,18798.47,18698.89,99.58,17,não,2026-09-01,2026-08-11T18:09:30
JOAQUIM RORIZ NETO,JOAQUIM RORIZ NETO,2025,5,19159.07,17853.68,1305.39,18,não,2026-09-01,2026-08-11T18:09:30
JOAQUIM RORIZ NETO,JOAQUIM RORIZ NETO,2025,6,18197.45,15599.53,2597.92,13,não,2026-09-01,2026-08-11T18:09:30
JOAQUIM RORIZ NETO,JOAQUIM RORIZ NETO,2025,7,15949.00,15100.00,849.00,4,não,2026-09-01,2026-08-11T18:09:30
JOAQUIM RORIZ NETO,JOAQUIM RORIZ NETO,2025,8,6149.00,,,0,não,2026-09-01,2026-08-11T18:09:30
JOAQUIM RORIZ NETO,JOAQUIM RORIZ NETO,2025,9,11114.97,,,0,não,2026-09-01,2026-08-11T18:09:30
JOAQUIM RORIZ NETO,JOAQUIM RORIZ NETO,2025,10,8649.00,,,0,não,2026-09-01,2026-08-11T18:09:30
JOAQUIM RORIZ NETO,JOAQUIM RORIZ NETO,2025,11,11149.00,,,0,não,2026-09-01,2026-08-11T18:09:30
JOAQUIM RORIZ NETO,JOAQUIM RORIZ NETO,2025,12,11997.06,,,0,não,2026-09-01,2026-08-11T18:09:30
JOAQUIM RORIZ NETO,JOAQUIM RORIZ NETO,2026,1,11149.00,7649.00,3500.00,2,não,2026-09-01,2026-08-11T18:09:30
JOAQUIM RORIZ NETO,JOAQUIM RORIZ NETO,2026,2,11249.00,11149.00,100.00,3,não,2026-09-01,2026-08-11T18:09:30
JOAQUIM RORIZ NETO,JOAQUIM RORIZ NETO,2026,3,11188.84,15814.44,'-4625.60,4,não,2026-09-01,2026-08-11T18:09:30
JOAQUIM RORIZ NETO,JOAQUIM RORIZ NETO,2026,4,12649.00,11188.84,1460.16,3,não,2026-09-01,2026-08-11T18:09:30
JOAQUIM RORIZ NETO,JOAQUIM RORIZ NETO,2026,5,12396.93,12000.00,396.93,2,não,2026-09-01,2026-08-11T18:09:30
JOAQUIM RORIZ NETO,JOAQUIM RORIZ NETO,2026,6,12214.44,,,0,não,2026-09-01,2026-08-11T18:09:30
,JOAQUIM RORIZ NETO,2026,8,,649.00,,1,não,2026-09-01,2026-08-11T18:09:30
JORGE VIANNA,JORGE VIANNA,2023,1,0.00,,,0,não,2026-09-01,2026-08-11T18:09:30
JORGE VIANNA,JORGE VIANNA,2023,2,0.00,,,0,não,2026-09-01,2026-08-11T18:09:30
JORGE VIANNA,JORGE VIANNA,2023,3,0.00,,,0,não,2026-09-01,2026-08-11T18:09:30
JORGE VIANNA,JORGE VIANNA,2023,4,0.00,,,0,não,2026-09-01,2026-08-11T18:09:30
JORGE VIANNA,JORGE VIANNA,2023,5,0.00,,,0,não,2026-09-01,2026-08-11T18:09:30
JORGE VIANNA,JORGE VIANNA,2023,6,0.00,,,0,não,2026-09-01,2026-08-11T18:09:30
JORGE VIANNA,JORGE VIANNA,2023,7,0.00,,,0,não,2026-09-01,2026-08-11T18:09:30
JORGE VIANNA,JORGE VIANNA,2023,8,0.00,,,0,não,2026-09-01,2026-08-11T18:09:30
JORGE VIANNA,JORGE VIANNA,2023,9,0.00,,,0,não,2026-09-01,2026-08-11T18:09:30
JORGE VIANNA,JORGE VIANNA,2023,10,0.00,,,0,não,2026-09-01,2026-08-11T18:09:30
JORGE VIANNA,JORGE VIANNA,2023,11,0.00,,,0,não,2026-09-01,2026-08-11T18:09:30
JORGE VIANNA,JORGE VIANNA,2023,12,0.00,,,0,não,2026-09-01,2026-08-11T18:09:30
JORGE VIANNA,JORGE VIANNA,2024,1,0.00,,,0,não,2026-09-01,2026-08-11T18:09:30
JORGE VIANNA,JORGE VIANNA,2024,2,0.00,,,0,não,2026-09-01,2026-08-11T18:09:30
JORGE VIANNA,JORGE VIANNA,2024,3,0.00,,,0,não,2026-09-01,2026-08-11T18:09:30
JORGE VIANNA,JORGE VIANNA,2024,4,0.00,,,0,não,2026-09-01,2026-08-11T18:09:30
JORGE VIANNA,JORGE VIANNA,2024,5,0.00,,,0,não,2026-09-01,2026-08-11T18:09:30
JORGE VIANNA,JORGE VIANNA,2024,6,0.00,,,0,não,2026-09-01,2026-08-11T18:09:30
JORGE VIANNA,JORGE VIANNA,2024,7,0.00,,,0,não,2026-09-01,2026-08-11T18:09:30
JORGE VIANNA,JORGE VIANNA,2024,8,0.00,,,0,não,2026-09-01,2026-08-11T18:09:30
JORGE VIANNA,JORGE VIANNA,2024,9,0.00,,,0,não,2026-09-01,2026-08-11T18:09:30
JORGE VIANNA,JORGE VIANNA,2024,10,0.00,,,0,não,2026-09-01,2026-08-11T18:09:30
JORGE VIANNA,JORGE VIANNA,2024,11,0.00,,,0,não,2026-09-01,2026-08-11T18:09:30
JORGE VIANNA,JORGE VIANNA,2024,12,0.00,,,0,não,2026-09-01,2026-08-11T18:09:30
JORGE VIANNA,JORGE VIANNA,2025,1,0.00,,,0,não,2026-09-01,2026-08-11T18:09:30
JORGE VIANNA,JORGE VIANNA,2025,2,0.00,,,0,não,2026-09-01,2026-08-11T18:09:30
JORGE VIANNA,JORGE VIANNA,2025,3,0.00,,,0,não,2026-09-01,2026-08-11T18:09:30
JORGE VIANNA,JORGE VIANNA,2025,4,0.00,,,0,não,2026-09-01,2026-08-11T18:09:30
JORGE VIANNA,JORGE VIANNA,2025,5,0.00,,,0,não,2026-09-01,2026-08-11T18:09:30
JORGE VIANNA,JORGE VIANNA,2025,6,0.00,,,0,não,2026-09-01,2026-08-11T18:09:30
JORGE VIANNA,JORGE VIANNA,2025,7,0.00,,,0,não,2026-09-01,2026-08-11T18:09:30
JORGE VIANNA,JORGE VIANNA,2025,8,0.00,,,0,não,2026-09-01,2026-08-11T18:09:30
JORGE VIANNA,JORGE VIANNA,2025,9,0.00,,,0,não,2026-09-01,2026-08-11T18:09:30
JORGE VIANNA,JORGE VIANNA,2025,10,0.00,,,0,não,2026-09-01,2026-08-11T18:09:30
JORGE VIANNA,JORGE VIANNA,2025,11,0.00,,,0,não,2026-09-01,2026-08-11T18:09:30
JORGE VIANNA,JORGE VIANNA,2025,12,0.00,,,0,não,2026-09-01,2026-08-11T18:09:30
JORGE VIANNA,JORGE VIANNA,2026,1,0.00,,,0,não,2026-09-01,2026-08-11T18:09:30
JORGE VIANNA,JORGE VIANNA,2026,2,0.00,,,0,não,2026-09-01,2026-08-11T18:09:30
JORGE VIANNA,JORGE VIANNA,2026,3,0.00,,,0,não,2026-09-01,2026-08-11T18:09:30
JORGE VIANNA,JORGE VIANNA,2026,4,0.00,,,0,não,2026-09-01,2026-08-11T18:09:30
JORGE VIANNA,JORGE VIANNA,2026,5,0.00,,,0,não,2026-09-01,2026-08-11T18:09:30
JORGE VIANNA,JORGE VIANNA,2026,6,0.00,,,0,não,2026-09-01,2026-08-11T18:09:30
MARCOS MARTINS MACHADO,MARTINS MACHADO,2023,1,11519.08,629.08,10890.00,4,não,2026-09-01,2026-08-11T18:09:30
MARCOS MARTINS MACHADO,MARTINS MACHADO,2023,2,11701.75,17591.75,'-5890.00,11,não,2026-09-01,2026-08-11T18:09:30
MARCOS MARTINS MACHADO,MARTINS MACHADO,2023,3,11590.00,11590.00,0.00,8,sim,2026-09-01,2026-08-11T18:09:30
MARCOS MARTINS MACHADO,MARTINS MACHADO,2023,4,11518.59,11518.59,0.00,5,sim,2026-09-01,2026-08-11T18:09:30
MARCOS MARTINS MACHADO,MARTINS MACHADO,2023,5,11840.00,5850.00,5990.00,9,não,2026-09-01,2026-08-11T18:09:30
MARCOS MARTINS MACHADO,MARTINS MACHADO,2023,6,11792.34,11792.34,0.00,9,sim,2026-09-01,2026-08-11T18:09:30
MARCOS MARTINS MACHADO,MARTINS MACHADO,2023,7,11890.00,11890.00,0.00,10,sim,2026-09-01,2026-08-11T18:09:30
MARCOS MARTINS MACHADO,MARTINS MACHADO,2023,8,12040.00,12040.00,0.00,10,sim,2026-09-01,2026-08-11T18:09:30
MARCOS MARTINS MACHADO,MARTINS MACHADO,2023,9,11540.00,11540.00,0.00,7,sim,2026-09-01,2026-08-11T18:09:30
MARCOS MARTINS MACHADO,MARTINS MACHADO,2023,10,16956.00,11640.00,5316.00,9,não,2026-09-01,2026-08-11T18:09:30
MARCOS MARTINS MACHADO,MARTINS MACHADO,2023,11,16640.00,16456.00,184.00,6,não,2026-09-01,2026-08-11T18:09:30
MARCOS MARTINS MACHADO,MARTINS MACHADO,2023,12,17263.74,17263.74,0.00,10,sim,2026-09-01,2026-08-11T18:09:30
MARCOS MARTINS MACHADO,MARTINS MACHADO,2024,1,17021.00,17021.00,0.00,8,sim,2026-09-01,2026-08-11T18:09:30
MARCOS MARTINS MACHADO,MARTINS MACHADO,2024,2,17065.00,17065.00,0.00,12,sim,2026-09-01,2026-08-11T18:09:30
MARCOS MARTINS MACHADO,MARTINS MACHADO,2024,3,17373.37,17373.37,0.00,13,sim,2026-09-01,2026-08-11T18:09:30
MARCOS MARTINS MACHADO,MARTINS MACHADO,2024,4,17448.23,17448.23,0.00,12,sim,2026-09-01,2026-08-11T18:09:30
MARCOS MARTINS MACHADO,MARTINS MACHADO,2024,5,17920.99,17920.99,0.00,17,sim,2026-09-01,2026-08-11T18:09:30
MARCOS MARTINS MACHADO,MARTINS MACHADO,2024,6,17448.50,17448.50,0.00,17,sim,2026-09-01,2026-08-11T18:09:30
MARCOS MARTINS MACHADO,MARTINS MACHADO,2024,7,18023.21,18023.21,0.00,25,sim,2026-09-01,2026-08-11T18:09:30
MARCOS MARTINS MACHADO,MARTINS MACHADO,2024,8,17999.27,17999.27,0.00,23,sim,2026-09-01,2026-08-11T18:09:30
MARCOS MARTINS MACHADO,MARTINS MACHADO,2024,9,18015.21,18015.21,0.00,18,sim,2026-09-01,2026-08-11T18:09:30
MARCOS MARTINS MACHADO,MARTINS MACHADO,2024,10,17273.10,17273.10,0.00,14,sim,2026-09-01,2026-08-11T18:09:30
MARCOS MARTINS MACHADO,MARTINS MACHADO,2024,11,18043.56,18043.56,0.00,20,sim,2026-09-01,2026-08-11T18:09:30
MARCOS MARTINS MACHADO,MARTINS MACHADO,2024,12,17530.54,17530.54,0.00,13,sim,2026-09-01,2026-08-11T18:09:30
MARCOS MARTINS MACHADO,MARTINS MACHADO,2025,1,18021.07,18061.07,'-40.00,18,não,2026-09-01,2026-08-11T18:09:30
MARCOS MARTINS MACHADO,MARTINS MACHADO,2025,2,17959.65,17959.65,0.00,18,sim,2026-09-01,2026-08-11T18:09:30
MARCOS MARTINS MACHADO,MARTINS MACHADO,2025,3,17984.64,17684.64,300.00,16,não,2026-09-01,2026-08-11T18:09:30
MARCOS MARTINS MACHADO,MARTINS MACHADO,2025,4,17894.14,17894.14,0.00,22,sim,2026-09-01,2026-08-11T18:09:30
MARCOS MARTINS MACHADO,MARTINS MACHADO,2025,5,17969.94,17969.94,0.00,16,sim,2026-09-01,2026-08-11T18:09:30
MARCOS MARTINS MACHADO,MARTINS MACHADO,2025,6,17538.06,17618.06,'-80.00,13,não,2026-09-01,2026-08-11T18:09:30
MARCOS MARTINS MACHADO,MARTINS MACHADO,2025,7,16490.00,16550.00,'-60.00,4,não,2026-09-01,2026-08-11T18:09:30
MARCOS MARTINS MACHADO,MARTINS MACHADO,2025,8,16490.00,16490.00,0.00,3,sim,2026-09-01,2026-08-11T18:09:30
MARCOS MARTINS MACHADO,MARTINS MACHADO,2025,9,16490.00,16540.00,'-50.00,4,não,2026-09-01,2026-08-11T18:09:30
MARCOS MARTINS MACHADO,MARTINS MACHADO,2025,10,16490.00,16490.00,0.00,3,sim,2026-09-01,2026-08-11T18:09:30
MARCOS MARTINS MACHADO,MARTINS MACHADO,2025,11,14700.00,70.00,14630.00,1,não,2026-09-01,2026-08-11T18:09:30
MARCOS MARTINS MACHADO,MARTINS MACHADO,2025,12,14700.00,,,0,não,2026-09-01,2026-08-11T18:09:30
MARCOS MARTINS MACHADO,MARTINS MACHADO,2026,1,14700.00,,,0,não,2026-09-01,2026-08-11T18:09:30
MARCOS MARTINS MACHADO,MARTINS MACHADO,2026,2,14700.00,14700.00,0.00,3,sim,2026-09-01,2026-08-11T18:09:30
MARCOS MARTINS MACHADO,MARTINS MACHADO,2026,3,14700.00,14700.00,0.00,3,sim,2026-09-01,2026-08-11T18:09:30
MARCOS MARTINS MACHADO,MARTINS MACHADO,2026,4,15500.00,14700.00,800.00,3,não,2026-09-01,2026-08-11T18:09:30
MARCOS MARTINS MACHADO,MARTINS MACHADO,2026,5,15500.00,15500.00,0.00,3,sim,2026-09-01,2026-08-11T18:09:30
MARCOS MARTINS MACHADO,MARTINS MACHADO,2026,6,15500.00,31000.00,'-15500.00,6,não,2026-09-01,2026-08-11T18:09:30
MAX MACIEL,MAX MACIEL,2023,1,4787.18,1001.18,3786.00,5,não,2026-09-01,2026-08-11T18:09:30
MAX MACIEL,MAX MACIEL,2023,2,4602.23,4602.23,0.00,6,sim,2026-09-01,2026-08-11T18:09:30
MAX MACIEL,MAX MACIEL,2023,3,5807.36,6193.56,'-386.20,9,não,2026-09-01,2026-08-11T18:09:30
MAX MACIEL,MAX MACIEL,2023,4,4495.49,4495.49,0.00,6,sim,2026-09-01,2026-08-11T18:09:30
MAX MACIEL,MAX MACIEL,2023,5,8972.95,8972.95,0.00,10,sim,2026-09-01,2026-08-11T18:09:30
MAX MACIEL,MAX MACIEL,2023,6,4417.70,4417.70,0.00,7,sim,2026-09-01,2026-08-11T18:09:30
MAX MACIEL,MAX MACIEL,2023,7,3964.31,3964.31,0.00,5,sim,2026-09-01,2026-08-11T18:09:30
MAX MACIEL,MAX MACIEL,2023,8,4794.10,4794.10,0.00,9,sim,2026-09-01,2026-08-11T18:09:30
MAX MACIEL,MAX MACIEL,2023,9,4603.87,4603.87,0.00,9,sim,2026-09-01,2026-08-11T18:09:30
MAX MACIEL,MAX MACIEL,2023,10,4296.33,8296.33,'-4000.00,7,não,2026-09-01,2026-08-11T18:09:30
MAX MACIEL,MAX MACIEL,2023,11,4531.51,4531.51,0.00,9,sim,2026-09-01,2026-08-11T18:09:30
MAX MACIEL,MAX MACIEL,2023,12,4121.40,4121.40,0.00,6,sim,2026-09-01,2026-08-11T18:09:30
MAX MACIEL,MAX MACIEL,2024,1,5306.39,,,0,não,2026-09-01,2026-08-11T18:09:30
MAX MACIEL,MAX MACIEL,2024,2,5710.03,,,0,não,2026-09-01,2026-08-11T18:09:30
MAX MACIEL,MAX MACIEL,2024,3,5774.92,,,0,não,2026-09-01,2026-08-11T18:09:30
MAX MACIEL,MAX MACIEL,2024,4,4528.63,,,0,não,2026-09-01,2026-08-11T18:09:30
MAX MACIEL,MAX MACIEL,2024,5,4605.77,,,0,não,2026-09-01,2026-08-11T18:09:30
MAX MACIEL,MAX MACIEL,2024,6,4277.69,,,0,não,2026-09-01,2026-08-11T18:09:30
MAX MACIEL,MAX MACIEL,2024,7,5510.29,,,0,não,2026-09-01,2026-08-11T18:09:30
MAX MACIEL,MAX MACIEL,2024,8,6046.39,,,0,não,2026-09-01,2026-08-11T18:09:30
MAX MACIEL,MAX MACIEL,2024,9,5651.15,,,0,não,2026-09-01,2026-08-11T18:09:30
MAX MACIEL,MAX MACIEL,2024,10,5624.96,,,0,não,2026-09-01,2026-08-11T18:09:30
MAX MACIEL,MAX MACIEL,2024,11,5197.19,,,0,não,2026-09-01,2026-08-11T18:09:30
MAX MACIEL,MAX MACIEL,2024,12,5313.20,2900.00,2413.20,1,não,2026-09-01,2026-08-11T18:09:30
MAX MACIEL,MAX MACIEL,2025,1,5027.55,627.55,4400.00,3,não,2026-09-01,2026-08-11T18:09:30
MAX MACIEL,MAX MACIEL,2025,2,4676.75,9180.09,'-4503.34,11,não,2026-09-01,2026-08-11T18:09:30
MAX MACIEL,MAX MACIEL,2025,3,4907.29,1517.29,3390.00,9,não,2026-09-01,2026-08-11T18:09:30
MAX MACIEL,MAX MACIEL,2025,4,4549.05,7939.05,'-3390.00,9,não,2026-09-01,2026-08-11T18:09:30
MAX MACIEL,MAX MACIEL,2025,5,7628.40,7628.40,0.00,9,sim,2026-09-01,2026-08-11T18:09:30
MAX MACIEL,MAX MACIEL,2025,6,4570.09,4570.09,0.00,8,sim,2026-09-01,2026-08-11T18:09:30
MAX MACIEL,MAX MACIEL,2025,7,3553.67,3553.67,0.00,2,sim,2026-09-01,2026-08-11T18:09:30
MAX MACIEL,MAX MACIEL,2025,8,3390.00,,,0,não,2026-09-01,2026-08-11T18:09:30
MAX MACIEL,MAX MACIEL,2025,9,3390.00,,,0,não,2026-09-01,2026-08-11T18:09:30
MAX MACIEL,MAX MACIEL,2025,10,8390.00,,,0,não,2026-09-01,2026-08-11T18:09:30
MAX MACIEL,MAX MACIEL,2025,11,8390.00,,,0,não,2026-09-01,2026-08-11T18:09:30
MAX MACIEL,MAX MACIEL,2025,12,8390.00,,,0,não,2026-09-01,2026-08-11T18:09:30
MAX MACIEL,MAX MACIEL,2026,1,8390.00,,,0,não,2026-09-01,2026-08-11T18:09:30
MAX MACIEL,MAX MACIEL,2026,2,6816.07,10206.00,'-3389.93,4,não,2026-09-01,2026-08-11T18:09:30
MAX MACIEL,MAX MACIEL,2026,3,8770.00,3770.00,5000.00,1,não,2026-09-01,2026-08-11T18:09:30
MAX MACIEL,MAX MACIEL,2026,4,8770.00,,,0,não,2026-09-01,2026-08-11T18:09:30
MAX MACIEL,MAX MACIEL,2026,5,8770.00,,,0,não,2026-09-01,2026-08-11T18:09:30
MAX MACIEL,MAX MACIEL,2026,6,3770.00,3770.00,0.00,1,sim,2026-09-01,2026-08-11T18:09:30
,MAX MACIEL,2026,8,,8770.00,,2,não,2026-09-01,2026-08-11T18:09:30
,MAX MACIEL,2026,10,,10000.00,,3,não,2026-09-01,2026-08-11T18:09:30
PASTOR DANIEL DE CASTRO,PASTOR DANIEL DE CASTRO,2023,1,0.00,,,0,não,2026-09-01,2026-08-11T18:09:30
PASTOR DANIEL DE CASTRO,PASTOR DANIEL DE CASTRO,2023,2,0.00,,,0,não,2026-09-01,2026-08-11T18:09:30
PASTOR DANIEL DE CASTRO,PASTOR DANIEL DE CASTRO,2023,3,0.00,,,0,não,2026-09-01,2026-08-11T18:09:30
PASTOR DANIEL DE CASTRO,PASTOR DANIEL DE CASTRO,2023,4,0.00,,,0,não,2026-09-01,2026-08-11T18:09:30
PASTOR DANIEL DE CASTRO,PASTOR DANIEL DE CASTRO,2023,5,0.00,,,0,não,2026-09-01,2026-08-11T18:09:30
PASTOR DANIEL DE CASTRO,PASTOR DANIEL DE CASTRO,2023,6,0.00,,,0,não,2026-09-01,2026-08-11T18:09:30
PASTOR DANIEL DE CASTRO,PASTOR DANIEL DE CASTRO,2023,7,0.00,,,0,não,2026-09-01,2026-08-11T18:09:30
PASTOR DANIEL DE CASTRO,PASTOR DANIEL DE CASTRO,2023,8,0.00,,,0,não,2026-09-01,2026-08-11T18:09:30
PASTOR DANIEL DE CASTRO,PASTOR DANIEL DE CASTRO,2023,9,5660.00,,,0,não,2026-09-01,2026-08-11T18:09:30
PASTOR DANIEL DE CASTRO,PASTOR DANIEL DE CASTRO,2023,10,6455.66,,,0,não,2026-09-01,2026-08-11T18:09:30
PASTOR DANIEL DE CASTRO,PASTOR DANIEL DE CASTRO,2023,11,6487.99,,,0,não,2026-09-01,2026-08-11T18:09:30
PASTOR DANIEL DE CASTRO,PASTOR DANIEL DE CASTRO,2023,12,6200.00,,,0,não,2026-09-01,2026-08-11T18:09:30
PASTOR DANIEL DE CASTRO,PASTOR DANIEL DE CASTRO,2024,1,0.00,,,0,não,2026-09-01,2026-08-11T18:09:30
PASTOR DANIEL DE CASTRO,PASTOR DANIEL DE CASTRO,2024,2,8794.37,,,0,não,2026-09-01,2026-08-11T18:09:30
PASTOR DANIEL DE CASTRO,PASTOR DANIEL DE CASTRO,2024,3,11176.08,,,0,não,2026-09-01,2026-08-11T18:09:30
PASTOR DANIEL DE CASTRO,PASTOR DANIEL DE CASTRO,2024,4,10435.50,,,0,não,2026-09-01,2026-08-11T18:09:30
PASTOR DANIEL DE CASTRO,PASTOR DANIEL DE CASTRO,2024,5,13046.67,,,0,não,2026-09-01,2026-08-11T18:09:30
PASTOR DANIEL DE CASTRO,PASTOR DANIEL DE CASTRO,2024,6,11445.42,,,0,não,2026-09-01,2026-08-11T18:09:30
PASTOR DANIEL DE CASTRO,PASTOR DANIEL DE CASTRO,2024,7,11349.05,,,0,não,2026-09-01,2026-08-11T18:09:30
PASTOR DANIEL DE CASTRO,PASTOR DANIEL DE CASTRO,2024,8,10348.55,,,0,não,2026-09-01,2026-08-11T18:09:30
PASTOR DANIEL DE CASTRO,PASTOR DANIEL DE CASTRO,2024,9,11517.84,,,0,não,2026-09-01,2026-08-11T18:09:30
PASTOR DANIEL DE CASTRO,PASTOR DANIEL DE CASTRO,2024,10,11830.78,,,0,não,2026-09-01,2026-08-11T18:09:30
PASTOR DANIEL DE CASTRO,PASTOR DANIEL DE CASTRO,2024,11,10810.42,,,0,não,2026-09-01,2026-08-11T18:09:30
PASTOR DANIEL DE CASTRO,PASTOR DANIEL DE CASTRO,2024,12,10401.72,,,0,não,2026-09-01,2026-08-11T18:09:30
PASTOR DANIEL DE CASTRO,PASTOR DANIEL DE CASTRO,2025,1,12339.03,,,0,não,2026-09-01,2026-08-11T18:09:30
PASTOR DANIEL DE CASTRO,PASTOR DANIEL DE CASTRO,2025,2,10955.47,,,0,não,2026-09-01,2026-08-11T18:09:30
PASTOR DANIEL DE CASTRO,PASTOR DANIEL DE CASTRO,2025,3,13231.88,,,0,não,2026-09-01,2026-08-11T18:09:30
PASTOR DANIEL DE CASTRO,PASTOR DANIEL DE CASTRO,2025,4,11578.94,,,0,não,2026-09-01,2026-08-11T18:09:30
PASTOR DANIEL DE CASTRO,PASTOR DANIEL DE CASTRO,2025,5,16314.83,,,0,não,2026-09-01,2026-08-11T18:09:30
PASTOR DANIEL DE CASTRO,PASTOR DANIEL DE CASTRO,2025,6,14347.08,,,0,não,2026-09-01,2026-08-11T18:09:30
PASTOR DANIEL DE CASTRO,PASTOR DANIEL DE CASTRO,2025,7,16770.28,,,0,não,2026-09-01,2026-08-11T18:09:30
PASTOR DANIEL DE CASTRO,PASTOR DANIEL DE CASTRO,2025,8,13307.00,,,0,não,2026-09-01,2026-08-11T18:09:30
PASTOR DANIEL DE CASTRO,PASTOR DANIEL DE CASTRO,2025,9,18050.00,,,0,não,2026-09-01,2026-08-11T18:09:30
PASTOR DANIEL DE CASTRO,PASTOR DANIEL DE CASTRO,2025,10,11500.00,,,0,não,2026-09-01,2026-08-11T18:09:30
PASTOR DANIEL DE CASTRO,PASTOR DANIEL DE CASTRO,2025,11,11550.00,,,0,não,2026-09-01,2026-08-11T18:09:30
PASTOR DANIEL DE CASTRO,PASTOR DANIEL DE CASTRO,2025,12,11550.00,,,0,não,2026-09-01,2026-08-11T18:09:30
PASTOR DANIEL DE CASTRO,PASTOR DANIEL DE CASTRO,2026,1,12050.00,,,0,não,2026-09-01,2026-08-11T18:09:30
PASTOR DANIEL DE CASTRO,PASTOR DANIEL DE CASTRO,2026,2,13550.00,,,0,não,2026-09-01,2026-08-11T18:09:30
PASTOR DANIEL DE CASTRO,PASTOR DANIEL DE CASTRO,2026,3,17050.00,,,0,não,2026-09-01,2026-08-11T18:09:30
PASTOR DANIEL DE CASTRO,PASTOR DANIEL DE CASTRO,2026,4,17050.00,,,0,não,2026-09-01,2026-08-11T18:09:30
PASTOR DANIEL DE CASTRO,PASTOR DANIEL DE CASTRO,2026,5,17050.00,,,0,não,2026-09-01,2026-08-11T18:09:30
PASTOR DANIEL DE CASTRO,PASTOR DANIEL DE CASTRO,2026,6,16200.00,,,0,não,2026-09-01,2026-08-11T18:09:30
PAULA BELMONTE,PAULA BELMONTE,2023,1,0.00,,,0,não,2026-09-01,2026-08-11T18:09:30
PAULA BELMONTE,PAULA BELMONTE,2023,2,0.00,,,0,não,2026-09-01,2026-08-11T18:09:30
PAULA BELMONTE,PAULA BELMONTE,2023,3,0.00,,,0,não,2026-09-01,2026-08-11T18:09:30
PAULA BELMONTE,PAULA BELMONTE,2023,4,9500.00,6000.00,3500.00,1,não,2026-09-01,2026-08-11T18:09:30
PAULA BELMONTE,PAULA BELMONTE,2023,5,9500.00,13000.00,'-3500.00,3,não,2026-09-01,2026-08-11T18:09:30
PAULA BELMONTE,PAULA BELMONTE,2023,6,9500.00,9500.00,0.00,2,sim,2026-09-01,2026-08-11T18:09:30
PAULA BELMONTE,PAULA BELMONTE,2023,7,9500.00,3000.00,6500.00,1,não,2026-09-01,2026-08-11T18:09:30
PAULA BELMONTE,PAULA BELMONTE,2023,8,11500.00,16000.00,'-4500.00,5,não,2026-09-01,2026-08-11T18:09:30
PAULA BELMONTE,PAULA BELMONTE,2023,9,10500.00,5000.00,5500.00,2,não,2026-09-01,2026-08-11T18:09:30
PAULA BELMONTE,PAULA BELMONTE,2023,10,11500.00,7500.00,4000.00,2,não,2026-09-01,2026-08-11T18:09:30
PAULA BELMONTE,PAULA BELMONTE,2023,11,11500.00,19500.00,'-8000.00,5,não,2026-09-01,2026-08-11T18:09:30
PAULA BELMONTE,PAULA BELMONTE,2023,12,10500.00,10500.00,0.00,3,sim,2026-09-01,2026-08-11T18:09:30
PAULA BELMONTE,PAULA BELMONTE,2024,1,3000.00,6500.00,'-3500.00,2,não,2026-09-01,2026-08-11T18:09:30
PAULA BELMONTE,PAULA BELMONTE,2024,2,11800.00,3000.00,8800.00,1,não,2026-09-01,2026-08-11T18:09:30
PAULA BELMONTE,PAULA BELMONTE,2024,3,11800.00,8800.00,3000.00,2,não,2026-09-01,2026-08-11T18:09:30
PAULA BELMONTE,PAULA BELMONTE,2024,4,11800.00,19800.00,'-8000.00,5,não,2026-09-01,2026-08-11T18:09:30
PAULA BELMONTE,PAULA BELMONTE,2024,5,11800.00,11800.00,0.00,3,sim,2026-09-01,2026-08-11T18:09:30
PAULA BELMONTE,PAULA BELMONTE,2024,6,11800.00,11800.00,0.00,3,sim,2026-09-01,2026-08-11T18:09:30
PAULA BELMONTE,PAULA BELMONTE,2024,7,8000.00,11800.00,'-3800.00,3,não,2026-09-01,2026-08-11T18:09:30
PAULA BELMONTE,PAULA BELMONTE,2024,8,8000.00,10492.83,'-2492.83,2,não,2026-09-01,2026-08-11T18:09:30
PAULA BELMONTE,PAULA BELMONTE,2024,9,13492.83,3000.00,10492.83,1,não,2026-09-01,2026-08-11T18:09:30
PAULA BELMONTE,PAULA BELMONTE,2024,10,13492.83,,,0,não,2026-09-01,2026-08-11T18:09:30
PAULA BELMONTE,PAULA BELMONTE,2024,11,13492.83,,,0,não,2026-09-01,2026-08-11T18:09:30
PAULA BELMONTE,PAULA BELMONTE,2024,12,13492.83,,,0,não,2026-09-01,2026-08-11T18:09:30
PAULA BELMONTE,PAULA BELMONTE,2025,1,11800.00,8000.00,3800.00,2,não,2026-09-01,2026-08-11T18:09:30
PAULA BELMONTE,PAULA BELMONTE,2025,2,11800.00,12600.00,'-800.00,3,não,2026-09-01,2026-08-11T18:09:30
PAULA BELMONTE,PAULA BELMONTE,2025,3,11800.00,11000.00,800.00,3,não,2026-09-01,2026-08-11T18:09:30
PAULA BELMONTE,PAULA BELMONTE,2025,4,11800.00,8800.00,3000.00,2,não,2026-09-01,2026-08-11T18:09:30
PAULA BELMONTE,PAULA BELMONTE,2025,5,11800.00,11800.00,0.00,3,sim,2026-09-01,2026-08-11T18:09:30
PAULA BELMONTE,PAULA BELMONTE,2025,6,11800.00,14800.00,'-3000.00,4,não,2026-09-01,2026-08-11T18:09:30
PAULA BELMONTE,PAULA BELMONTE,2025,7,11800.00,8800.00,3000.00,2,não,2026-09-01,2026-08-11T18:09:30
PAULA BELMONTE,PAULA BELMONTE,2025,8,11800.00,6800.00,5000.00,2,não,2026-09-01,2026-08-11T18:09:30
PAULA BELMONTE,PAULA BELMONTE,2025,9,14000.00,24200.00,'-10200.00,5,não,2026-09-01,2026-08-11T18:09:30
PAULA BELMONTE,PAULA BELMONTE,2025,10,10050.00,13850.00,'-3800.00,2,não,2026-09-01,2026-08-11T18:09:30
PAULA BELMONTE,PAULA BELMONTE,2025,11,10050.00,,,0,não,2026-09-01,2026-08-11T18:09:30
PAULA BELMONTE,PAULA BELMONTE,2025,12,10050.00,,,0,não,2026-09-01,2026-08-11T18:09:30
PAULA BELMONTE,PAULA BELMONTE,2026,1,10050.00,,,0,não,2026-09-01,2026-08-11T18:09:30
PAULA BELMONTE,PAULA BELMONTE,2026,2,10050.00,10050.00,0.00,1,sim,2026-09-01,2026-08-11T18:09:30
PAULA BELMONTE,PAULA BELMONTE,2026,3,10050.00,20100.00,'-10050.00,2,não,2026-09-01,2026-08-11T18:09:30
PAULA BELMONTE,PAULA BELMONTE,2026,4,10050.00,,,0,não,2026-09-01,2026-08-11T18:09:30
PAULA BELMONTE,PAULA BELMONTE,2026,5,10050.00,10050.00,0.00,1,sim,2026-09-01,2026-08-11T18:09:30
PAULA BELMONTE,PAULA BELMONTE,2026,6,10050.00,10050.00,0.00,1,sim,2026-09-01,2026-08-11T18:09:30
PEDRO PAULO DE OLIVEIRA,PEPA,2023,1,1200.00,3700.00,'-2500.00,2,não,2026-09-01,2026-08-11T18:09:30
PEDRO PAULO DE OLIVEIRA,PEPA,2023,2,9400.00,7100.00,2300.00,2,não,2026-09-01,2026-08-11T18:09:30
PEDRO PAULO DE OLIVEIRA,PEPA,2023,3,14178.00,12000.00,2178.00,3,não,2026-09-01,2026-08-11T18:09:30
PEDRO PAULO DE OLIVEIRA,PEPA,2023,4,14800.00,14278.00,522.00,4,não,2026-09-01,2026-08-11T18:09:30
PEDRO PAULO DE OLIVEIRA,PEPA,2023,5,14300.00,14800.00,'-500.00,4,não,2026-09-01,2026-08-11T18:09:30
PEDRO PAULO DE OLIVEIRA,PEPA,2023,6,14500.00,14300.00,200.00,4,não,2026-09-01,2026-08-11T18:09:30
PEDRO PAULO DE OLIVEIRA,PEPA,2023,7,13700.00,14500.00,'-800.00,4,não,2026-09-01,2026-08-11T18:09:30
PEDRO PAULO DE OLIVEIRA,PEPA,2023,8,14700.00,13700.00,1000.00,4,não,2026-09-01,2026-08-11T18:09:30
PEDRO PAULO DE OLIVEIRA,PEPA,2023,9,14400.00,14700.00,'-300.00,4,não,2026-09-01,2026-08-11T18:09:30
PEDRO PAULO DE OLIVEIRA,PEPA,2023,10,17700.00,17400.00,300.00,5,não,2026-09-01,2026-08-11T18:09:30
PEDRO PAULO DE OLIVEIRA,PEPA,2023,11,17200.00,17700.00,'-500.00,5,não,2026-09-01,2026-08-11T18:09:30
PEDRO PAULO DE OLIVEIRA,PEPA,2023,12,16600.00,17200.00,'-600.00,5,não,2026-09-01,2026-08-11T18:09:30
PEDRO PAULO DE OLIVEIRA,PEPA,2024,1,14586.03,1500.00,13086.03,1,não,2026-09-01,2026-08-11T18:09:30
PEDRO PAULO DE OLIVEIRA,PEPA,2024,2,19076.00,,,0,não,2026-09-01,2026-08-11T18:09:30
PEDRO PAULO DE OLIVEIRA,PEPA,2024,3,19036.00,,,0,não,2026-09-01,2026-08-11T18:09:30
PEDRO PAULO DE OLIVEIRA,PEPA,2024,4,17686.00,,,0,não,2026-09-01,2026-08-11T18:09:30
PEDRO PAULO DE OLIVEIRA,PEPA,2024,5,17586.00,,,0,não,2026-09-01,2026-08-11T18:09:30
PEDRO PAULO DE OLIVEIRA,PEPA,2024,6,18236.00,,,0,não,2026-09-01,2026-08-11T18:09:30
PEDRO PAULO DE OLIVEIRA,PEPA,2024,7,17486.00,,,0,não,2026-09-01,2026-08-11T18:09:30
PEDRO PAULO DE OLIVEIRA,PEPA,2024,8,17967.51,,,0,não,2026-09-01,2026-08-11T18:09:30
PEDRO PAULO DE OLIVEIRA,PEPA,2024,9,17937.54,,,0,não,2026-09-01,2026-08-11T18:09:30
PEDRO PAULO DE OLIVEIRA,PEPA,2024,10,14319.90,,,0,não,2026-09-01,2026-08-11T18:09:30
PEDRO PAULO DE OLIVEIRA,PEPA,2024,11,18400.00,,,0,não,2026-09-01,2026-08-11T18:09:30
PEDRO PAULO DE OLIVEIRA,PEPA,2024,12,18417.68,,,0,não,2026-09-01,2026-08-11T18:09:30
PEDRO PAULO DE OLIVEIRA,PEPA,2025,1,16500.00,,,0,não,2026-09-01,2026-08-11T18:09:30
PEDRO PAULO DE OLIVEIRA,PEPA,2025,2,15222.77,,,0,não,2026-09-01,2026-08-11T18:09:30
PEDRO PAULO DE OLIVEIRA,PEPA,2025,3,13105.23,,,0,não,2026-09-01,2026-08-11T18:09:30
PEDRO PAULO DE OLIVEIRA,PEPA,2025,4,17055.11,,,0,não,2026-09-01,2026-08-11T18:09:30
PEDRO PAULO DE OLIVEIRA,PEPA,2025,5,17555.00,,,0,não,2026-09-01,2026-08-11T18:09:30
PEDRO PAULO DE OLIVEIRA,PEPA,2025,6,17355.00,,,0,não,2026-09-01,2026-08-11T18:09:30
PEDRO PAULO DE OLIVEIRA,PEPA,2025,7,13755.00,,,0,não,2026-09-01,2026-08-11T18:09:30
PEDRO PAULO DE OLIVEIRA,PEPA,2025,8,13755.00,,,0,não,2026-09-01,2026-08-11T18:09:30
PEDRO PAULO DE OLIVEIRA,PEPA,2025,9,13755.00,,,0,não,2026-09-01,2026-08-11T18:09:30
PEDRO PAULO DE OLIVEIRA,PEPA,2025,10,13755.00,,,0,não,2026-09-01,2026-08-11T18:09:30
PEDRO PAULO DE OLIVEIRA,PEPA,2025,11,13755.00,,,0,não,2026-09-01,2026-08-11T18:09:30
PEDRO PAULO DE OLIVEIRA,PEPA,2025,12,13755.00,,,0,não,2026-09-01,2026-08-11T18:09:30
PEDRO PAULO DE OLIVEIRA,PEPA,2026,1,13755.00,,,0,não,2026-09-01,2026-08-11T18:09:30
PEDRO PAULO DE OLIVEIRA,PEPA,2026,2,13755.00,,,0,não,2026-09-01,2026-08-11T18:09:30
PEDRO PAULO DE OLIVEIRA,PEPA,2026,3,13745.00,,,0,não,2026-09-01,2026-08-11T18:09:30
PEDRO PAULO DE OLIVEIRA,PEPA,2026,4,13745.00,,,0,não,2026-09-01,2026-08-11T18:09:30
PEDRO PAULO DE OLIVEIRA,PEPA,2026,5,13745.00,,,0,não,2026-09-01,2026-08-11T18:09:30
PEDRO PAULO DE OLIVEIRA,PEPA,2026,6,13545.00,,,0,não,2026-09-01,2026-08-11T18:09:30
RICARDO VALE,RICARDO VALE,2023,1,0.00,,,0,não,2026-09-01,2026-08-11T18:09:30
RICARDO VALE,RICARDO VALE,2023,2,11000.00,,,0,não,2026-09-01,2026-08-11T18:09:30
RICARDO VALE,RICARDO VALE,2023,3,11000.00,,,0,não,2026-09-01,2026-08-11T18:09:30
RICARDO VALE,RICARDO VALE,2023,4,11000.00,,,0,não,2026-09-01,2026-08-11T18:09:30
RICARDO VALE,RICARDO VALE,2023,5,11000.00,,,0,não,2026-09-01,2026-08-11T18:09:30
RICARDO VALE,RICARDO VALE,2023,6,11000.00,,,0,não,2026-09-01,2026-08-11T18:09:30
RICARDO VALE,RICARDO VALE,2023,7,11000.00,,,0,não,2026-09-01,2026-08-11T18:09:30
RICARDO VALE,RICARDO VALE,2023,8,11000.00,,,0,não,2026-09-01,2026-08-11T18:09:30
RICARDO VALE,RICARDO VALE,2023,9,11000.00,,,0,não,2026-09-01,2026-08-11T18:09:30
RICARDO VALE,RICARDO VALE,2023,10,11070.55,,,0,não,2026-09-01,2026-08-11T18:09:30
RICARDO VALE,RICARDO VALE,2023,11,13929.41,,,0,não,2026-09-01,2026-08-11T18:09:30
RICARDO VALE,RICARDO VALE,2023,12,11000.00,,,0,não,2026-09-01,2026-08-11T18:09:30
RICARDO VALE,RICARDO VALE,2024,1,12772.51,,,0,não,2026-09-01,2026-08-11T18:09:30
RICARDO VALE,RICARDO VALE,2024,2,14195.62,,,0,não,2026-09-01,2026-08-11T18:09:30
RICARDO VALE,RICARDO VALE,2024,3,12000.00,,,0,não,2026-09-01,2026-08-11T18:09:30
RICARDO VALE,RICARDO VALE,2024,4,12499.99,,,0,não,2026-09-01,2026-08-11T18:09:30
RICARDO VALE,RICARDO VALE,2024,5,12000.00,,,0,não,2026-09-01,2026-08-11T18:09:30
RICARDO VALE,RICARDO VALE,2024,6,12092.29,,,0,não,2026-09-01,2026-08-11T18:09:30
RICARDO VALE,RICARDO VALE,2024,7,13593.69,,,0,não,2026-09-01,2026-08-11T18:09:30
RICARDO VALE,RICARDO VALE,2024,8,17726.02,,,0,não,2026-09-01,2026-08-11T18:09:30
RICARDO VALE,RICARDO VALE,2024,9,17713.00,,,0,não,2026-09-01,2026-08-11T18:09:30
RICARDO VALE,RICARDO VALE,2024,10,17756.00,,,0,não,2026-09-01,2026-08-11T18:09:30
RICARDO VALE,RICARDO VALE,2024,11,18256.00,,,0,não,2026-09-01,2026-08-11T18:09:30
RICARDO VALE,RICARDO VALE,2024,12,19255.99,,,0,não,2026-09-01,2026-08-11T18:09:30
RICARDO VALE,RICARDO VALE,2025,1,17255.99,,,0,não,2026-09-01,2026-08-11T18:09:30
RICARDO VALE,RICARDO VALE,2025,2,19256.00,,,0,não,2026-09-01,2026-08-11T18:09:30
RICARDO VALE,RICARDO VALE,2025,3,20196.51,,,0,não,2026-09-01,2026-08-11T18:09:30
RICARDO VALE,RICARDO VALE,2025,4,20107.86,,,0,não,2026-09-01,2026-08-11T18:09:30
RICARDO VALE,RICARDO VALE,2025,5,20178.31,,,0,não,2026-09-01,2026-08-11T18:09:30
RICARDO VALE,RICARDO VALE,2025,6,20336.82,,,0,não,2026-09-01,2026-08-11T18:09:30
RICARDO VALE,RICARDO VALE,2025,7,20403.75,,,0,não,2026-09-01,2026-08-11T18:09:30
RICARDO VALE,RICARDO VALE,2025,8,19623.86,,,0,não,2026-09-01,2026-08-11T18:09:30
RICARDO VALE,RICARDO VALE,2025,9,19716.32,,,0,não,2026-09-01,2026-08-11T18:09:30
RICARDO VALE,RICARDO VALE,2025,10,19728.93,,,0,não,2026-09-01,2026-08-11T18:09:30
RICARDO VALE,RICARDO VALE,2025,11,19709.24,,,0,não,2026-09-01,2026-08-11T18:09:30
RICARDO VALE,RICARDO VALE,2025,12,19752.11,,,0,não,2026-09-01,2026-08-11T18:09:30
RICARDO VALE,RICARDO VALE,2026,1,19479.94,,,0,não,2026-09-01,2026-08-11T18:09:30
RICARDO VALE,RICARDO VALE,2026,2,19796.92,,,0,não,2026-09-01,2026-08-11T18:09:30
RICARDO VALE,RICARDO VALE,2026,3,20423.58,,,0,não,2026-09-01,2026-08-11T18:09:30
RICARDO VALE,RICARDO VALE,2026,4,19661.63,,,0,não,2026-09-01,2026-08-11T18:09:30
RICARDO VALE,RICARDO VALE,2026,5,14678.60,,,0,não,2026-09-01,2026-08-11T18:09:30
RICARDO VALE,RICARDO VALE,2026,6,15576.24,,,0,não,2026-09-01,2026-08-11T18:09:30
ROBÉRIO NEGREIROS,ROBERIO NEGREIROS,2023,1,9514.97,,,0,não,2026-09-01,2026-08-11T18:09:30
ROBÉRIO NEGREIROS,ROBERIO NEGREIROS,2023,2,9696.31,,,0,não,2026-09-01,2026-08-11T18:09:30
ROBÉRIO NEGREIROS,ROBERIO NEGREIROS,2023,3,11790.30,,,0,não,2026-09-01,2026-08-11T18:09:30
ROBÉRIO NEGREIROS,ROBERIO NEGREIROS,2023,4,10507.73,,,0,não,2026-09-01,2026-08-11T18:09:30
ROBÉRIO NEGREIROS,ROBERIO NEGREIROS,2023,5,10844.87,,,0,não,2026-09-01,2026-08-11T18:09:30
ROBÉRIO NEGREIROS,ROBERIO NEGREIROS,2023,6,10688.99,,,0,não,2026-09-01,2026-08-11T18:09:30
ROBÉRIO NEGREIROS,ROBERIO NEGREIROS,2023,7,6188.99,,,0,não,2026-09-01,2026-08-11T18:09:30
ROBÉRIO NEGREIROS,ROBERIO NEGREIROS,2023,8,12109.01,,,0,não,2026-09-01,2026-08-11T18:09:30
ROBÉRIO NEGREIROS,ROBERIO NEGREIROS,2023,9,11909.92,,,0,não,2026-09-01,2026-08-11T18:09:30
ROBÉRIO NEGREIROS,ROBERIO NEGREIROS,2023,10,12035.19,,,0,não,2026-09-01,2026-08-11T18:09:30
ROBÉRIO NEGREIROS,ROBERIO NEGREIROS,2023,11,10568.89,,,0,não,2026-09-01,2026-08-11T18:09:30
ROBÉRIO NEGREIROS,ROBERIO NEGREIROS,2023,12,10099.50,,,0,não,2026-09-01,2026-08-11T18:09:30
ROBÉRIO NEGREIROS,ROBERIO NEGREIROS,2024,1,9021.11,,,0,não,2026-09-01,2026-08-11T18:09:30
ROBÉRIO NEGREIROS,ROBERIO NEGREIROS,2024,2,9145.00,,,0,não,2026-09-01,2026-08-11T18:09:30
ROBÉRIO NEGREIROS,ROBERIO NEGREIROS,2024,3,10094.44,,,0,não,2026-09-01,2026-08-11T18:09:30
ROBÉRIO NEGREIROS,ROBERIO NEGREIROS,2024,4,10438.37,,,0,não,2026-09-01,2026-08-11T18:09:30
ROBÉRIO NEGREIROS,ROBERIO NEGREIROS,2024,5,10837.34,,,0,não,2026-09-01,2026-08-11T18:09:30
ROBÉRIO NEGREIROS,ROBERIO NEGREIROS,2024,6,14279.67,,,0,não,2026-09-01,2026-08-11T18:09:30
ROBÉRIO NEGREIROS,ROBERIO NEGREIROS,2024,7,14242.47,,,0,não,2026-09-01,2026-08-11T18:09:30
ROBÉRIO NEGREIROS,ROBERIO NEGREIROS,2024,8,15571.03,,,0,não,2026-09-01,2026-08-11T18:09:30
ROBÉRIO NEGREIROS,ROBERIO NEGREIROS,2024,9,14966.90,,,0,não,2026-09-01,2026-08-11T18:09:30
ROBÉRIO NEGREIROS,ROBERIO NEGREIROS,2024,10,15397.20,,,0,não,2026-09-01,2026-08-11T18:09:30
ROBÉRIO NEGREIROS,ROBERIO NEGREIROS,2024,11,15440.24,,,0,não,2026-09-01,2026-08-11T18:09:30
ROBÉRIO NEGREIROS,ROBERIO NEGREIROS,2024,12,14517.09,,,0,não,2026-09-01,2026-08-11T18:09:30
ROBÉRIO NEGREIROS,ROBERIO NEGREIROS,2025,1,13592.15,,,0,não,2026-09-01,2026-08-11T18:09:30
ROBÉRIO NEGREIROS,ROBERIO NEGREIROS,2025,2,14938.13,,,0,não,2026-09-01,2026-08-11T18:09:30
ROBÉRIO NEGREIROS,ROBERIO NEGREIROS,2025,3,15710.40,,,0,não,2026-09-01,2026-08-11T18:09:30
ROBÉRIO NEGREIROS,ROBERIO NEGREIROS,2025,4,15653.11,,,0,não,2026-09-01,2026-08-11T18:09:30
ROBÉRIO NEGREIROS,ROBERIO NEGREIROS,2025,5,15852.33,,,0,não,2026-09-01,2026-08-11T18:09:30
ROBÉRIO NEGREIROS,ROBERIO NEGREIROS,2025,6,16571.79,,,0,não,2026-09-01,2026-08-11T18:09:30
ROBÉRIO NEGREIROS,ROBERIO NEGREIROS,2025,7,13767.63,,,0,não,2026-09-01,2026-08-11T18:09:30
ROBÉRIO NEGREIROS,ROBERIO NEGREIROS,2025,8,13150.47,,,0,não,2026-09-01,2026-08-11T18:09:30
ROBÉRIO NEGREIROS,ROBERIO NEGREIROS,2025,9,12928.39,,,0,não,2026-09-01,2026-08-11T18:09:30
ROBÉRIO NEGREIROS,ROBERIO NEGREIROS,2025,10,12998.45,,,0,não,2026-09-01,2026-08-11T18:09:30
ROBÉRIO NEGREIROS,ROBERIO NEGREIROS,2025,11,13179.98,,,0,não,2026-09-01,2026-08-11T18:09:30
ROBÉRIO NEGREIROS,ROBERIO NEGREIROS,2025,12,12999.47,,,0,não,2026-09-01,2026-08-11T18:09:30
ROBÉRIO NEGREIROS,ROBERIO NEGREIROS,2026,1,12782.34,12784.52,'-2.18,6,não,2026-09-01,2026-08-11T18:09:30
ROBÉRIO NEGREIROS,ROBERIO NEGREIROS,2026,2,12784.52,14284.52,'-1500.00,7,não,2026-09-01,2026-08-11T18:09:30
ROBÉRIO NEGREIROS,ROBERIO NEGREIROS,2026,3,13284.51,15128.18,'-1843.67,7,não,2026-09-01,2026-08-11T18:09:30
ROBÉRIO NEGREIROS,ROBERIO NEGREIROS,2026,4,13762.31,17019.77,'-3257.46,7,não,2026-09-01,2026-08-11T18:09:30
ROBÉRIO NEGREIROS,ROBERIO NEGREIROS,2026,5,12784.52,,,0,não,2026-09-01,2026-08-11T18:09:30
ROBÉRIO NEGREIROS,ROBERIO NEGREIROS,2026,6,14284.52,649.00,13635.52,1,não,2026-09-01,2026-08-11T18:09:30
ROGÉRIO MORRO DA CRUZ,ROGERIO MORRO DA CRUZ,2023,1,0.00,,,0,não,2026-09-01,2026-08-11T18:09:30
ROGÉRIO MORRO DA CRUZ,ROGERIO MORRO DA CRUZ,2023,2,5000.00,,,0,não,2026-09-01,2026-08-11T18:09:30
ROGÉRIO MORRO DA CRUZ,ROGERIO MORRO DA CRUZ,2023,3,12799.98,,,0,não,2026-09-01,2026-08-11T18:09:30
ROGÉRIO MORRO DA CRUZ,ROGERIO MORRO DA CRUZ,2023,4,16686.29,,,0,não,2026-09-01,2026-08-11T18:09:30
ROGÉRIO MORRO DA CRUZ,ROGERIO MORRO DA CRUZ,2023,5,16932.34,,,0,não,2026-09-01,2026-08-11T18:09:30
ROGÉRIO MORRO DA CRUZ,ROGERIO MORRO DA CRUZ,2023,6,15960.65,,,0,não,2026-09-01,2026-08-11T18:09:30
ROGÉRIO MORRO DA CRUZ,ROGERIO MORRO DA CRUZ,2023,7,15687.58,,,0,não,2026-09-01,2026-08-11T18:09:30
ROGÉRIO MORRO DA CRUZ,ROGERIO MORRO DA CRUZ,2023,8,16076.22,,,0,não,2026-09-01,2026-08-11T18:09:30
ROGÉRIO MORRO DA CRUZ,ROGERIO MORRO DA CRUZ,2023,9,15946.55,,,0,não,2026-09-01,2026-08-11T18:09:30
ROGÉRIO MORRO DA CRUZ,ROGERIO MORRO DA CRUZ,2023,10,16701.55,,,0,não,2026-09-01,2026-08-11T18:09:30
ROGÉRIO MORRO DA CRUZ,ROGERIO MORRO DA CRUZ,2023,11,16607.21,,,0,não,2026-09-01,2026-08-11T18:09:30
ROGÉRIO MORRO DA CRUZ,ROGERIO MORRO DA CRUZ,2023,12,15690.61,,,0,não,2026-09-01,2026-08-11T18:09:30
ROGÉRIO MORRO DA CRUZ,ROGERIO MORRO DA CRUZ,2024,1,15389.31,,,0,não,2026-09-01,2026-08-11T18:09:30
ROGÉRIO MORRO DA CRUZ,ROGERIO MORRO DA CRUZ,2024,2,14795.38,,,0,não,2026-09-01,2026-08-11T18:09:30
ROGÉRIO MORRO DA CRUZ,ROGERIO MORRO DA CRUZ,2024,3,12415.05,,,0,não,2026-09-01,2026-08-11T18:09:30
ROGÉRIO MORRO DA CRUZ,ROGERIO MORRO DA CRUZ,2024,4,12887.98,,,0,não,2026-09-01,2026-08-11T18:09:30
ROGÉRIO MORRO DA CRUZ,ROGERIO MORRO DA CRUZ,2024,5,10799.16,,,0,não,2026-09-01,2026-08-11T18:09:30
ROGÉRIO MORRO DA CRUZ,ROGERIO MORRO DA CRUZ,2024,6,8962.21,,,0,não,2026-09-01,2026-08-11T18:09:30
ROGÉRIO MORRO DA CRUZ,ROGERIO MORRO DA CRUZ,2024,7,7011.54,,,0,não,2026-09-01,2026-08-11T18:09:30
ROGÉRIO MORRO DA CRUZ,ROGERIO MORRO DA CRUZ,2024,8,8118.45,,,0,não,2026-09-01,2026-08-11T18:09:30
ROGÉRIO MORRO DA CRUZ,ROGERIO MORRO DA CRUZ,2024,9,9154.81,,,0,não,2026-09-01,2026-08-11T18:09:30
ROGÉRIO MORRO DA CRUZ,ROGERIO MORRO DA CRUZ,2024,10,8259.79,,,0,não,2026-09-01,2026-08-11T18:09:30
ROGÉRIO MORRO DA CRUZ,ROGERIO MORRO DA CRUZ,2024,11,8562.89,,,0,não,2026-09-01,2026-08-11T18:09:30
ROGÉRIO MORRO DA CRUZ,ROGERIO MORRO DA CRUZ,2024,12,8799.47,,,0,não,2026-09-01,2026-08-11T18:09:30
ROGÉRIO MORRO DA CRUZ,ROGERIO MORRO DA CRUZ,2025,1,8334.52,,,0,não,2026-09-01,2026-08-11T18:09:30
ROGÉRIO MORRO DA CRUZ,ROGERIO MORRO DA CRUZ,2025,2,9407.81,,,0,não,2026-09-01,2026-08-11T18:09:30
ROGÉRIO MORRO DA CRUZ,ROGERIO MORRO DA CRUZ,2025,3,17189.09,,,0,não,2026-09-01,2026-08-11T18:09:30
ROGÉRIO MORRO DA CRUZ,ROGERIO MORRO DA CRUZ,2025,4,17601.54,,,0,não,2026-09-01,2026-08-11T18:09:30
ROGÉRIO MORRO DA CRUZ,ROGERIO MORRO DA CRUZ,2025,5,17469.94,,,0,não,2026-09-01,2026-08-11T18:09:30
ROGÉRIO MORRO DA CRUZ,ROGERIO MORRO DA CRUZ,2025,6,16915.97,,,0,não,2026-09-01,2026-08-11T18:09:30
ROGÉRIO MORRO DA CRUZ,ROGERIO MORRO DA CRUZ,2025,7,15000.00,,,0,não,2026-09-01,2026-08-11T18:09:30
ROGÉRIO MORRO DA CRUZ,ROGERIO MORRO DA CRUZ,2025,8,15000.00,,,0,não,2026-09-01,2026-08-11T18:09:30
ROGÉRIO MORRO DA CRUZ,ROGERIO MORRO DA CRUZ,2025,9,15000.00,,,0,não,2026-09-01,2026-08-11T18:09:30
ROGÉRIO MORRO DA CRUZ,ROGERIO MORRO DA CRUZ,2025,10,15000.00,,,0,não,2026-09-01,2026-08-11T18:09:30
ROGÉRIO MORRO DA CRUZ,ROGERIO MORRO DA CRUZ,2025,11,15000.00,,,0,não,2026-09-01,2026-08-11T18:09:30
ROGÉRIO MORRO DA CRUZ,ROGERIO MORRO DA CRUZ,2025,12,15000.00,,,0,não,2026-09-01,2026-08-11T18:09:30
ROGÉRIO MORRO DA CRUZ,ROGERIO MORRO DA CRUZ,2026,1,15100.00,,,0,não,2026-09-01,2026-08-11T18:09:30
ROGÉRIO MORRO DA CRUZ,ROGERIO MORRO DA CRUZ,2026,2,15100.00,,,0,não,2026-09-01,2026-08-11T18:09:30
ROGÉRIO MORRO DA CRUZ,ROGERIO MORRO DA CRUZ,2026,3,15100.00,,,0,não,2026-09-01,2026-08-11T18:09:30
ROGÉRIO MORRO DA CRUZ,ROGERIO MORRO DA CRUZ,2026,4,15100.00,,,0,não,2026-09-01,2026-08-11T18:09:30
ROGÉRIO MORRO DA CRUZ,ROGERIO MORRO DA CRUZ,2026,5,15100.00,,,0,não,2026-09-01,2026-08-11T18:09:30
ROGÉRIO MORRO DA CRUZ,ROGERIO MORRO DA CRUZ,2026,6,15100.00,,,0,não,2026-09-01,2026-08-11T18:09:30
ROOSEVELT VILELA,ROOSEVELT VILELA,2023,1,5900.00,,,0,não,2026-09-01,2026-08-11T18:09:30
ROOSEVELT VILELA,ROOSEVELT VILELA,2023,2,6483.20,6483.20,0.00,4,sim,2026-09-01,2026-08-11T18:09:30
ROOSEVELT VILELA,ROOSEVELT VILELA,2023,3,5900.00,5900.00,0.00,1,sim,2026-09-01,2026-08-11T18:09:30
ROOSEVELT VILELA,ROOSEVELT VILELA,2023,4,5900.00,5900.00,0.00,1,sim,2026-09-01,2026-08-11T18:09:30
ROOSEVELT VILELA,ROOSEVELT VILELA,2023,5,8411.86,5900.00,2511.86,1,não,2026-09-01,2026-08-11T18:09:30
ROOSEVELT VILELA,ROOSEVELT VILELA,2023,6,0.00,8711.86,'-8711.86,5,não,2026-09-01,2026-08-11T18:09:30
ROOSEVELT VILELA,ROOSEVELT VILELA,2023,7,0.00,8734.74,'-8734.74,3,não,2026-09-01,2026-08-11T18:09:30
ROOSEVELT VILELA,ROOSEVELT VILELA,2023,8,0.00,8008.90,'-8008.90,2,não,2026-09-01,2026-08-11T18:09:30
ROOSEVELT VILELA,ROOSEVELT VILELA,2023,9,0.00,6642.10,'-6642.10,3,não,2026-09-01,2026-08-11T18:09:30
ROOSEVELT VILELA,ROOSEVELT VILELA,2023,10,0.00,3549.00,'-3549.00,2,não,2026-09-01,2026-08-11T18:09:30
ROOSEVELT VILELA,ROOSEVELT VILELA,2023,11,0.00,6604.55,'-6604.55,4,não,2026-09-01,2026-08-11T18:09:30
ROOSEVELT VILELA,ROOSEVELT VILELA,2023,12,0.00,3400.00,'-3400.00,1,não,2026-09-01,2026-08-11T18:09:30
ROOSEVELT VILELA,ROOSEVELT VILELA,2024,1,0.00,,,0,não,2026-09-01,2026-08-11T18:09:30
ROOSEVELT VILELA,ROOSEVELT VILELA,2024,2,0.00,,,0,não,2026-09-01,2026-08-11T18:09:30
ROOSEVELT VILELA,ROOSEVELT VILELA,2024,3,0.00,,,0,não,2026-09-01,2026-08-11T18:09:30
ROOSEVELT VILELA,ROOSEVELT VILELA,2024,4,4564.85,,,0,não,2026-09-01,2026-08-11T18:09:30
ROOSEVELT VILELA,ROOSEVELT VILELA,2024,5,3739.09,,,0,não,2026-09-01,2026-08-11T18:09:30
ROOSEVELT VILELA,ROOSEVELT VILELA,2024,6,3400.00,,,0,não,2026-09-01,2026-08-11T18:09:30
ROOSEVELT VILELA,ROOSEVELT VILELA,2024,7,3400.00,,,0,não,2026-09-01,2026-08-11T18:09:30
ROOSEVELT VILELA,ROOSEVELT VILELA,2024,8,3400.00,,,0,não,2026-09-01,2026-08-11T18:09:30
ROOSEVELT VILELA,ROOSEVELT VILELA,2024,9,4512.57,,,0,não,2026-09-01,2026-08-11T18:09:30
ROOSEVELT VILELA,ROOSEVELT VILELA,2024,10,3493.28,,,0,não,2026-09-01,2026-08-11T18:09:30
ROOSEVELT VILELA,ROOSEVELT VILELA,2024,11,6185.13,,,0,não,2026-09-01,2026-08-11T18:09:30
ROOSEVELT VILELA,ROOSEVELT VILELA,2024,12,3400.00,,,0,não,2026-09-01,2026-08-11T18:09:30
ROOSEVELT VILELA,ROOSEVELT VILELA,2025,1,0.00,,,0,não,2026-09-01,2026-08-11T18:09:30
ROOSEVELT VILELA,ROOSEVELT VILELA,2025,2,0.00,,,0,não,2026-09-01,2026-08-11T18:09:30
ROOSEVELT VILELA,ROOSEVELT VILELA,2025,3,0.00,,,0,não,2026-09-01,2026-08-11T18:09:30
ROOSEVELT VILELA,ROOSEVELT VILELA,2025,4,0.00,,,0,não,2026-09-01,2026-08-11T18:09:30
ROOSEVELT VILELA,ROOSEVELT VILELA,2025,5,0.00,,,0,não,2026-09-01,2026-08-11T18:09:30
ROOSEVELT VILELA,ROOSEVELT VILELA,2025,6,0.00,,,0,não,2026-09-01,2026-08-11T18:09:30
ROOSEVELT VILELA,ROOSEVELT VILELA,2025,7,0.00,,,0,não,2026-09-01,2026-08-11T18:09:30
ROOSEVELT VILELA,ROOSEVELT VILELA,2025,8,0.00,,,0,não,2026-09-01,2026-08-11T18:09:30
ROOSEVELT VILELA,ROOSEVELT VILELA,2025,9,0.00,,,0,não,2026-09-01,2026-08-11T18:09:30
ROOSEVELT VILELA,ROOSEVELT VILELA,2025,10,0.00,,,0,não,2026-09-01,2026-08-11T18:09:30
ROOSEVELT VILELA,ROOSEVELT VILELA,2025,11,0.00,,,0,não,2026-09-01,2026-08-11T18:09:30
ROOSEVELT VILELA,ROOSEVELT VILELA,2025,12,0.00,,,0,não,2026-09-01,2026-08-11T18:09:30
ROOSEVELT VILELA,ROOSEVELT VILELA,2026,1,0.00,,,0,não,2026-09-01,2026-08-11T18:09:30
ROOSEVELT VILELA,ROOSEVELT VILELA,2026,2,0.00,,,0,não,2026-09-01,2026-08-11T18:09:30
ROOSEVELT VILELA,ROOSEVELT VILELA,2026,3,0.00,,,0,não,2026-09-01,2026-08-11T18:09:30
ROOSEVELT VILELA,ROOSEVELT VILELA,2026,4,0.00,,,0,não,2026-09-01,2026-08-11T18:09:30
ROOSEVELT VILELA,ROOSEVELT VILELA,2026,5,0.00,,,0,não,2026-09-01,2026-08-11T18:09:30
ROOSEVELT VILELA,ROOSEVELT VILELA,2026,6,0.00,,,0,não,2026-09-01,2026-08-11T18:09:30
THIAGO MANZONI,THIAGO MANZONI,2023,1,0.00,,,0,não,2026-09-01,2026-08-11T18:09:30
THIAGO MANZONI,THIAGO MANZONI,2023,2,3519.28,3519.28,0.00,5,sim,2026-09-01,2026-08-11T18:09:30
THIAGO MANZONI,THIAGO MANZONI,2023,3,3513.57,3390.56,123.01,3,não,2026-09-01,2026-08-11T18:09:30
THIAGO MANZONI,THIAGO MANZONI,2023,4,6126.63,6126.63,0.00,9,sim,2026-09-01,2026-08-11T18:09:30
THIAGO MANZONI,THIAGO MANZONI,2023,5,11274.97,10884.97,390.00,14,não,2026-09-01,2026-08-11T18:09:30
THIAGO MANZONI,THIAGO MANZONI,2023,6,9775.44,9775.44,0.00,12,sim,2026-09-01,2026-08-11T18:09:30
THIAGO MANZONI,THIAGO MANZONI,2023,7,9345.66,9345.66,0.00,11,sim,2026-09-01,2026-08-11T18:09:30
THIAGO MANZONI,THIAGO MANZONI,2023,8,11174.48,11174.48,0.00,13,sim,2026-09-01,2026-08-11T18:09:30
THIAGO MANZONI,THIAGO MANZONI,2023,9,12721.53,12721.53,0.00,15,sim,2026-09-01,2026-08-11T18:09:30
THIAGO MANZONI,THIAGO MANZONI,2023,10,17092.01,,,0,não,2026-09-01,2026-08-11T18:09:30
THIAGO MANZONI,THIAGO MANZONI,2023,11,17608.55,,,0,não,2026-09-01,2026-08-11T18:09:30
THIAGO MANZONI,THIAGO MANZONI,2023,12,15135.83,,,0,não,2026-09-01,2026-08-11T18:09:30
THIAGO MANZONI,THIAGO MANZONI,2024,1,16078.35,,,0,não,2026-09-01,2026-08-11T18:09:30
THIAGO MANZONI,THIAGO MANZONI,2024,2,19210.47,,,0,não,2026-09-01,2026-08-11T18:09:30
THIAGO MANZONI,THIAGO MANZONI,2024,3,19198.00,,,0,não,2026-09-01,2026-08-11T18:09:30
THIAGO MANZONI,THIAGO MANZONI,2024,4,19803.83,,,0,não,2026-09-01,2026-08-11T18:09:30
THIAGO MANZONI,THIAGO MANZONI,2024,5,15389.23,,,0,não,2026-09-01,2026-08-11T18:09:30
THIAGO MANZONI,THIAGO MANZONI,2024,6,19393.34,,,0,não,2026-09-01,2026-08-11T18:09:30
THIAGO MANZONI,THIAGO MANZONI,2024,7,12645.25,,,0,não,2026-09-01,2026-08-11T18:09:30
THIAGO MANZONI,THIAGO MANZONI,2024,8,16026.27,,,0,não,2026-09-01,2026-08-11T18:09:30
THIAGO MANZONI,THIAGO MANZONI,2024,9,15416.20,,,0,não,2026-09-01,2026-08-11T18:09:30
THIAGO MANZONI,THIAGO MANZONI,2024,10,12568.11,,,0,não,2026-09-01,2026-08-11T18:09:30
THIAGO MANZONI,THIAGO MANZONI,2024,11,13768.11,,,0,não,2026-09-01,2026-08-11T18:09:30
THIAGO MANZONI,THIAGO MANZONI,2024,12,13168.11,,,0,não,2026-09-01,2026-08-11T18:09:30
THIAGO MANZONI,THIAGO MANZONI,2025,1,14968.11,,,0,não,2026-09-01,2026-08-11T18:09:30
THIAGO MANZONI,THIAGO MANZONI,2025,2,12788.16,,,0,não,2026-09-01,2026-08-11T18:09:30
THIAGO MANZONI,THIAGO MANZONI,2025,3,20864.78,,,0,não,2026-09-01,2026-08-11T18:09:30
THIAGO MANZONI,THIAGO MANZONI,2025,4,14507.00,,,0,não,2026-09-01,2026-08-11T18:09:30
THIAGO MANZONI,THIAGO MANZONI,2025,5,20415.32,,,0,não,2026-09-01,2026-08-11T18:09:30
THIAGO MANZONI,THIAGO MANZONI,2025,6,15327.44,,,0,não,2026-09-01,2026-08-11T18:09:30
THIAGO MANZONI,THIAGO MANZONI,2025,7,17427.44,,,0,não,2026-09-01,2026-08-11T18:09:30
THIAGO MANZONI,THIAGO MANZONI,2025,8,16227.44,,,0,não,2026-09-01,2026-08-11T18:09:30
THIAGO MANZONI,THIAGO MANZONI,2025,9,16785.44,,,0,não,2026-09-01,2026-08-11T18:09:30
THIAGO MANZONI,THIAGO MANZONI,2025,10,16182.33,,,0,não,2026-09-01,2026-08-11T18:09:30
THIAGO MANZONI,THIAGO MANZONI,2025,11,18502.82,,,0,não,2026-09-01,2026-08-11T18:09:30
THIAGO MANZONI,THIAGO MANZONI,2025,12,16182.33,,,0,não,2026-09-01,2026-08-11T18:09:30
THIAGO MANZONI,THIAGO MANZONI,2026,1,16170.92,,,0,não,2026-09-01,2026-08-11T18:09:30
THIAGO MANZONI,THIAGO MANZONI,2026,2,14211.15,,,0,não,2026-09-01,2026-08-11T18:09:30
THIAGO MANZONI,THIAGO MANZONI,2026,3,11801.15,,,0,não,2026-09-01,2026-08-11T18:09:30
THIAGO MANZONI,THIAGO MANZONI,2026,4,13763.96,,,0,não,2026-09-01,2026-08-11T18:09:30
THIAGO MANZONI,THIAGO MANZONI,2026,5,16433.77,,,0,não,2026-09-01,2026-08-11T18:09:30
THIAGO MANZONI,THIAGO MANZONI,2026,6,8766.74,,,0,não,2026-09-01,2026-08-11T18:09:30
WELLINGTON LUIZ,WELLINGTON LUIZ,2023,1,0.00,,,0,não,2026-09-01,2026-08-11T18:09:30
WELLINGTON LUIZ,WELLINGTON LUIZ,2023,2,0.00,,,0,não,2026-09-01,2026-08-11T18:09:30
WELLINGTON LUIZ,WELLINGTON LUIZ,2023,3,0.00,,,0,não,2026-09-01,2026-08-11T18:09:30
WELLINGTON LUIZ,WELLINGTON LUIZ,2023,4,0.00,,,0,não,2026-09-01,2026-08-11T18:09:30
WELLINGTON LUIZ,WELLINGTON LUIZ,2023,5,0.00,,,0,não,2026-09-01,2026-08-11T18:09:30
WELLINGTON LUIZ,WELLINGTON LUIZ,2023,6,0.00,,,0,não,2026-09-01,2026-08-11T18:09:30
WELLINGTON LUIZ,WELLINGTON LUIZ,2023,7,0.00,,,0,não,2026-09-01,2026-08-11T18:09:30
WELLINGTON LUIZ,WELLINGTON LUIZ,2023,8,0.00,,,0,não,2026-09-01,2026-08-11T18:09:30
WELLINGTON LUIZ,WELLINGTON LUIZ,2023,9,0.00,,,0,não,2026-09-01,2026-08-11T18:09:30
WELLINGTON LUIZ,WELLINGTON LUIZ,2023,10,0.00,,,0,não,2026-09-01,2026-08-11T18:09:30
WELLINGTON LUIZ,WELLINGTON LUIZ,2023,11,0.00,,,0,não,2026-09-01,2026-08-11T18:09:30
WELLINGTON LUIZ,WELLINGTON LUIZ,2023,12,0.00,,,0,não,2026-09-01,2026-08-11T18:09:30
WELLINGTON LUIZ,WELLINGTON LUIZ,2024,1,0.00,,,0,não,2026-09-01,2026-08-11T18:09:30
WELLINGTON LUIZ,WELLINGTON LUIZ,2024,2,0.00,,,0,não,2026-09-01,2026-08-11T18:09:30
WELLINGTON LUIZ,WELLINGTON LUIZ,2024,3,0.00,,,0,não,2026-09-01,2026-08-11T18:09:30
WELLINGTON LUIZ,WELLINGTON LUIZ,2024,4,0.00,,,0,não,2026-09-01,2026-08-11T18:09:30
WELLINGTON LUIZ,WELLINGTON LUIZ,2024,5,0.00,,,0,não,2026-09-01,2026-08-11T18:09:30
WELLINGTON LUIZ,WELLINGTON LUIZ,2024,6,0.00,,,0,não,2026-09-01,2026-08-11T18:09:30
WELLINGTON LUIZ,WELLINGTON LUIZ,2024,7,0.00,,,0,não,2026-09-01,2026-08-11T18:09:30
WELLINGTON LUIZ,WELLINGTON LUIZ,2024,8,0.00,,,0,não,2026-09-01,2026-08-11T18:09:30
WELLINGTON LUIZ,WELLINGTON LUIZ,2024,9,0.00,,,0,não,2026-09-01,2026-08-11T18:09:30
WELLINGTON LUIZ,WELLINGTON LUIZ,2024,10,0.00,,,0,não,2026-09-01,2026-08-11T18:09:30
WELLINGTON LUIZ,WELLINGTON LUIZ,2024,11,0.00,,,0,não,2026-09-01,2026-08-11T18:09:30
WELLINGTON LUIZ,WELLINGTON LUIZ,2024,12,0.00,,,0,não,2026-09-01,2026-08-11T18:09:30
WELLINGTON LUIZ,WELLINGTON LUIZ,2025,1,0.00,,,0,não,2026-09-01,2026-08-11T18:09:30
WELLINGTON LUIZ,WELLINGTON LUIZ,2025,2,0.00,,,0,não,2026-09-01,2026-08-11T18:09:30
WELLINGTON LUIZ,WELLINGTON LUIZ,2025,3,0.00,,,0,não,2026-09-01,2026-08-11T18:09:30
WELLINGTON LUIZ,WELLINGTON LUIZ,2025,4,0.00,,,0,não,2026-09-01,2026-08-11T18:09:30
WELLINGTON LUIZ,WELLINGTON LUIZ,2025,5,0.00,,,0,não,2026-09-01,2026-08-11T18:09:30
WELLINGTON LUIZ,WELLINGTON LUIZ,2025,6,0.00,,,0,não,2026-09-01,2026-08-11T18:09:30
WELLINGTON LUIZ,WELLINGTON LUIZ,2025,7,0.00,,,0,não,2026-09-01,2026-08-11T18:09:30
WELLINGTON LUIZ,WELLINGTON LUIZ,2025,8,0.00,,,0,não,2026-09-01,2026-08-11T18:09:30
WELLINGTON LUIZ,WELLINGTON LUIZ,2025,9,0.00,,,0,não,2026-09-01,2026-08-11T18:09:30
WELLINGTON LUIZ,WELLINGTON LUIZ,2025,10,0.00,,,0,não,2026-09-01,2026-08-11T18:09:30
WELLINGTON LUIZ,WELLINGTON LUIZ,2025,11,0.00,,,0,não,2026-09-01,2026-08-11T18:09:30
WELLINGTON LUIZ,WELLINGTON LUIZ,2025,12,0.00,,,0,não,2026-09-01,2026-08-11T18:09:30
WELLINGTON LUIZ,WELLINGTON LUIZ,2026,1,0.00,,,0,não,2026-09-01,2026-08-11T18:09:30
WELLINGTON LUIZ,WELLINGTON LUIZ,2026,2,0.00,,,0,não,2026-09-01,2026-08-11T18:09:30
WELLINGTON LUIZ,WELLINGTON LUIZ,2026,3,0.00,,,0,não,2026-09-01,2026-08-11T18:09:30
WELLINGTON LUIZ,WELLINGTON LUIZ,2026,4,0.00,,,0,não,2026-09-01,2026-08-11T18:09:30
WELLINGTON LUIZ,WELLINGTON LUIZ,2026,5,0.00,,,0,não,2026-09-01,2026-08-11T18:09:30
WELLINGTON LUIZ,WELLINGTON LUIZ,2026,6,0.00,,,0,não,2026-09-01,2026-08-11T18:09:30
