ano,natureza,natureza_rotulo,natureza_em_seis_digitos,natureza_categoria_economica,natureza_grupo,natureza_modalidade_de_aplicacao,natureza_elemento,natureza_subelemento,linhas,empenhado,liquidado,pago,as_of
2022,319007,,319007,3,1,90,07,,12,"1.950.637,55","1.859.055,60","1.859.055,60",2026-08-07T20:15:03.924257
2022,319011,,319011,3,1,90,11,,12,"348.753.968,47","342.217.986,42","341.607.499,22",2026-08-07T20:15:03.924257
2022,319013,,319013,3,1,90,13,,12,"27.565.068,15","25.059.573,75","25.059.573,75",2026-08-07T20:15:03.924257
2022,319016,,319016,3,1,90,16,,12,"1.949.986,25","1.681.086,25","1.681.086,25",2026-08-07T20:15:03.924257
2022,319091,,319091,3,1,90,91,,12,"143.412,57","131.412,57","131.412,57",2026-08-07T20:15:03.924257
2022,319092,,319092,3,1,90,92,,24,"5.139.509,74","5.139.509,74","5.139.509,74",2026-08-07T20:15:03.924257
2022,319094,,319094,3,1,90,94,,12,"14.588.613,58","9.109.113,58","9.109.113,58",2026-08-07T20:15:03.924257
2022,319096,,319096,3,1,90,96,,12,"1.823.796,88","1.377.340,14","1.377.340,14",2026-08-07T20:15:03.924257
2022,319113,,319113,3,1,91,13,,12,"47.464.246,11","46.876.998,21","46.876.998,21",2026-08-07T20:15:03.924257
2022,319192,,319192,3,1,91,92,,24,"285.447,10","285.447,10","285.447,10",2026-08-07T20:15:03.924257
2022,319196,,319196,3,1,91,96,,12,"0,00","0,00","0,00",2026-08-07T20:15:03.924257
2022,339008,,339008,3,3,90,08,,12,"4.042.852,50","4.029.152,50","4.029.152,50",2026-08-07T20:15:03.924257
2022,339014,,339014,3,3,90,14,,12,"0,00","0,00","0,00",2026-08-07T20:15:03.924257
2022,339030,,339030,3,3,90,30,,36,"1.973.767,91","1.135.005,60","1.135.005,60",2026-08-07T20:15:03.924257
2022,339031,,339031,3,3,90,31,,24,"240.000,00","0,00","0,00",2026-08-07T20:15:03.924257
2022,339032,,339032,3,3,90,32,,24,"33.531,70","33.531,70","33.531,70",2026-08-07T20:15:03.924257
2022,339033,,339033,3,3,90,33,,12,"0,00","0,00","0,00",2026-08-07T20:15:03.924257
2022,339035,,339035,3,3,90,35,,12,"0,00","0,00","0,00",2026-08-07T20:15:03.924257
2022,339036,,339036,3,3,90,36,,36,"263.440,43","249.537,39","246.505,66",2026-08-07T20:15:03.924257
2022,339037,,339037,3,3,90,37,,36,"15.203.925,28","13.543.365,02","13.443.682,97",2026-08-07T20:15:03.924257
2022,339039,,339039,3,3,90,39,,72,"32.282.634,61","21.598.545,15","21.598.545,15",2026-08-07T20:15:03.924257
2022,339040,,339040,3,3,90,40,,12,"6.869.958,36","5.115.164,73","5.114.239,81",2026-08-07T20:15:03.924257
2022,339046,,339046,3,3,90,46,,12,"29.959.011,31","29.911.233,91","29.729.256,39",2026-08-07T20:15:03.924257
2022,339047,,339047,3,3,90,47,,12,"28.371,89","14.012,91","14.012,91",2026-08-07T20:15:03.924257
2022,339049,,339049,3,3,90,49,,12,"447.231,07","446.231,07","443.291,29",2026-08-07T20:15:03.924257
2022,339091,,339091,3,3,90,91,,12,"0,00","0,00","0,00",2026-08-07T20:15:03.924257
2022,339092,,339092,3,3,90,92,,61,"52.629,21","52.629,21","52.629,21",2026-08-07T20:15:03.924257
2022,339093,,339093,3,3,90,93,,24,"8.875.395,31","2.149.347,01","2.149.347,01",2026-08-07T20:15:03.924257
2022,339139,,339139,3,3,91,39,,36,"0,00","0,00","0,00",2026-08-07T20:15:03.924257
2022,339147,,339147,3,3,91,47,,12,"0,00","0,00","0,00",2026-08-07T20:15:03.924257
2022,339192,,339192,3,3,91,92,,24,"0,00","0,00","0,00",2026-08-07T20:15:03.924257
2022,339193,,339193,3,3,91,93,,24,"0,00","0,00","0,00",2026-08-07T20:15:03.924257
2022,449040,,449040,4,4,90,40,,12,"814.212,99","116.674,88","116.674,88",2026-08-07T20:15:03.924257
2022,449051,,449051,4,4,90,51,,12,"19.196,04","17.596,37","17.596,37",2026-08-07T20:15:03.924257
2022,449052,,449052,4,4,90,52,,48,"6.112.724,59","5.452.227,13","5.452.227,13",2026-08-07T20:15:03.924257
2022,449092,,449092,4,4,90,92,,12,"0,00","0,00","0,00",2026-08-07T20:15:03.924257
2023,319007,,319007,3,1,90,07,,12,"3.540.971,97","3.490.971,97","3.490.971,97",2026-08-07T20:15:03.924257
2023,319011,,319011,3,1,90,11,,12,"398.235.272,91","397.572.502,94","396.846.149,89",2026-08-07T20:15:03.924257
2023,319013,,319013,3,1,90,13,,12,"28.202.907,00","25.497.797,57","25.497.797,57",2026-08-07T20:15:03.924257
2023,319016,,319016,3,1,90,16,,12,"1.821.806,57","1.596.226,57","1.596.226,57",2026-08-07T20:15:03.924257
2023,319091,,319091,3,1,90,91,,12,"127.478,34","115.478,34","115.478,34",2026-08-07T20:15:03.924257
2023,319092,,319092,3,1,90,92,,23,"3.149.592,35","3.149.592,35","3.149.592,35",2026-08-07T20:15:03.924257
2023,319094,,319094,3,1,90,94,,12,"8.016.233,33","6.160.218,89","6.160.218,89",2026-08-07T20:15:03.924257
2023,319096,,319096,3,1,90,96,,12,"2.242.322,79","1.903.314,91","1.903.314,91",2026-08-07T20:15:03.924257
2023,319113,,319113,3,1,91,13,,12,"53.659.310,19","53.579.849,39","53.579.849,39",2026-08-07T20:15:03.924257
2023,319192,,319192,3,1,91,92,,5,"670.320,06","670.320,06","670.320,06",2026-08-07T20:15:03.924257
2023,339008,,339008,3,3,90,08,,12,"4.864.453,81","4.850.753,81","4.850.753,81",2026-08-07T20:15:03.924257
2023,339014,,339014,3,3,90,14,,11,"60.333,20","60.333,20","60.333,20",2026-08-07T20:15:03.924257
2023,339030,,339030,3,3,90,30,,24,"1.193.474,53","801.411,22","801.411,22",2026-08-07T20:15:03.924257
2023,339031,,339031,3,3,90,31,,22,"240.000,00","0,00","0,00",2026-08-07T20:15:03.924257
2023,339032,,339032,3,3,90,32,,24,"185.746,94","185.746,94","185.746,94",2026-08-07T20:15:03.924257
2023,339033,,339033,3,3,90,33,,11,"129.320,65","79.322,26","79.322,26",2026-08-07T20:15:03.924257
2023,339035,,339035,3,3,90,35,,12,"84.500,00","42.250,00","42.250,00",2026-08-07T20:15:03.924257
2023,339036,,339036,3,3,90,36,,35,"338.813,35","304.813,35","304.813,35",2026-08-07T20:15:03.924257
2023,339037,,339037,3,3,90,37,,24,"16.996.229,07","15.238.244,44","14.789.100,95",2026-08-07T20:15:03.924257
2023,339039,,339039,3,3,90,39,,71,"51.316.799,37","32.309.061,69","32.299.734,05",2026-08-07T20:15:03.924257
2023,339040,,339040,3,3,90,40,,12,"8.628.140,88","7.923.562,16","7.922.494,06",2026-08-07T20:15:03.924257
2023,339046,,339046,3,3,90,46,,12,"34.648.364,53","34.614.695,73","34.381.407,76",2026-08-07T20:15:03.924257
2023,339047,,339047,3,3,90,47,,12,"30.219,02","15.219,02","15.219,02",2026-08-07T20:15:03.924257
2023,339049,,339049,3,3,90,49,,12,"439.234,24","438.234,24","433.958,74",2026-08-07T20:15:03.924257
2023,339091,,339091,3,3,90,91,,12,"0,00","0,00","0,00",2026-08-07T20:15:03.924257
2023,339092,,339092,3,3,90,92,,41,"46.989,65","46.989,65","46.989,65",2026-08-07T20:15:03.924257
2023,339093,,339093,3,3,90,93,,24,"2.474.213,52","2.080.612,41","2.080.612,41",2026-08-07T20:15:03.924257
2023,339139,,339139,3,3,91,39,,22,"143.283,03","98.688,27","98.688,27",2026-08-07T20:15:03.924257
2023,339192,,339192,3,3,91,92,,5,"0,00","0,00","0,00",2026-08-07T20:15:03.924257
2023,339193,,339193,3,3,91,93,,7,"9.755.164,97","23.164,97","23.164,97",2026-08-07T20:15:03.924257
2023,449040,,449040,4,4,90,40,,12,"1.292.450,61","849.436,42","849.436,42",2026-08-07T20:15:03.924257
2023,449051,,449051,4,4,90,51,,12,"19.196,04","17.596,37","17.596,37",2026-08-07T20:15:03.924257
2023,449052,,449052,4,4,90,52,,35,"2.556.657,58","2.556.657,58","2.556.657,58",2026-08-07T20:15:03.924257
2023,449092,,449092,4,4,90,92,,6,"14.160,84","14.160,84","14.160,84",2026-08-07T20:15:03.924257
2024,319007,,319007,3,1,90,07,,12,"5.447.085,04","5.387.085,04","5.387.085,04",2026-08-07T20:15:03.924257
2024,319011,,319011,3,1,90,11,,12,"473.584.879,17","472.809.935,16","472.033.471,08",2026-08-07T20:15:03.924257
2024,319013,,319013,3,1,90,13,,12,"31.147.452,38","28.235.230,11","28.235.230,11",2026-08-07T20:15:03.924257
2024,319016,,319016,3,1,90,16,,12,"2.423.488,92","2.123.488,92","2.123.488,92",2026-08-07T20:15:03.924257
2024,319091,,319091,3,1,90,91,,12,"140.555,72","120.555,72","120.555,72",2026-08-07T20:15:03.924257
2024,319092,,319092,3,1,90,92,,24,"10.840.451,00","10.840.451,00","10.840.451,00",2026-08-07T20:15:03.924257
2024,319094,,319094,3,1,90,94,,12,"7.623.807,45","6.823.807,45","6.823.807,45",2026-08-07T20:15:03.924257
2024,319096,,319096,3,1,90,96,,12,"3.156.590,54","2.650.138,64","2.610.296,36",2026-08-07T20:15:03.924257
2024,319113,,319113,3,1,91,13,,12,"61.164.716,33","60.565.431,18","60.565.431,18",2026-08-07T20:15:03.924257
2024,319192,,319192,3,1,91,92,,12,"0,00","0,00","0,00",2026-08-07T20:15:03.924257
2024,339008,,339008,3,3,90,08,,12,"5.805.672,34","5.780.672,34","5.780.672,34",2026-08-07T20:15:03.924257
2024,339014,,339014,3,3,90,14,,12,"318.940,17","318.940,17","318.940,17",2026-08-07T20:15:03.924257
2024,339030,,339030,3,3,90,30,,31,"2.410.960,80","2.090.850,94","2.090.850,94",2026-08-07T20:15:03.924257
2024,339031,,339031,3,3,90,31,,23,"272.388,05","272.388,05","265.788,05",2026-08-07T20:15:03.924257
2024,339032,,339032,3,3,90,32,,24,"214.321,00","214.321,00","214.321,00",2026-08-07T20:15:03.924257
2024,339033,,339033,3,3,90,33,,12,"232.897,86","166.357,61","166.357,61",2026-08-07T20:15:03.924257
2024,339035,,339035,3,3,90,35,,12,"0,00","0,00","0,00",2026-08-07T20:15:03.924257
2024,339036,,339036,3,3,90,36,,36,"457.903,30","410.903,30","409.913,30",2026-08-07T20:15:03.924257
2024,339037,,339037,3,3,90,37,,35,"18.011.413,03","16.172.038,19","16.172.038,19",2026-08-07T20:15:03.924257
2024,339039,,339039,3,3,90,39,,72,"58.296.431,99","33.578.035,55","33.558.302,27",2026-08-07T20:15:03.924257
2024,339040,,339040,3,3,90,40,,12,"12.731.609,46","10.635.717,55","10.635.717,55",2026-08-07T20:15:03.924257
2024,339046,,339046,3,3,90,46,,12,"38.565.581,88","38.535.581,88","38.273.731,79",2026-08-07T20:15:03.924257
2024,339047,,339047,3,3,90,47,,12,"30.000,00","18.843,10","18.843,10",2026-08-07T20:15:03.924257
2024,339049,,339049,3,3,90,49,,12,"425.793,21","415.793,21","411.350,60",2026-08-07T20:15:03.924257
2024,339091,,339091,3,3,90,91,,12,"0,00","0,00","0,00",2026-08-07T20:15:03.924257
2024,339092,,339092,3,3,90,92,,53,"3.273,92","3.273,92","3.273,92",2026-08-07T20:15:03.924257
2024,339093,,339093,3,3,90,93,,24,"3.485.176,97","2.939.174,21","2.939.174,21",2026-08-07T20:15:03.924257
2024,339139,,339139,3,3,91,39,,36,"257.877,60","209.098,09","209.098,09",2026-08-07T20:15:03.924257
2024,339147,,339147,3,3,91,47,,12,"4.766,00","4.766,00","4.766,00",2026-08-07T20:15:03.924257
2024,339192,,339192,3,3,91,92,,13,"8.419.655,78","8.419.655,78","8.419.655,78",2026-08-07T20:15:03.924257
2024,339193,,339193,3,3,91,93,,24,"9.398.246,38","6.368.443,54","6.368.443,54",2026-08-07T20:15:03.924257
2024,449040,,449040,4,4,90,40,,12,"684.660,08","561.586,81","561.586,81",2026-08-07T20:15:03.924257
2024,449051,,449051,4,4,90,51,,12,"1.595.259,92","353.353,97","353.353,97",2026-08-07T20:15:03.924257
2024,449052,,449052,4,4,90,52,,39,"7.791.666,14","7.757.122,64","7.757.122,64",2026-08-07T20:15:03.924257
2024,449092,,449092,4,4,90,92,,12,"0,00","0,00","0,00",2026-08-07T20:15:03.924257
2025,319007,,319007,3,1,90,07,,6,"6.786.364,16","2.947.126,98","2.947.126,98",2026-08-07T20:15:03.924257
2025,31900700,,319007,3,1,90,07,00,6,"'-351.510,19","3.462.726,99","3.462.726,99",2026-08-07T20:15:03.924257
2025,319011,,319011,3,1,90,11,,6,"255.088.771,46","254.062.174,64","253.372.559,59",2026-08-07T20:15:03.924257
2025,31901100,,319011,3,1,90,11,00,6,"262.103.707,68","262.205.304,50","262.114.792,97",2026-08-07T20:15:03.924257
2025,319013,,319013,3,1,90,13,,6,"29.000.112,40","12.788.114,34","12.788.114,34",2026-08-07T20:15:03.924257
2025,31901300,,319013,3,1,90,13,00,6,"4.500.051,37","17.487.985,58","17.487.985,58",2026-08-07T20:15:03.924257
2025,319016,,319016,3,1,90,16,,6,"975.081,20","975.081,18","975.081,18",2026-08-07T20:15:03.924257
2025,31901600,,319016,3,1,90,16,00,6,"1.549.975,77","1.189.975,79","1.189.975,79",2026-08-07T20:15:03.924257
2025,319091,,319091,3,1,90,91,,6,"60.612,76","60.612,76","60.612,76",2026-08-07T20:15:03.924257
2025,31909100,,319091,3,1,90,91,00,6,"59.794,57","39.794,57","39.794,57",2026-08-07T20:15:03.924257
2025,319092,,319092,3,1,90,92,,12,"6.798.634,60","6.798.634,60","6.798.634,60",2026-08-07T20:15:03.924257
2025,31909200,,319092,3,1,90,92,00,12,"464.144,17","464.144,17","464.144,17",2026-08-07T20:15:03.924257
2025,319094,,319094,3,1,90,94,,6,"3.304.606,36","3.285.209,69","3.285.209,69",2026-08-07T20:15:03.924257
2025,31909400,,319094,3,1,90,94,00,6,"3.608.962,93","2.828.359,60","2.828.359,60",2026-08-07T20:15:03.924257
2025,319096,,319096,3,1,90,96,,6,"3.381.058,79","1.043.206,93","1.043.206,93",2026-08-07T20:15:03.924257
2025,31909600,,319096,3,1,90,96,00,6,"'-664.287,09","1.322.654,12","1.322.654,12",2026-08-07T20:15:03.924257
2025,319113,,319113,3,1,91,13,,6,"65.063.875,11","30.211.768,40","30.211.768,40",2026-08-07T20:15:03.924257
2025,31911300,,319113,3,1,91,13,00,6,"'-327.193,71","34.241.133,74","34.241.133,74",2026-08-07T20:15:03.924257
2025,319192,,319192,3,1,91,92,,8,"67.180,44","67.180,44","0,00",2026-08-07T20:15:03.924257
2025,31919200,,319192,3,1,91,92,00,12,"0,00","0,00","67.180,44",2026-08-07T20:15:03.924257
2025,319196,,319196,3,1,91,96,,2,"490.499,94","136.390,94","0,00",2026-08-07T20:15:03.924257
2025,31919600,,319196,3,1,91,96,00,6,"'-11.588,94","275.745,81","412.136,75",2026-08-07T20:15:03.924257
2025,339008,,339008,3,3,90,08,,6,"3.399.113,63","3.393.766,54","3.393.766,54",2026-08-07T20:15:03.924257
2025,33900800,,339008,3,3,90,08,00,6,"3.752.192,91","3.717.540,00","3.717.540,00",2026-08-07T20:15:03.924257
2025,339014,,339014,3,3,90,14,,6,"233.943,55","233.943,55","233.943,55",2026-08-07T20:15:03.924257
2025,33901400,,339014,3,3,90,14,00,6,"367.056,85","367.056,85","367.056,85",2026-08-07T20:15:03.924257
2025,339030,,339030,3,3,90,30,,18,"1.817.061,50","660.243,21","660.243,21",2026-08-07T20:15:03.924257
2025,33903000,,339030,3,3,90,30,00,18,"1.218.899,14","1.884.662,75","1.884.662,75",2026-08-07T20:15:03.924257
2025,339031,,339031,3,3,90,31,,12,"22.727,25","0,00","0,00",2026-08-07T20:15:03.924257
2025,33903100,,339031,3,3,90,31,00,12,"291.011,90","313.739,15","313.739,15",2026-08-07T20:15:03.924257
2025,339032,,339032,3,3,90,32,,12,"152.274,97","90.739,09","90.739,09",2026-08-07T20:15:03.924257
2025,33903200,,339032,3,3,90,32,00,12,"75.841,68","137.377,56","137.377,56",2026-08-07T20:15:03.924257
2025,339033,,339033,3,3,90,33,,6,"264.672,40","18.172,40","18.172,40",2026-08-07T20:15:03.924257
2025,33903300,,339033,3,3,90,33,00,6,"131.024,06","325.956,17","325.956,17",2026-08-07T20:15:03.924257
2025,339035,,339035,3,3,90,35,,6,"72.383,33","42.250,00","42.250,00",2026-08-07T20:15:03.924257
2025,33903500,,339035,3,3,90,35,00,6,"12.566,67","0,00","0,00",2026-08-07T20:15:03.924257
2025,339036,,339036,3,3,90,36,,18,"199.280,97","159.860,50","159.860,50",2026-08-07T20:15:03.924257
2025,33903600,,339036,3,3,90,36,00,18,"248.596,63","223.145,18","224.500,01",2026-08-07T20:15:03.924257
2025,339037,,339037,3,3,90,37,,18,"13.117.314,23","6.066.144,43","6.066.144,43",2026-08-07T20:15:03.924257
2025,33903700,,339037,3,3,90,37,00,18,"6.835.994,65","11.662.544,24","11.662.544,24",2026-08-07T20:15:03.924257
2025,339039,,339039,3,3,90,39,,36,"30.868.537,96","11.681.830,39","11.353.416,70",2026-08-07T20:15:03.924257
2025,33903900,,339039,3,3,90,39,00,36,"33.231.963,02","32.205.350,83","32.533.764,52",2026-08-07T20:15:03.924257
2025,339040,,339040,3,3,90,40,,6,"11.875.874,14","4.183.840,45","4.110.662,72",2026-08-07T20:15:03.924257
2025,33904000,,339040,3,3,90,40,00,6,"2.030.996,31","7.118.399,88","7.191.577,61",2026-08-07T20:15:03.924257
2025,339046,,339046,3,3,90,46,,6,"22.699.198,89","22.647.819,61","22.355.334,46",2026-08-07T20:15:03.924257
2025,33904600,,339046,3,3,90,46,00,6,"23.300.516,80","23.291.896,08","23.273.228,53",2026-08-07T20:15:03.924257
2025,339047,,339047,3,3,90,47,,6,"40.000,00","1.151,72","1.151,72",2026-08-07T20:15:03.924257
2025,33904700,,339047,3,3,90,47,00,6,"0,00","9.665,91","9.665,91",2026-08-07T20:15:03.924257
2025,339049,,339049,3,3,90,49,,6,"223.737,54","223.463,12","217.733,49",2026-08-07T20:15:03.924257
2025,33904900,,339049,3,3,90,49,00,6,"243.150,76","233.425,18","234.003,35",2026-08-07T20:15:03.924257
2025,339091,,339091,3,3,90,91,,6,"0,00","0,00","0,00",2026-08-07T20:15:03.924257
2025,33909100,,339091,3,3,90,91,00,6,"0,00","0,00","0,00",2026-08-07T20:15:03.924257
2025,339092,,339092,3,3,90,92,,30,"3.332,30","3.332,30","3.332,30",2026-08-07T20:15:03.924257
2025,33909200,,339092,3,3,90,92,00,30,"8.035,67","8.035,67","8.035,67",2026-08-07T20:15:03.924257
2025,339093,,339093,3,3,90,93,,12,"3.839.685,42","1.464.320,73","1.464.320,73",2026-08-07T20:15:03.924257
2025,33909300,,339093,3,3,90,93,00,12,"'-236.573,43","1.721.495,96","1.721.495,96",2026-08-07T20:15:03.924257
2025,339139,,339139,3,3,91,39,,18,"272.277,60","76.656,47","76.656,47",2026-08-07T20:15:03.924257
2025,33913900,,339139,3,3,91,39,00,18,"'-7.640,05","94.564,93","94.564,93",2026-08-07T20:15:03.924257
2025,339147,,339147,3,3,91,47,,6,"3.590,00","3.590,00","3.590,00",2026-08-07T20:15:03.924257
2025,33914700,,339147,3,3,91,47,00,6,"4.392,00","4.392,00","4.392,00",2026-08-07T20:15:03.924257
2025,339192,,339192,3,3,91,92,,12,"0,00","0,00","0,00",2026-08-07T20:15:03.924257
2025,33919200,,339192,3,3,91,92,00,12,"337.212,73","337.212,73","337.212,73",2026-08-07T20:15:03.924257
2025,339193,,339193,3,3,91,93,,12,"18.817,33","16.347,10","16.347,10",2026-08-07T20:15:03.924257
2025,33919300,,339193,3,3,91,93,00,12,"21.178.966,26","18.306.936,49","18.306.936,49",2026-08-07T20:15:03.924257
2025,449040,,449040,4,4,90,40,,6,"4.779.728,53","509.164,83","509.164,83",2026-08-07T20:15:03.924257
2025,44904000,,449040,4,4,90,40,00,6,"1.128.425,54","3.322.223,02","3.322.223,02",2026-08-07T20:15:03.924257
2025,449051,,449051,4,4,90,51,,6,"791.442,13","216.917,45","216.917,45",2026-08-07T20:15:03.924257
2025,44905100,,449051,4,4,90,51,00,6,"159.937,05","516.640,55","516.640,55",2026-08-07T20:15:03.924257
2025,449052,,449052,4,4,90,52,,24,"10.345.898,79","3.953.612,27","3.953.612,27",2026-08-07T20:15:03.924257
2025,44905200,,449052,4,4,90,52,00,24,"12.402.714,25","6.863.292,05","6.863.292,05",2026-08-07T20:15:03.924257
2025,449092,,449092,4,4,90,92,,6,"0,00","0,00","0,00",2026-08-07T20:15:03.924257
2025,44909200,,449092,4,4,90,92,00,6,"0,00","0,00","0,00",2026-08-07T20:15:03.924257
2026,31900700,,319007,3,1,90,07,00,7,"6.683.311,05","3.927.771,04","3.927.771,04",2026-08-07T20:15:03.924257
2026,31901100,,319011,3,1,90,11,00,7,"306.314.878,33","303.928.182,94","303.202.187,58",2026-08-07T20:15:03.924257
2026,31901300,,319013,3,1,90,13,00,7,"31.000.294,21","17.104.072,71","17.104.072,71",2026-08-07T20:15:03.924257
2026,31901600,,319016,3,1,90,16,00,7,"1.226.215,23","1.226.215,21","1.226.215,21",2026-08-07T20:15:03.924257
2026,31909100,,319091,3,1,90,91,00,7,"46.882,78","46.882,78","46.882,78",2026-08-07T20:15:03.924257
2026,31909200,,319092,3,1,90,92,00,14,"1.355.810,71","1.355.810,71","1.355.810,71",2026-08-07T20:15:03.924257
2026,31909400,,319094,3,1,90,94,00,7,"7.143.985,64","7.140.529,05","7.140.529,05",2026-08-07T20:15:03.924257
2026,31909600,,319096,3,1,90,96,00,7,"2.579.644,63","1.237.025,22","1.225.506,03",2026-08-07T20:15:03.924257
2026,31911300,,319113,3,1,91,13,00,7,"64.315.328,22","34.901.084,66","34.901.084,66",2026-08-07T20:15:03.924257
2026,31919200,,319192,3,1,91,92,00,14,"0,00","0,00","0,00",2026-08-07T20:15:03.924257
2026,31919600,,319196,3,1,91,96,00,7,"532.561,41","220.637,73","220.637,73",2026-08-07T20:15:03.924257
2026,33900800,,339008,3,3,90,08,00,7,"4.899.357,61","4.897.536,99","4.897.536,99",2026-08-07T20:15:03.924257
2026,33901400,,339014,3,3,90,14,00,7,"100.677,75","100.677,75","100.677,75",2026-08-07T20:15:03.924257
2026,33903000,,339030,3,3,90,30,00,21,"1.952.406,52","633.948,96","633.948,96",2026-08-07T20:15:03.924257
2026,33903100,,339031,3,3,90,31,00,14,"19.240,00","0,00","0,00",2026-08-07T20:15:03.924257
2026,33903200,,339032,3,3,90,32,00,14,"179.960,88","102.644,72","102.644,72",2026-08-07T20:15:03.924257
2026,33903300,,339033,3,3,90,33,00,7,"165.667,27","60.508,57","60.508,57",2026-08-07T20:15:03.924257
2026,33903500,,339035,3,3,90,35,00,7,"645.372,93","187.433,33","187.433,33",2026-08-07T20:15:03.924257
2026,33903600,,339036,3,3,90,36,00,21,"492.745,74","261.063,85","259.814,41",2026-08-07T20:15:03.924257
2026,33903700,,339037,3,3,90,37,00,21,"21.033.827,53","10.580.453,15","10.551.738,07",2026-08-07T20:15:03.924257
2026,33903900,,339039,3,3,90,39,00,42,"38.817.812,65","20.973.196,92","20.973.196,92",2026-08-07T20:15:03.924257
2026,33904000,,339040,3,3,90,40,00,7,"18.528.826,79","11.075.924,17","11.075.924,17",2026-08-07T20:15:03.924257
2026,33904600,,339046,3,3,90,46,00,7,"33.941.362,14","33.832.397,50","33.414.644,79",2026-08-07T20:15:03.924257
2026,33904700,,339047,3,3,90,47,00,7,"50.000,00","7.727,78","7.727,78",2026-08-07T20:15:03.924257
2026,33904900,,339049,3,3,90,49,00,7,"281.154,79","277.962,60","272.126,72",2026-08-07T20:15:03.924257
2026,33909100,,339091,3,3,90,91,00,7,"0,00","0,00","0,00",2026-08-07T20:15:03.924257
2026,33909200,,339092,3,3,90,92,00,35,"77.801,32","77.801,32","77.801,32",2026-08-07T20:15:03.924257
2026,33909300,,339093,3,3,90,93,00,14,"3.756.660,40","1.699.900,06","1.699.900,06",2026-08-07T20:15:03.924257
2026,33913900,,339139,3,3,91,39,00,21,"270.083,78","56.057,22","56.057,22",2026-08-07T20:15:03.924257
2026,33914700,,339147,3,3,91,47,00,7,"6.436,28","6.436,28","6.436,28",2026-08-07T20:15:03.924257
2026,33919200,,339192,3,3,91,92,00,14,"0,00","0,00","0,00",2026-08-07T20:15:03.924257
2026,33919300,,339193,3,3,91,93,00,14,"10.744.097,25","10.744.097,25","10.744.097,25",2026-08-07T20:15:03.924257
2026,44904000,,449040,4,4,90,40,00,7,"1.990.758,60","170.403,03","170.403,03",2026-08-07T20:15:03.924257
2026,44905100,,449051,4,4,90,51,00,7,"684.563,93","474.788,46","474.788,46",2026-08-07T20:15:03.924257
2026,44905200,,449052,4,4,90,52,00,28,"9.340.220,29","425.329,83","425.329,83",2026-08-07T20:15:03.924257
2026,44909200,,449092,4,4,90,92,00,7,"0,00","0,00","0,00",2026-08-07T20:15:03.924257
