cod_unidade_orcamentaria,unidade_orcamentaria,ano,emendas,canceladas,vl_emenda,vl_lei_alteracao,vl_empenhado,vl_disponivel,vl_desbloqueado,vl_liquidado,as_of
190121,ADM. REG. DA CANDANGOLÂNDIA,2021,12,3,"4.815.000,00","4.835.000,00","4.603.528,91","175.471,09","4.779.000,00","2.071.067,52",2025-12-16T18:14:28.151388
190121,ADM. REG. DA CANDANGOLÂNDIA,2022,11,3,"2.366.597,00","2.366.597,00","1.759.909,76","416.687,24","2.880.000,00","1.759.909,76",2025-12-16T18:14:28.151388
190121,ADM. REG. DA CANDANGOLÂNDIA,2023,7,5,"1.150.000,00","1.150.000,00","445.858,56","304.141,44","750.000,00","191.669,00",2025-12-16T18:14:28.151388
190121,ADM. REG. DA CANDANGOLÂNDIA,2024,5,5,"0,00","0,00","0,00","0,00","0,00","0,00",2025-12-16T18:14:28.151388
190121,ADM. REG. DA CANDANGOLÂNDIA,2025,5,1,"1.150.000,00","1.150.000,00","664.223,50","485.776,50","1.150.000,00","209.279,65",2025-12-16T18:14:28.151388
190133,ADM. REG. DA FERCAL,2021,5,2,"860.000,00","860.000,00","677.255,14","182.744,86","860.000,00","335.784,65",2025-12-16T18:14:28.151388
190133,ADM. REG. DA FERCAL,2022,6,2,"1.345.428,00","1.345.428,00","1.294.250,88","51.177,12","3.250.000,00","1.294.250,88",2025-12-16T18:14:28.151388
190133,ADM. REG. DA FERCAL,2023,6,3,"430.000,00","430.000,00","341.228,15","88.771,85","430.000,00","341.228,15",2025-12-16T18:14:28.151388
190133,ADM. REG. DA FERCAL,2024,4,2,"400.000,00","400.000,00","398.740,14","0,00","400.000,00","48.740,14",2025-12-16T18:14:28.151388
190133,ADM. REG. DA FERCAL,2025,3,1,"665.000,00","665.000,00","661.973,75","3.026,25","665.000,00","130.496,46",2025-12-16T18:14:28.151388
190106,ADM. REG. DE BRAZLÂNDIA,2021,12,2,"5.280.000,00","5.280.000,00","3.171.158,00","2.108.841,41","4.959.999,41","2.354.866,96",2025-12-16T18:14:28.151388
190106,ADM. REG. DE BRAZLÂNDIA,2022,9,4,"5.300.000,00","5.300.000,00","5.263.876,59","36.123,41","5.300.000,00","3.691.493,34",2025-12-16T18:14:28.151388
190106,ADM. REG. DE BRAZLÂNDIA,2023,2,0,"776.350,00","776.350,00","776.339,73","10,27","776.350,00","517.347,00",2025-12-16T18:14:28.151388
190106,ADM. REG. DE BRAZLÂNDIA,2024,2,2,"0,00","0,00","0,00","0,00","0,00","0,00",2025-12-16T18:14:28.151388
190106,ADM. REG. DE BRAZLÂNDIA,2025,1,0,"400.000,00","400.000,00","244.858,72","155.141,28","400.000,00","180.548,72",2025-12-16T18:14:28.151388
190111,ADM. REG. DE CEILÂNDIA,2021,15,8,"1.580.427,00","1.244.849,00","77.962,61","606.886,39","990.427,00","56.144,19",2025-12-16T18:14:28.151388
190111,ADM. REG. DE CEILÂNDIA,2022,22,16,"733.808,00","733.808,00","602.747,16","131.060,84","1.339.000,00","565.764,31",2025-12-16T18:14:28.151388
190111,ADM. REG. DE CEILÂNDIA,2023,15,5,"2.984.986,00","2.984.986,00","1.986.895,10","748.090,90","2.829.461,00","567.929,46",2025-12-16T18:14:28.151388
190111,ADM. REG. DE CEILÂNDIA,2024,6,3,"410.094,00","410.094,00","205.208,26","0,00","410.094,00","162.590,46",2025-12-16T18:14:28.151388
190111,ADM. REG. DE CEILÂNDIA,2025,3,1,"35.000,00","35.000,00","7.738,00","1.560,00","35.000,00","7.738,00",2025-12-16T18:14:28.151388
190108,ADM. REG. DE PLANALTINA,2021,14,6,"3.677.523,00","3.927.523,00","2.848.256,54","862.101,46","3.557.000,00","700.620,09",2025-12-16T18:14:28.151388
190108,ADM. REG. DE PLANALTINA,2022,12,9,"1.739.677,00","1.739.677,00","1.664.127,04","75.549,96","2.310.000,00","1.664.127,04",2025-12-16T18:14:28.151388
190108,ADM. REG. DE PLANALTINA,2023,6,3,"1.150.000,00","1.150.000,00","574.910,41","575.089,59","1.150.000,00","0,00",2025-12-16T18:14:28.151388
190108,ADM. REG. DE PLANALTINA,2024,4,2,"532.000,00","532.000,00","500.000,00","0,00","500.000,00","0,00",2025-12-16T18:14:28.151388
190108,ADM. REG. DE PLANALTINA,2025,4,1,"150.000,00","150.000,00","98.304,84","51.695,16","150.000,00","94.385,00",2025-12-16T18:14:28.151388
190114,ADM. REG. DE SAMAMBAIA,2021,5,1,"590.000,00","590.000,00","422.587,25","167.412,75","590.000,00","222.822,57",2025-12-16T18:14:28.151388
190114,ADM. REG. DE SAMAMBAIA,2022,9,5,"450.000,00","450.000,00","332.474,95","117.525,05","1.000.000,00","0,00",2025-12-16T18:14:28.151388
190114,ADM. REG. DE SAMAMBAIA,2023,11,3,"3.124.929,00","3.124.929,00","1.739.438,81","1.185.490,19","3.060.000,00","40.370,00",2025-12-16T18:14:28.151388
190114,ADM. REG. DE SAMAMBAIA,2024,6,4,"340.000,00","340.000,00","302.475,47","0,00","340.000,00","302.475,47",2025-12-16T18:14:28.151388
190114,ADM. REG. DE SAMAMBAIA,2025,2,0,"280.000,00","280.000,00","52.958,94","227.041,06","630.000,00","32.395,39",2025-12-16T18:14:28.151388
190115,ADM. REG. DE SANTA MARIA,2021,13,8,"1.782.000,00","1.757.000,00","1.634.809,07","122.190,93","8.242.000,00","227.809,09",2025-12-16T18:14:28.151388
190115,ADM. REG. DE SANTA MARIA,2022,8,6,"480.000,00","480.000,00","480.000,00","0,00","480.000,00","480.000,00",2025-12-16T18:14:28.151388
190115,ADM. REG. DE SANTA MARIA,2023,10,3,"2.615.060,00","2.615.060,00","2.566.252,52","48.807,48","3.494.100,00","1.837.356,62",2025-12-16T18:14:28.151388
190115,ADM. REG. DE SANTA MARIA,2024,11,6,"1.596.500,00","1.596.500,00","1.596.403,00","0,00","1.605.000,00","1.066.746,74",2025-12-16T18:14:28.151388
190115,ADM. REG. DE SANTA MARIA,2025,7,5,"350.000,00","350.000,00","327.023,09","22.976,91","350.000,00","292.747,14",2025-12-16T18:14:28.151388
190107,ADM. REG. DE SOBRADINHO,2021,8,1,"2.105.000,00","2.105.000,00","766.941,87","738.058,13","1.505.000,00","278.838,27",2025-12-16T18:14:28.151388
190107,ADM. REG. DE SOBRADINHO,2022,7,4,"656.536,00","656.536,00","476.536,00","180.000,00","1.956.000,00","476.536,00",2025-12-16T18:14:28.151388
190107,ADM. REG. DE SOBRADINHO,2023,10,2,"4.368.673,00","4.368.673,00","1.891.554,10","1.677.118,90","3.688.673,00","0,00",2025-12-16T18:14:28.151388
190107,ADM. REG. DE SOBRADINHO,2024,7,3,"1.400.000,00","1.400.000,00","1.192.835,37","0,00","2.400.000,00","1.103.571,01",2025-12-16T18:14:28.151388
190107,ADM. REG. DE SOBRADINHO,2025,4,2,"150.000,00","150.000,00","0,00","0,00","0,00","0,00",2025-12-16T18:14:28.151388
190128,ADM. REG. DE SOBRADINHO II,2021,6,2,"1.800.000,00","1.800.000,00","236.591,62","1.563.408,38","1.800.000,00","84.011,20",2025-12-16T18:14:28.151388
190128,ADM. REG. DE SOBRADINHO II,2022,7,3,"311.414,00","311.414,00","40.408,98","271.005,02","1.058.140,00","40.408,98",2025-12-16T18:14:28.151388
190128,ADM. REG. DE SOBRADINHO II,2023,6,1,"1.900.000,00","1.900.000,00","1.539.261,39","360.738,61","1.900.000,00","108.595,00",2025-12-16T18:14:28.151388
190128,ADM. REG. DE SOBRADINHO II,2024,8,6,"800.000,00","800.000,00","349.124,80","0,00","800.000,00","349.124,80",2025-12-16T18:14:28.151388
190128,ADM. REG. DE SOBRADINHO II,2025,6,3,"300.000,00","300.000,00","0,00","0,00","500.000,00","0,00",2025-12-16T18:14:28.151388
190116,ADM. REG. DE SÃO SEBASTIÃO,2021,8,4,"1.010.000,00","1.010.000,00","747.140,46","262.859,54","1.010.000,00","0,00",2025-12-16T18:14:28.151388
190116,ADM. REG. DE SÃO SEBASTIÃO,2022,2,1,"71.000,00","71.000,00","70.853,36","146,64","71.000,00","0,00",2025-12-16T18:14:28.151388
190116,ADM. REG. DE SÃO SEBASTIÃO,2023,5,0,"5.014.330,00","4.973.711,85","4.418.195,39","269.516,46","5.700.000,00","315.222,35",2025-12-16T18:14:28.151388
190116,ADM. REG. DE SÃO SEBASTIÃO,2024,2,1,"350.000,00","350.000,00","93.766,74","0,00","200.000,00","93.766,74",2025-12-16T18:14:28.151388
190116,ADM. REG. DE SÃO SEBASTIÃO,2025,4,3,"50.000,00","50.000,00","47.064,80","2.935,20","50.000,00","47.064,80",2025-12-16T18:14:28.151388
190105,ADM. REG. DE TAGUATINGA,2021,6,1,"2.400.000,00","2.520.000,00","1.951.820,20","568.179,80","2.520.000,00","951.820,20",2025-12-16T18:14:28.151388
190105,ADM. REG. DE TAGUATINGA,2022,7,4,"659.000,00","659.000,00","498.488,60","131.511,40","630.000,00","498.488,60",2025-12-16T18:14:28.151388
190105,ADM. REG. DE TAGUATINGA,2023,10,4,"1.800.000,00","1.800.000,00","1.000.000,00","650.000,00","1.650.000,00","0,00",2025-12-16T18:14:28.151388
190105,ADM. REG. DE TAGUATINGA,2024,9,5,"1.200.000,00","800.000,00","281.212,48","0,00","1.200.000,00","281.212,48",2025-12-16T18:14:28.151388
190105,ADM. REG. DE TAGUATINGA,2025,3,2,"300.000,00","300.000,00","0,00","0,00","0,00","0,00",2025-12-16T18:14:28.151388
190132,ADM. REG. DE VICENTE PIRES,2021,1,0,"80.000,00","80.000,00","0,00","80.000,00","80.000,00","0,00",2025-12-16T18:14:28.151388
190132,ADM. REG. DE VICENTE PIRES,2022,2,1,"30.000,00","30.000,00","0,00","30.000,00","330.000,00","0,00",2025-12-16T18:14:28.151388
190132,ADM. REG. DE VICENTE PIRES,2023,1,0,"500.000,00","500.000,00","497.576,86","2.423,14","500.000,00","0,00",2025-12-16T18:14:28.151388
190132,ADM. REG. DE VICENTE PIRES,2024,2,2,"0,00","0,00","0,00","0,00","0,00","0,00",2025-12-16T18:14:28.151388
190132,ADM. REG. DE VICENTE PIRES,2025,1,0,"31.474,00","31.474,00","29.676,00","1.798,00","31.474,00","0,00",2025-12-16T18:14:28.151388
190122,ADM. REG. DE ÁGUAS CLARAS,2021,2,0,"1.170.000,00","1.170.000,00","470.798,53","699.201,47","1.170.000,00","0,00",2025-12-16T18:14:28.151388
190122,ADM. REG. DE ÁGUAS CLARAS,2022,1,1,"0,00","0,00","0,00","0,00","0,00","0,00",2025-12-16T18:14:28.151388
190122,ADM. REG. DE ÁGUAS CLARAS,2023,1,0,"800.000,00","800.000,00","789.671,69","10.328,31","800.000,00","0,00",2025-12-16T18:14:28.151388
190122,ADM. REG. DE ÁGUAS CLARAS,2024,5,4,"100.000,00","100.000,00","83.502,90","0,00","100.000,00","83.502,90",2025-12-16T18:14:28.151388
190122,ADM. REG. DE ÁGUAS CLARAS,2025,1,0,"100.000,00","100.000,00","96.785,20","3.214,80","100.000,00","9.400,00",2025-12-16T18:14:28.151388
190113,ADM. REG. DO CRUZEIRO,2021,5,1,"2.390.000,00","2.390.000,00","1.586.395,15","803.604,85","2.390.000,00","1.561.218,76",2025-12-16T18:14:28.151388
190113,ADM. REG. DO CRUZEIRO,2022,2,1,"93.000,00","93.000,00","89.813,99","3.186,01","250.000,00","73.813,99",2025-12-16T18:14:28.151388
190113,ADM. REG. DO CRUZEIRO,2025,4,0,"320.000,00","320.000,00","222.389,15","17.610,85","240.000,00","72.826,00",2025-12-16T18:14:28.151388
190104,ADM. REG. DO GAMA,2021,13,6,"2.600.000,00","2.600.000,00","592.400,13","687.599,87","1.900.000,00","300.922,20",2025-12-16T18:14:28.151388
190104,ADM. REG. DO GAMA,2022,19,12,"1.718.140,00","1.718.140,00","385.251,23","364.748,77","1.050.000,00","6.018,00",2025-12-16T18:14:28.151388
190104,ADM. REG. DO GAMA,2023,7,4,"1.162.000,00","1.162.000,00","1.005.226,93","156.773,07","1.170.000,00","571.875,52",2025-12-16T18:14:28.151388
190104,ADM. REG. DO GAMA,2024,6,5,"500.000,00","500.000,00","500.000,00","0,00","500.000,00","0,00",2025-12-16T18:14:28.151388
190104,ADM. REG. DO GAMA,2025,1,1,"0,00","0,00","0,00","0,00","0,00","0,00",2025-12-16T18:14:28.151388
190112,ADM. REG. DO GUARÁ,2021,7,1,"370.000,00","370.000,00","229.811,00","140.189,00","370.000,00","229.811,00",2025-12-16T18:14:28.151388
190112,ADM. REG. DO GUARÁ,2022,2,2,"0,00","0,00","0,00","0,00","200.000,00","0,00",2025-12-16T18:14:28.151388
190112,ADM. REG. DO GUARÁ,2023,6,3,"3.593.784,00","3.593.784,00","3.593.783,19","0,81","3.642.319,00","2.154.660,28",2025-12-16T18:14:28.151388
190112,ADM. REG. DO GUARÁ,2024,8,6,"1.100.000,00","1.100.000,00","1.041.886,28","0,00","1.100.000,00","1.040.019,59",2025-12-16T18:14:28.151388
190112,ADM. REG. DO GUARÁ,2025,2,1,"200.000,00","200.000,00","148.897,64","51.102,36","200.000,00","129.797,70",2025-12-16T18:14:28.151388
190130,ADM. REG. DO ITAPOÃ,2021,1,0,"500.000,00","500.000,00","500.000,00","0,00","500.000,00","0,00",2025-12-16T18:14:28.151388
190130,ADM. REG. DO ITAPOÃ,2022,2,1,"1.000.000,00","2.000.000,00","2.000.000,00","0,00","1.000.000,00","2.000.000,00",2025-12-16T18:14:28.151388
190130,ADM. REG. DO ITAPOÃ,2023,2,1,"100.000,00","100.000,00","41.700,00","58.300,00","100.000,00","41.700,00",2025-12-16T18:14:28.151388
190130,ADM. REG. DO ITAPOÃ,2024,4,4,"0,00","0,00","0,00","0,00","0,00","0,00",2025-12-16T18:14:28.151388
190130,ADM. REG. DO ITAPOÃ,2025,3,1,"225.000,00","225.000,00","174.040,77","50.959,23","225.000,00","0,00",2025-12-16T18:14:28.151388
190129,ADM. REG. DO JARDIM BOTÂNICO,2021,4,3,"200.000,00","200.000,00","200.000,00","0,00","200.000,00","0,00",2025-12-16T18:14:28.151388
190129,ADM. REG. DO JARDIM BOTÂNICO,2022,5,5,"0,00","0,00","0,00","0,00","800.000,00","0,00",2025-12-16T18:14:28.151388
190129,ADM. REG. DO JARDIM BOTÂNICO,2023,4,1,"1.050.000,00","1.050.000,00","560.402,27","489.597,73","1.050.000,00","360.102,60",2025-12-16T18:14:28.151388
190129,ADM. REG. DO JARDIM BOTÂNICO,2024,1,1,"0,00","0,00","0,00","0,00","0,00","0,00",2025-12-16T18:14:28.151388
190120,ADM. REG. DO LAGO NORTE,2021,3,0,"590.000,00","590.000,00","492.216,45","97.783,55","590.000,00","470.264,18",2025-12-16T18:14:28.151388
190120,ADM. REG. DO LAGO NORTE,2022,1,1,"0,00","0,00","0,00","0,00","100.000,00","0,00",2025-12-16T18:14:28.151388
190120,ADM. REG. DO LAGO NORTE,2023,1,1,"0,00","0,00","0,00","0,00","400.000,00","0,00",2025-12-16T18:14:28.151388
190120,ADM. REG. DO LAGO NORTE,2024,1,1,"0,00","0,00","0,00","0,00","0,00","0,00",2025-12-16T18:14:28.151388
190118,ADM. REG. DO LAGO SUL,2021,1,0,"300.000,00","300.000,00","0,00","300.000,00","300.000,00","0,00",2025-12-16T18:14:28.151388
190118,ADM. REG. DO LAGO SUL,2022,4,4,"0,00","0,00","0,00","0,00","300.000,00","0,00",2025-12-16T18:14:28.151388
190110,ADM. REG. DO NÚCLEO BANDEIRANTE,2021,12,6,"3.400.000,00","3.400.000,00","2.933.835,94","366.164,06","3.100.000,00","2.933.835,94",2025-12-16T18:14:28.151388
190110,ADM. REG. DO NÚCLEO BANDEIRANTE,2022,11,8,"1.647.296,00","1.647.296,00","1.647.295,20","0,80","3.530.000,00","77.904,96",2025-12-16T18:14:28.151388
190110,ADM. REG. DO NÚCLEO BANDEIRANTE,2023,8,2,"1.330.000,00","1.330.000,00","476.801,05","453.198,95","930.000,00","476.801,05",2025-12-16T18:14:28.151388
190110,ADM. REG. DO NÚCLEO BANDEIRANTE,2024,6,4,"800.000,00","800.000,00","800.000,00","0,00","1.200.000,00","312.663,00",2025-12-16T18:14:28.151388
190110,ADM. REG. DO NÚCLEO BANDEIRANTE,2025,6,1,"950.000,00","950.000,00","393.419,85","556.580,15","950.000,00","168.509,85",2025-12-16T18:14:28.151388
190109,ADM. REG. DO PARANOÁ,2021,7,2,"1.215.000,00","1.215.000,00","455.686,46","759.313,54","1.215.000,00","220.663,64",2025-12-16T18:14:28.151388
190109,ADM. REG. DO PARANOÁ,2022,7,4,"410.000,00","410.000,00","0,00","410.000,00","810.000,00","0,00",2025-12-16T18:14:28.151388
190109,ADM. REG. DO PARANOÁ,2023,3,0,"1.187.100,00","1.187.100,00","1.183.717,82","3.382,18","1.187.100,00","100.000,00",2025-12-16T18:14:28.151388
190109,ADM. REG. DO PARANOÁ,2024,6,4,"200.000,00","200.000,00","74.000,00","0,00","200.000,00","0,00",2025-12-16T18:14:28.151388
190109,ADM. REG. DO PARANOÁ,2025,2,0,"120.000,00","120.000,00","99.904,23","20.095,77","120.000,00","20.800,00",2025-12-16T18:14:28.151388
190126,ADM. REG. DO PARK WAY,2021,8,3,"545.000,00","545.000,00","161.699,95","383.300,05","545.000,00","161.699,95",2025-12-16T18:14:28.151388
190126,ADM. REG. DO PARK WAY,2022,7,7,"0,00","0,00","0,00","0,00","1.130.000,00","0,00",2025-12-16T18:14:28.151388
190126,ADM. REG. DO PARK WAY,2023,6,2,"1.350.000,00","1.350.000,00","235.379,20","1.114.620,80","1.350.000,00","100.379,20",2025-12-16T18:14:28.151388
190126,ADM. REG. DO PARK WAY,2024,3,2,"700.000,00","700.000,00","612.709,25","0,00","700.000,00","542.651,71",2025-12-16T18:14:28.151388
190126,ADM. REG. DO PARK WAY,2025,6,5,"500.000,00","500.000,00","477.647,51","22.352,49","500.000,00","150.850,00",2025-12-16T18:14:28.151388
190103,ADM. REG. DO PLANO PILOTO,2021,20,5,"11.400.475,00","10.700.475,00","4.901.844,47","5.548.629,58","11.150.474,05","2.384.996,01",2025-12-16T18:14:28.151388
190103,ADM. REG. DO PLANO PILOTO,2022,17,12,"3.379.037,00","3.379.037,00","3.342.738,93","36.274,59","3.809.616,52","0,00",2025-12-16T18:14:28.151388
190103,ADM. REG. DO PLANO PILOTO,2023,15,6,"7.166.000,00","7.166.000,00","6.527.489,09","388.510,91","7.016.000,00","777.328,56",2025-12-16T18:14:28.151388
190103,ADM. REG. DO PLANO PILOTO,2024,7,6,"975.000,00","975.000,00","975.000,00","0,00","975.000,00","0,00",2025-12-16T18:14:28.151388
190103,ADM. REG. DO PLANO PILOTO,2025,4,2,"2.680.000,00","2.680.000,00","0,00","500.000,00","500.000,00","0,00",2025-12-16T18:14:28.151388
190117,ADM. REG. DO RECANTO DAS EMAS,2021,7,2,"1.900.000,00","1.802.000,00","1.707.061,15","94.938,85","1.900.000,00","395.218,85",2025-12-16T18:14:28.151388
190117,ADM. REG. DO RECANTO DAS EMAS,2022,6,6,"0,00","0,00","0,00","0,00","100.000,00","0,00",2025-12-16T18:14:28.151388
190117,ADM. REG. DO RECANTO DAS EMAS,2023,14,3,"2.424.088,00","2.424.088,00","995.732,37","1.428.355,63","2.500.000,00","81.698,50",2025-12-16T18:14:28.151388
190117,ADM. REG. DO RECANTO DAS EMAS,2024,8,5,"2.500.000,00","2.500.000,00","2.068.000,00","0,00","2.500.000,00","68.000,00",2025-12-16T18:14:28.151388
190117,ADM. REG. DO RECANTO DAS EMAS,2025,3,0,"850.000,00","850.000,00","37.552,50","400.000,50","700.000,00","0,00",2025-12-16T18:14:28.151388
190119,ADM. REG. DO RIACHO FUNDO,2021,8,4,"2.483.000,00","2.483.000,00","2.252.963,39","230.036,61","2.483.000,00","0,00",2025-12-16T18:14:28.151388
190119,ADM. REG. DO RIACHO FUNDO,2022,5,2,"762.224,00","762.224,00","456.675,21","275.548,79","732.500,00","456.675,21",2025-12-16T18:14:28.151388
190119,ADM. REG. DO RIACHO FUNDO,2023,2,1,"500.000,00","500.000,00","126.828,34","373.171,66","1.000.000,00","126.828,34",2025-12-16T18:14:28.151388
190119,ADM. REG. DO RIACHO FUNDO,2024,5,5,"0,00","0,00","0,00","0,00","0,00","0,00",2025-12-16T18:14:28.151388
190119,ADM. REG. DO RIACHO FUNDO,2025,9,2,"1.550.000,00","1.550.000,00","390.485,30","459.514,70","850.000,00","307.006,80",2025-12-16T18:14:28.151388
190123,ADM. REG. DO RIACHO FUNDO II,2021,2,1,"200.000,00","200.000,00","0,00","200.000,00","200.000,00","0,00",2025-12-16T18:14:28.151388
190123,ADM. REG. DO RIACHO FUNDO II,2022,2,2,"0,00","0,00","0,00","0,00","0,00","0,00",2025-12-16T18:14:28.151388
190123,ADM. REG. DO RIACHO FUNDO II,2023,5,2,"713.600,00","713.600,00","553.737,30","159.789,00","1.363.526,30","98.638,70",2025-12-16T18:14:28.151388
190123,ADM. REG. DO RIACHO FUNDO II,2024,5,4,"648.000,00","648.000,00","647.955,38","0,00","700.000,00","641.461,38",2025-12-16T18:14:28.151388
190123,ADM. REG. DO RIACHO FUNDO II,2025,1,0,"200.000,00","200.000,00","200.000,00","0,00","200.000,00","0,00",2025-12-16T18:14:28.151388
190127,ADM. REG. DO SCIA,2021,2,2,"0,00","0,00","0,00","0,00","0,00","0,00",2025-12-16T18:14:28.151388
190127,ADM. REG. DO SCIA,2023,2,2,"0,00","0,00","0,00","0,00","150.000,00","0,00",2025-12-16T18:14:28.151388
190127,ADM. REG. DO SCIA,2024,2,2,"0,00","0,00","0,00","0,00","0,00","0,00",2025-12-16T18:14:28.151388
190131,ADM. REG. DO SIA,2021,3,1,"0,00","0,00","0,00","0,00","0,00","0,00",2025-12-16T18:14:28.151388
190131,ADM. REG. DO SIA,2023,2,2,"0,00","0,00","0,00","0,00","0,00","0,00",2025-12-16T18:14:28.151388
190131,ADM. REG. DO SIA,2024,2,2,"0,00","0,00","0,00","0,00","0,00","0,00",2025-12-16T18:14:28.151388
190135,ADM. REG. DO SOL NASCENTE/PÔR DO SOL,2022,8,6,"28.000,00","228.000,00","0,00","28.000,00","828.000,00","0,00",2025-12-16T18:14:28.151388
190135,ADM. REG. DO SOL NASCENTE/PÔR DO SOL,2024,3,3,"0,00","0,00","0,00","0,00","0,00","0,00",2025-12-16T18:14:28.151388
190135,ADM. REG. DO SOL NASCENTE/PÔR DO SOL,2025,1,1,"0,00","0,00","0,00","0,00","0,00","0,00",2025-12-16T18:14:28.151388
190124,ADM. REG. DO SUDOESTE/OCTOGONAL,2021,2,1,"230.000,00","230.000,00","215.513,21","14.486,79","230.000,00","215.513,21",2025-12-16T18:14:28.151388
190124,ADM. REG. DO SUDOESTE/OCTOGONAL,2022,4,2,"583.950,00","583.950,00","579.109,40","4.840,60","700.000,00","33.627,97",2025-12-16T18:14:28.151388
190124,ADM. REG. DO SUDOESTE/OCTOGONAL,2025,1,0,"400.000,00","400.000,00","0,00","0,00","0,00","0,00",2025-12-16T18:14:28.151388
190125,ADM. REG. DO VARJÃO,2021,4,2,"310.000,00","310.000,00","0,00","60.000,00","60.000,00","0,00",2025-12-16T18:14:28.151388
190125,ADM. REG. DO VARJÃO,2022,2,2,"0,00","0,00","0,00","0,00","0,00","0,00",2025-12-16T18:14:28.151388
190125,ADM. REG. DO VARJÃO,2023,1,0,"150.000,00","150.000,00","120.000,00","30.000,00","150.000,00","60.230,25",2025-12-16T18:14:28.151388
190125,ADM. REG. DO VARJÃO,2024,2,1,"150.000,00","150.000,00","150.000,00","0,00","150.000,00","139.754,01",2025-12-16T18:14:28.151388
190125,ADM. REG. DO VARJÃO,2025,1,0,"200.000,00","200.000,00","150.115,73","49.884,27","200.000,00","101.286,53",2025-12-16T18:14:28.151388
190137,ADMINISTRAÇÃO REGIONAL DE ARAPOANGA - RA - XXXIV,2025,3,0,"140.000,00","140.000,00","138.319,40","1.680,60","140.000,00","84.119,95",2025-12-16T18:14:28.151388
190134,ADMINISTRAÇÃO REGIONAL DE ARNIQUEIRA - RA - XXXIII,2022,2,2,"0,00","0,00","0,00","0,00","2.375.115,00","0,00",2025-12-16T18:14:28.151388
190136,ADMINISTRAÇÃO REGIONAL DE ÁGUA QUENTE - RA - XXXV,2025,1,0,"100.000,00","100.000,00","61.028,40","38.971,60","200.000,00","61.028,40",2025-12-16T18:14:28.151388
230103,ARQUIVO PUBLICO DO DISTRITO FEDERAL,2021,2,1,"60.000,00","60.000,00","33.746,00","26.254,00","60.000,00","33.746,00",2025-12-16T18:14:28.151388
230103,ARQUIVO PUBLICO DO DISTRITO FEDERAL,2022,3,3,"0,00","0,00","0,00","0,00","0,00","0,00",2025-12-16T18:14:28.151388
230103,ARQUIVO PUBLICO DO DISTRITO FEDERAL,2023,1,0,"300.000,00","300.000,00","300.000,00","0,00","300.000,00","300.000,00",2025-12-16T18:14:28.151388
230103,ARQUIVO PUBLICO DO DISTRITO FEDERAL,2024,4,2,"550.000,00","550.000,00","545.497,00","0,00","550.000,00","299.891,04",2025-12-16T18:14:28.151388
230103,ARQUIVO PUBLICO DO DISTRITO FEDERAL,2025,5,3,"700.000,00","700.000,00","500.000,00","200.000,00","700.000,00","277.163,60",2025-12-16T18:14:28.151388
90101,CASA CIVIL DO DISTRITO FEDERAL,2021,6,3,"1.170.000,00","1.170.000,00","605.000,00","455.000,00","1.060.000,00","539.381,61",2025-12-16T18:14:28.151388
90101,CASA CIVIL DO DISTRITO FEDERAL,2022,2,1,"620.000,00","620.000,00","620.000,00","0,00","1.185.000,00","405.256,72",2025-12-16T18:14:28.151388
90101,CASA CIVIL DO DISTRITO FEDERAL,2023,1,1,"0,00","0,00","0,00","0,00","0,00","0,00",2025-12-16T18:14:28.151388
90101,CASA CIVIL DO DISTRITO FEDERAL,2024,1,1,"0,00","0,00","0,00","0,00","0,00","0,00",2025-12-16T18:14:28.151388
90101,CASA CIVIL DO DISTRITO FEDERAL,2025,4,1,"1.047.050,00","1.047.050,00","339.000,00","61.000,00","400.000,00","0,00",2025-12-16T18:14:28.151388
280209,COMPANHIA DE DESENVOLVIMENTO HABITACIONAL DO DISTRITO FEDERAL,2021,9,2,"4.170.001,00","4.170.001,00","940.435,76","859.565,24","1.800.000,00","434.272,23",2025-12-16T18:14:28.151388
280209,COMPANHIA DE DESENVOLVIMENTO HABITACIONAL DO DISTRITO FEDERAL,2022,7,4,"1.914.984,00","1.914.984,00","1.914.983,86","0,14","2.800.000,00","1.286.395,90",2025-12-16T18:14:28.151388
280209,COMPANHIA DE DESENVOLVIMENTO HABITACIONAL DO DISTRITO FEDERAL,2023,5,3,"2.500.000,00","2.500.000,00","2.317.400,92","182.599,08","4.000.000,00","283.373,95",2025-12-16T18:14:28.151388
280209,COMPANHIA DE DESENVOLVIMENTO HABITACIONAL DO DISTRITO FEDERAL,2024,3,0,"6.700.000,00","6.700.000,00","6.519.283,62","0,00","6.700.000,00","5.397.043,57",2025-12-16T18:14:28.151388
280209,COMPANHIA DE DESENVOLVIMENTO HABITACIONAL DO DISTRITO FEDERAL,2025,4,1,"6.000.000,00","6.000.000,00","5.500.000,00","0,00","5.500.000,00","4.358.115,17",2025-12-16T18:14:28.151388
130201,COMPANHIA DE PLANEJAMENTO DO DISTRITO FEDERAL,2021,8,2,"1.250.000,00","1.250.000,00","906.425,00","343.575,00","1.250.000,00","786.579,99",2025-12-16T18:14:28.151388
130201,COMPANHIA DE PLANEJAMENTO DO DISTRITO FEDERAL,2022,8,5,"201.751,00","201.751,00","201.750,03","0,97","813.250,00","201.750,03",2025-12-16T18:14:28.151388
130201,COMPANHIA DE PLANEJAMENTO DO DISTRITO FEDERAL,2023,1,1,"0,00","0,00","0,00","0,00","0,00","0,00",2025-12-16T18:14:28.151388
200204,COMPANHIA DO METROPOLITANO DO DISTRITO FEDERAL,2021,4,0,"400.000,00","400.000,00","0,00","400.000,00","400.000,00","0,00",2025-12-16T18:14:28.151388
200204,COMPANHIA DO METROPOLITANO DO DISTRITO FEDERAL,2022,2,1,"400.000,00","400.000,00","400.000,00","0,00","2.400.000,00","400.000,00",2025-12-16T18:14:28.151388
200204,COMPANHIA DO METROPOLITANO DO DISTRITO FEDERAL,2023,1,0,"184.000,00","184.000,00","0,00","184.000,00","184.000,00","0,00",2025-12-16T18:14:28.151388
200204,COMPANHIA DO METROPOLITANO DO DISTRITO FEDERAL,2024,6,0,"3.933.200,00","3.933.200,00","3.127.692,93","0,00","3.933.200,00","893.200,00",2025-12-16T18:14:28.151388
200204,COMPANHIA DO METROPOLITANO DO DISTRITO FEDERAL,2025,6,0,"2.949.000,00","2.949.000,00","2.644.420,00","304.580,00","2.949.000,00","1.085.377,48",2025-12-16T18:14:28.151388
190201,COMPANHIA URBANIZADORA DA NOVA CAPITAL,2021,109,44,"49.303.704,00","52.024.786,00","30.563.262,56","11.444.754,44","43.328.016,00","18.217.831,72",2025-12-16T18:14:28.151388
190201,COMPANHIA URBANIZADORA DA NOVA CAPITAL,2022,85,60,"12.870.651,00","13.920.651,00","11.940.416,29","920.079,71","16.460.599,00","4.360.676,09",2025-12-16T18:14:28.151388
190201,COMPANHIA URBANIZADORA DA NOVA CAPITAL,2023,101,45,"55.341.450,00","55.341.450,00","51.766.106,64","1.185.343,36","54.101.450,00","27.927.734,72",2025-12-16T18:14:28.151388
190201,COMPANHIA URBANIZADORA DA NOVA CAPITAL,2024,93,48,"27.835.676,46","28.221.301,46","25.891.306,39","0,00","29.087.507,00","21.016.016,76",2025-12-16T18:14:28.151388
190201,COMPANHIA URBANIZADORA DA NOVA CAPITAL,2025,78,36,"26.761.900,00","27.351.900,00","17.280.118,46","2.927.664,99","19.567.785,45","4.641.800,05",2025-12-16T18:14:28.151388
450101,CONTROLADORIA GERAL DO DISTRITO FEDERAL,2024,9,3,"979.000,00","979.000,00","621.077,21","0,00","1.080.100,00","601.577,21",2025-12-16T18:14:28.151388
450101,CONTROLADORIA GERAL DO DISTRITO FEDERAL,2025,3,0,"251.000,00","251.000,00","197.678,00","53.322,00","251.000,00","60.910,00",2025-12-16T18:14:28.151388
220104,CORPO DE BOMBEIROS MILITAR DO DISTRITO FEDERAL,2021,7,5,"1.580.000,00","1.580.000,00","1.470.000,00","110.000,00","1.580.000,00","0,00",2025-12-16T18:14:28.151388
220104,CORPO DE BOMBEIROS MILITAR DO DISTRITO FEDERAL,2022,3,2,"0,00","200.000,00","0,00","0,00","100.000,00","0,00",2025-12-16T18:14:28.151388
220104,CORPO DE BOMBEIROS MILITAR DO DISTRITO FEDERAL,2023,5,5,"0,00","0,00","0,00","0,00","0,00","0,00",2025-12-16T18:14:28.151388
220104,CORPO DE BOMBEIROS MILITAR DO DISTRITO FEDERAL,2024,3,1,"1.589.156,00","1.589.156,00","270.111,45","0,00","1.589.156,00","0,00",2025-12-16T18:14:28.151388
220104,CORPO DE BOMBEIROS MILITAR DO DISTRITO FEDERAL,2025,9,2,"6.773.600,00","6.773.600,00","5.651.550,71","875.049,29","6.526.600,00","5.007.407,36",2025-12-16T18:14:28.151388
480101,DEFENSORIA PÚBLICA DO DISTRITO FEDERAL,2021,2,0,"250.000,00","250.000,00","249.730,00","270,00","250.000,00","249.730,00",2025-12-16T18:14:28.151388
480101,DEFENSORIA PÚBLICA DO DISTRITO FEDERAL,2022,5,2,"586.891,00","586.891,00","581.536,38","5.354,62","650.000,00","581.536,38",2025-12-16T18:14:28.151388
480101,DEFENSORIA PÚBLICA DO DISTRITO FEDERAL,2023,5,4,"300.000,00","300.000,00","300.000,00","0,00","300.000,00","300.000,00",2025-12-16T18:14:28.151388
480101,DEFENSORIA PÚBLICA DO DISTRITO FEDERAL,2024,9,3,"2.148.411,00","2.148.411,00","2.137.390,36","0,00","2.720.000,00","1.047.760,75",2025-12-16T18:14:28.151388
480101,DEFENSORIA PÚBLICA DO DISTRITO FEDERAL,2025,5,0,"4.400.000,00","4.400.000,00","3.700.000,00","700.000,00","4.400.000,00","3.228.215,26",2025-12-16T18:14:28.151388
200202,DEPARTAMENTO DE ESTRADAS DE RODAGEM,2021,27,7,"8.820.000,00","8.620.000,00","4.902.576,44","2.707.423,56","7.710.000,00","4.684.161,73",2025-12-16T18:14:28.151388
200202,DEPARTAMENTO DE ESTRADAS DE RODAGEM,2022,42,17,"16.903.932,00","16.903.932,00","14.671.015,47","2.182.916,53","16.034.300,00","14.031.713,67",2025-12-16T18:14:28.151388
200202,DEPARTAMENTO DE ESTRADAS DE RODAGEM,2023,40,11,"32.419.300,00","32.819.300,00","32.415.438,89","53.861,11","32.469.300,00","31.404.651,26",2025-12-16T18:14:28.151388
200202,DEPARTAMENTO DE ESTRADAS DE RODAGEM,2024,32,12,"17.116.292,00","17.116.292,00","12.413.412,07","0,00","18.018.120,00","11.335.292,07",2025-12-16T18:14:28.151388
200202,DEPARTAMENTO DE ESTRADAS DE RODAGEM,2025,39,11,"25.495.000,00","25.495.000,00","23.563.944,11","961.055,85","24.524.999,96","17.352.939,51",2025-12-16T18:14:28.151388
220201,DEPARTAMENTO DE TRÂNSITO,2022,1,1,"0,00","0,00","0,00","0,00","300.000,00","0,00",2025-12-16T18:14:28.151388
220201,DEPARTAMENTO DE TRÂNSITO,2023,1,1,"0,00","0,00","0,00","0,00","0,00","0,00",2025-12-16T18:14:28.151388
220201,DEPARTAMENTO DE TRÂNSITO,2024,1,0,"121.589,00","121.589,00","0,00","0,00","0,00","0,00",2025-12-16T18:14:28.151388
210203,EMPRESA DE ASSISTÊNCIA TÉCNICA E EXTENSÃO RURAL DO DISTRITO FEDERAL,2021,23,6,"3.455.000,00","3.455.000,00","2.870.492,40","564.507,60","2.685.000,00","1.063.947,33",2025-12-16T18:14:28.151388
210203,EMPRESA DE ASSISTÊNCIA TÉCNICA E EXTENSÃO RURAL DO DISTRITO FEDERAL,2022,18,7,"2.622.251,00","2.622.251,00","2.294.237,59","324.013,41","3.104.140,00","803.823,24",2025-12-16T18:14:28.151388
210203,EMPRESA DE ASSISTÊNCIA TÉCNICA E EXTENSÃO RURAL DO DISTRITO FEDERAL,2023,20,6,"4.102.047,00","4.080.972,60","3.103.458,71","977.513,89","4.704.310,00","2.232.967,56",2025-12-16T18:14:28.151388
210203,EMPRESA DE ASSISTÊNCIA TÉCNICA E EXTENSÃO RURAL DO DISTRITO FEDERAL,2024,23,10,"4.401.581,00","4.401.581,00","3.894.252,33","0,00","4.449.722,00","2.274.213,93",2025-12-16T18:14:28.151388
210203,EMPRESA DE ASSISTÊNCIA TÉCNICA E EXTENSÃO RURAL DO DISTRITO FEDERAL,2025,25,2,"9.567.850,00","9.567.850,00","3.844.489,00","3.273.360,60","7.467.849,60","3.118.181,79",2025-12-16T18:14:28.151388
160202,FUNDACÃO UNIVERSIDADE ABERTA DO DISTRITO FEDERAL,2022,1,1,"0,00","0,00","0,00","0,00","0,00","0,00",2025-12-16T18:14:28.151388
220202,FUNDAÇÃO DE AMPARO AO TRABALHADOR,2021,1,0,"344.000,00","344.000,00","244.000,00","100.000,00","344.000,00","244.000,00",2025-12-16T18:14:28.151388
220202,FUNDAÇÃO DE AMPARO AO TRABALHADOR,2022,1,1,"0,00","0,00","0,00","0,00","600.000,00","0,00",2025-12-16T18:14:28.151388
220202,FUNDAÇÃO DE AMPARO AO TRABALHADOR,2023,2,0,"322.000,00","322.000,00","15.829,00","306.171,00","322.000,00","15.829,00",2025-12-16T18:14:28.151388
220202,FUNDAÇÃO DE AMPARO AO TRABALHADOR,2025,1,1,"0,00","0,00","0,00","0,00","0,00","0,00",2025-12-16T18:14:28.151388
150201,FUNDAÇÃO DE APOIO À PESQUISA DO DISTRITO FEDERAL,2022,3,1,"200.000,00","200.000,00","100.000,00","100.000,00","100.000,00","0,00",2025-12-16T18:14:28.151388
150201,FUNDAÇÃO DE APOIO À PESQUISA DO DISTRITO FEDERAL,2023,2,1,"150.000,00","150.000,00","150.000,00","0,00","150.000,00","0,00",2025-12-16T18:14:28.151388
150201,FUNDAÇÃO DE APOIO À PESQUISA DO DISTRITO FEDERAL,2024,14,4,"4.500.000,00","4.500.000,00","4.220.000,00","0,00","4.300.000,00","950.000,00",2025-12-16T18:14:28.151388
150201,FUNDAÇÃO DE APOIO À PESQUISA DO DISTRITO FEDERAL,2025,11,3,"3.260.000,00","3.260.000,00","1.100.000,00","0,00","1.100.000,00","540.000,00",2025-12-16T18:14:28.151388
170203,FUNDAÇÃO DE ENSINO E PESQUISA EM CIÊNCIAS DA SAÚDE,2021,1,1,"0,00","0,00","0,00","0,00","0,00","0,00",2025-12-16T18:14:28.151388
170202,FUNDAÇÃO HEMOCENTRO DE BRASÍLIA,2021,2,1,"200.000,00","200.000,00","0,00","200.000,00","200.000,00","0,00",2025-12-16T18:14:28.151388
150204,FUNDAÇÃO JARDIM ZOOLÓGICO DE BRASÍLIA,2021,4,3,"210.000,00","210.000,00","0,00","180.000,00","180.000,00","0,00",2025-12-16T18:14:28.151388
150204,FUNDAÇÃO JARDIM ZOOLÓGICO DE BRASÍLIA,2022,8,5,"1.580.000,00","1.580.000,00","480.000,00","400.000,00","830.000,00","210.439,65",2025-12-16T18:14:28.151388
150204,FUNDAÇÃO JARDIM ZOOLÓGICO DE BRASÍLIA,2023,1,0,"750.000,00","750.000,00","750.000,00","0,00","750.000,00","749.011,28",2025-12-16T18:14:28.151388
150204,FUNDAÇÃO JARDIM ZOOLÓGICO DE BRASÍLIA,2024,4,2,"1.050.000,00","1.050.000,00","1.050.000,00","0,00","1.050.000,00","1.048.970,80",2025-12-16T18:14:28.151388
150204,FUNDAÇÃO JARDIM ZOOLÓGICO DE BRASÍLIA,2025,8,3,"3.360.000,00","3.360.000,00","495.000,00","2.865.000,00","3.360.000,00","250.000,00",2025-12-16T18:14:28.151388
180902,FUNDO DE ASSISTÊNCIA SOCIAL DO DISTRITO FEDERAL,2021,4,1,"985.000,00","985.000,00","800.000,00","185.000,00","985.000,00","428.897,15",2025-12-16T18:14:28.151388
180902,FUNDO DE ASSISTÊNCIA SOCIAL DO DISTRITO FEDERAL,2022,2,2,"0,00","0,00","0,00","0,00","500.000,00","0,00",2025-12-16T18:14:28.151388
180902,FUNDO DE ASSISTÊNCIA SOCIAL DO DISTRITO FEDERAL,2023,2,0,"700.000,00","700.000,00","700.000,00","0,00","700.000,00","700.000,00",2025-12-16T18:14:28.151388
180902,FUNDO DE ASSISTÊNCIA SOCIAL DO DISTRITO FEDERAL,2024,4,3,"200.000,00","200.000,00","200.000,00","0,00","650.000,00","0,00",2025-12-16T18:14:28.151388
180902,FUNDO DE ASSISTÊNCIA SOCIAL DO DISTRITO FEDERAL,2025,4,2,"1.800.000,00","1.800.000,00","1.800.000,00","0,00","1.800.000,00","1.100.000,00",2025-12-16T18:14:28.151388
220901,FUNDO DE SAÚDE DA POLÍCIA MILITAR,2021,4,0,"2.600.000,00","2.600.000,00","2.600.000,00","0,00","2.600.000,00","2.199.580,61",2025-12-16T18:14:28.151388
220901,FUNDO DE SAÚDE DA POLÍCIA MILITAR,2022,1,0,"150.000,00","150.000,00","150.000,00","0,00","150.000,00","0,00",2025-12-16T18:14:28.151388
220901,FUNDO DE SAÚDE DA POLÍCIA MILITAR,2023,1,1,"0,00","0,00","0,00","0,00","0,00","0,00",2025-12-16T18:14:28.151388
220902,FUNDO DE SAÚDE DO CORPO DE BOMBEIROS,2021,1,0,"3.000.000,00","3.000.000,00","3.000.000,00","0,00","3.000.000,00","0,00",2025-12-16T18:14:28.151388
170901,FUNDO DE SAÚDE DO DISTRITO FEDERAL,2021,89,22,"42.487.742,00","41.612.742,00","35.813.573,76","3.264.142,24","42.331.916,00","30.373.420,06",2025-12-16T18:14:28.151388
170901,FUNDO DE SAÚDE DO DISTRITO FEDERAL,2022,88,39,"42.421.666,00","43.721.666,00","41.089.501,02","1.570.164,98","47.449.472,00","30.786.840,69",2025-12-16T18:14:28.151388
170901,FUNDO DE SAÚDE DO DISTRITO FEDERAL,2023,120,54,"57.031.004,00","68.551.005,00","62.001.402,15","2.784.598,85","54.166.000,00","41.864.613,61",2025-12-16T18:14:28.151388
170901,FUNDO DE SAÚDE DO DISTRITO FEDERAL,2024,86,39,"56.820.000,00","57.660.000,00","48.385.481,47","0,00","55.980.000,00","37.795.946,83",2025-12-16T18:14:28.151388
170901,FUNDO DE SAÚDE DO DISTRITO FEDERAL,2025,80,20,"47.103.100,00","47.053.100,00","34.530.768,00","3.393.332,00","39.174.100,00","26.843.088,66",2025-12-16T18:14:28.151388
210904,FUNDO DISTRITAL DE DESENVOLVIMENTO RURAL - FDR,2021,1,1,"0,00","0,00","0,00","0,00","0,00","0,00",2025-12-16T18:14:28.151388
250902,FUNDO PARA GERAÇÃO DE EMPREGO E RENDA,2021,3,0,"950.000,00","950.000,00","750.000,00","0,00","750.000,00","750.000,00",2025-12-16T18:14:28.151388
250902,FUNDO PARA GERAÇÃO DE EMPREGO E RENDA,2022,3,3,"0,00","0,00","0,00","0,00","0,00","0,00",2025-12-16T18:14:28.151388
100101,GABINETE DO VICE-GOVERNADOR,2023,5,2,"1.150.000,00","1.150.000,00","304.436,42","845.563,58","2.050.000,00","174.436,42",2025-12-16T18:14:28.151388
100101,GABINETE DO VICE-GOVERNADOR,2024,4,2,"711.727,00","711.727,00","511.726,63","0,00","711.727,00","511.726,63",2025-12-16T18:14:28.151388
100101,GABINETE DO VICE-GOVERNADOR,2025,4,0,"3.780.000,00","3.780.000,00","1.268.805,54","1.041.194,46","3.280.000,00","900.756,65",2025-12-16T18:14:28.151388
190219,INSTITUTO DE PESQUISA E ESTATÍSTICA DO DISTRITO FEDERAL - IPEDF CODEPLAN,2022,7,3,"574.899,00","574.899,00","506.848,97","58.050,03","476.750,00","486.348,97",2025-12-16T18:14:28.151388
190219,INSTITUTO DE PESQUISA E ESTATÍSTICA DO DISTRITO FEDERAL - IPEDF CODEPLAN,2023,2,1,"300.000,00","300.000,00","29.636,76","270.363,24","300.000,00","0,00",2025-12-16T18:14:28.151388
190219,INSTITUTO DE PESQUISA E ESTATÍSTICA DO DISTRITO FEDERAL - IPEDF CODEPLAN,2024,3,0,"593.600,00","593.600,00","528.829,76","0,00","593.600,00","437.291,43",2025-12-16T18:14:28.151388
280208,INSTITUTO DO MEIO AMBIENTE E DOS RECURSOS HÍDRICOS DO DISTRITO FEDERAL,2021,14,4,"1.290.000,00","1.290.000,00","882.415,59","407.584,41","1.290.000,00","882.415,59",2025-12-16T18:14:28.151388
280208,INSTITUTO DO MEIO AMBIENTE E DOS RECURSOS HÍDRICOS DO DISTRITO FEDERAL,2022,10,5,"4.037.000,00","4.037.000,00","3.797.000,00","0,00","4.047.000,00","3.643.612,30",2025-12-16T18:14:28.151388
280208,INSTITUTO DO MEIO AMBIENTE E DOS RECURSOS HÍDRICOS DO DISTRITO FEDERAL,2023,17,13,"820.000,00","820.000,00","819.995,52","4,48","1.120.000,00","120.000,00",2025-12-16T18:14:28.151388
280208,INSTITUTO DO MEIO AMBIENTE E DOS RECURSOS HÍDRICOS DO DISTRITO FEDERAL,2024,5,2,"800.000,00","800.000,00","650.000,00","0,00","650.000,00","330.000,00",2025-12-16T18:14:28.151388
280208,INSTITUTO DO MEIO AMBIENTE E DOS RECURSOS HÍDRICOS DO DISTRITO FEDERAL,2025,4,1,"1.050.000,00","1.050.000,00","0,00","500.000,00","500.000,00","0,00",2025-12-16T18:14:28.151388
150106,JARDIM BOTÂNICO DE BRASILIA,2021,2,1,"100.000,00","100.000,00","8.000,00","92.000,00","100.000,00","0,00",2025-12-16T18:14:28.151388
150106,JARDIM BOTÂNICO DE BRASILIA,2022,2,1,"500.000,00","500.000,00","500.000,00","0,00","500.000,00","348.542,60",2025-12-16T18:14:28.151388
150106,JARDIM BOTÂNICO DE BRASILIA,2024,5,3,"930.000,00","930.000,00","549.930,93","0,00","930.000,00","237.006,29",2025-12-16T18:14:28.151388
150106,JARDIM BOTÂNICO DE BRASILIA,2025,2,0,"1.180.000,00","1.180.000,00","1.019.898,46","160.101,54","1.180.000,00","486.207,63",2025-12-16T18:14:28.151388
220105,POLÍCIA CIVIL DO DISTRITO FEDERAL,2021,9,2,"6.700.000,00","6.700.000,00","5.632.762,70","1.067.237,30","5.300.000,00","5.632.762,70",2025-12-16T18:14:28.151388
220105,POLÍCIA CIVIL DO DISTRITO FEDERAL,2022,8,7,"0,00","2.000.000,00","0,00","0,00","100.000,00","0,00",2025-12-16T18:14:28.151388
220105,POLÍCIA CIVIL DO DISTRITO FEDERAL,2023,10,3,"4.576.000,00","4.576.000,00","4.523.682,40","52.317,60","4.576.000,00","4.523.682,40",2025-12-16T18:14:28.151388
220105,POLÍCIA CIVIL DO DISTRITO FEDERAL,2024,6,5,"4.000.000,00","4.000.000,00","4.000.000,00","0,00","4.000.000,00","1.447.675,08",2025-12-16T18:14:28.151388
220105,POLÍCIA CIVIL DO DISTRITO FEDERAL,2025,8,2,"5.750.000,00","5.750.000,00","3.665.838,00","84.162,00","3.750.000,00","3.596.115,40",2025-12-16T18:14:28.151388
220103,POLÍCIA MILITAR DO DISTRITO FEDERAL,2021,12,2,"1.313.333,00","1.613.333,00","849.629,56","3.703,44","1.350.000,00","549.958,98",2025-12-16T18:14:28.151388
220103,POLÍCIA MILITAR DO DISTRITO FEDERAL,2022,15,7,"2.149.000,00","2.100.520,00","1.796.776,81","743,19","2.320.000,00","1.724.464,31",2025-12-16T18:14:28.151388
220103,POLÍCIA MILITAR DO DISTRITO FEDERAL,2023,13,4,"3.358.000,00","3.358.000,00","3.357.317,64","682,36","3.358.000,00","3.209.174,64",2025-12-16T18:14:28.151388
220103,POLÍCIA MILITAR DO DISTRITO FEDERAL,2024,8,4,"1.500.000,00","1.944.225,55","1.862.917,10","0,00","450.000,00","1.862.917,10",2025-12-16T18:14:28.151388
220103,POLÍCIA MILITAR DO DISTRITO FEDERAL,2025,12,0,"4.705.000,00","4.855.000,00","4.699.900,00","5.100,00","4.705.000,00","4.616.400,00",2025-12-16T18:14:28.151388
640101,SECRETARIA DE ESTADO ADMINISTRAÇÃO PENITENCIÁRIA DO DISTRITO FEDERAL,2021,1,0,"1.000.000,00","1.000.000,00","959.584,00","40.416,00","0,00","959.584,00",2025-12-16T18:14:28.151388
640101,SECRETARIA DE ESTADO ADMINISTRAÇÃO PENITENCIÁRIA DO DISTRITO FEDERAL,2022,4,4,"0,00","0,00","0,00","0,00","100.000,00","0,00",2025-12-16T18:14:28.151388
640101,SECRETARIA DE ESTADO ADMINISTRAÇÃO PENITENCIÁRIA DO DISTRITO FEDERAL,2023,6,1,"1.730.000,00","1.730.000,00","883.200,00","846.800,00","1.730.000,00","883.200,00",2025-12-16T18:14:28.151388
640101,SECRETARIA DE ESTADO ADMINISTRAÇÃO PENITENCIÁRIA DO DISTRITO FEDERAL,2024,3,1,"2.542.233,00","2.542.233,00","2.254.510,16","0,00","3.000.000,00","2.248.180,66",2025-12-16T18:14:28.151388
640101,SECRETARIA DE ESTADO ADMINISTRAÇÃO PENITENCIÁRIA DO DISTRITO FEDERAL,2025,6,0,"4.011.000,00","4.011.000,00","3.920.237,81","90.762,19","5.011.000,00","1.010.264,92",2025-12-16T18:14:28.151388
210101,"SECRETARIA DE ESTADO DA AGRICULTURA, ABASTECIMENTO E DESENVOLVIMENTO RURAL DO DISTRITO FEDERAL",2021,22,8,"4.680.000,00","4.680.000,00","1.069.806,35","3.030.193,65","4.040.000,00","1.069.806,35",2025-12-16T18:14:28.151388
210101,"SECRETARIA DE ESTADO DA AGRICULTURA, ABASTECIMENTO E DESENVOLVIMENTO RURAL DO DISTRITO FEDERAL",2022,30,12,"8.496.816,00","9.146.816,00","7.021.857,01","876.384,99","10.031.426,00","5.241.371,20",2025-12-16T18:14:28.151388
210101,"SECRETARIA DE ESTADO DA AGRICULTURA, ABASTECIMENTO E DESENVOLVIMENTO RURAL DO DISTRITO FEDERAL",2023,19,6,"5.917.000,00","5.917.000,00","4.286.816,62","1.270.183,38","5.742.000,00","2.778.969,24",2025-12-16T18:14:28.151388
210101,"SECRETARIA DE ESTADO DA AGRICULTURA, ABASTECIMENTO E DESENVOLVIMENTO RURAL DO DISTRITO FEDERAL",2024,20,10,"6.338.110,00","6.338.110,00","4.905.417,90","0,00","7.108.297,77","4.842.639,30",2025-12-16T18:14:28.151388
210101,"SECRETARIA DE ESTADO DA AGRICULTURA, ABASTECIMENTO E DESENVOLVIMENTO RURAL DO DISTRITO FEDERAL",2025,8,4,"1.831.000,00","1.831.000,00","80.000,00","1.750.000,00","2.130.000,00","0,00",2025-12-16T18:14:28.151388
670101,SECRETARIA DE ESTADO DA FAMÍLIA DO DISTRITO FEDERAL,2021,12,11,"0,00","0,00","0,00","0,00","0,00","0,00",2025-12-16T18:14:28.151388
670101,SECRETARIA DE ESTADO DA FAMÍLIA DO DISTRITO FEDERAL,2022,5,5,"0,00","0,00","0,00","0,00","2.269.437,00","0,00",2025-12-16T18:14:28.151388
670101,SECRETARIA DE ESTADO DA FAMÍLIA DO DISTRITO FEDERAL,2023,12,5,"3.257.501,00","3.127.501,00","311.160,00","1.440.840,00","1.880.000,00","0,00",2025-12-16T18:14:28.151388
670101,SECRETARIA DE ESTADO DA FAMÍLIA DO DISTRITO FEDERAL,2024,5,1,"1.800.000,00","1.950.000,00","1.274.153,56","0,00","1.550.000,00","1.274.153,56",2025-12-16T18:14:28.151388
570101,SECRETARIA DE ESTADO DA MULHER DO DISTRITO FEDERAL,2021,12,4,"3.015.000,00","3.015.000,00","2.098.591,31","756.408,69","2.855.000,00","1.433.874,49",2025-12-16T18:14:28.151388
570101,SECRETARIA DE ESTADO DA MULHER DO DISTRITO FEDERAL,2022,11,7,"1.080.000,00","1.080.000,00","180.000,00","900.000,00","1.340.000,00","180.000,00",2025-12-16T18:14:28.151388
570101,SECRETARIA DE ESTADO DA MULHER DO DISTRITO FEDERAL,2023,15,7,"5.279.975,00","5.279.975,00","4.477.289,08","340.685,92","5.738.000,00","3.877.289,08",2025-12-16T18:14:28.151388
570101,SECRETARIA DE ESTADO DA MULHER DO DISTRITO FEDERAL,2024,27,13,"13.503.539,00","13.503.539,00","12.675.557,85","0,00","13.300.094,91","12.675.557,85",2025-12-16T18:14:28.151388
570101,SECRETARIA DE ESTADO DA MULHER DO DISTRITO FEDERAL,2025,24,8,"13.082.000,00","13.082.000,00","5.858.206,44","3.878.256,68","9.736.463,12","5.658.206,44",2025-12-16T18:14:28.151388
610101,SECRETARIA DE ESTADO DE ATENDIMENTO À COMUNIDADE DO DISTRITO FEDERAL,2023,7,1,"1.250.000,00","1.250.000,00","1.001.926,55","248.073,45","1.250.000,00","107.626,49",2025-12-16T18:14:28.151388
610101,SECRETARIA DE ESTADO DE ATENDIMENTO À COMUNIDADE DO DISTRITO FEDERAL,2024,5,2,"906.500,00","906.500,00","902.897,77","0,00","1.100.000,00","803.242,23",2025-12-16T18:14:28.151388
610101,SECRETARIA DE ESTADO DE ATENDIMENTO À COMUNIDADE DO DISTRITO FEDERAL,2025,1,1,"0,00","0,00","0,00","0,00","0,00","0,00",2025-12-16T18:14:28.151388
650101,"SECRETARIA DE ESTADO DE CIÊNCIA, TECNOLOGIA E INOVAÇÃO DO DISTRITO FEDERAL",2021,14,4,"11.405.358,00","11.405.358,00","11.262.583,30","42.774,70","12.225.358,00","73.500,45",2025-12-16T18:14:28.151388
650101,"SECRETARIA DE ESTADO DE CIÊNCIA, TECNOLOGIA E INOVAÇÃO DO DISTRITO FEDERAL",2022,6,3,"2.300.000,00","2.300.000,00","2.099.549,85","200.450,15","400.000,00","2.099.549,85",2025-12-16T18:14:28.151388
650101,"SECRETARIA DE ESTADO DE CIÊNCIA, TECNOLOGIA E INOVAÇÃO DO DISTRITO FEDERAL",2023,15,7,"8.700.000,00","8.700.000,00","8.699.019,72","980,28","8.700.000,00","7.335.222,86",2025-12-16T18:14:28.151388
650101,"SECRETARIA DE ESTADO DE CIÊNCIA, TECNOLOGIA E INOVAÇÃO DO DISTRITO FEDERAL",2024,20,3,"34.808.851,00","34.308.851,00","34.286.092,33","0,00","35.299.959,80","34.270.568,04",2025-12-16T18:14:28.151388
650101,"SECRETARIA DE ESTADO DE CIÊNCIA, TECNOLOGIA E INOVAÇÃO DO DISTRITO FEDERAL",2025,22,2,"39.645.800,00","39.645.800,00","37.347.225,24","2.074,76","37.349.300,00","24.335.446,22",2025-12-16T18:14:28.151388
230101,SECRETARIA DE ESTADO DE CULTURA E ECONOMIA CRIATIVA DO DISTRITO FEDERAL,2021,56,16,"40.588.573,00","40.738.573,00","37.478.704,35","1.824.294,65","38.952.999,00","37.068.975,18",2025-12-16T18:14:28.151388
230101,SECRETARIA DE ESTADO DE CULTURA E ECONOMIA CRIATIVA DO DISTRITO FEDERAL,2022,44,10,"59.385.716,00","59.505.716,00","55.018.423,99","3.295.291,71","61.218.399,70","48.727.253,59",2025-12-16T18:14:28.151388
230101,SECRETARIA DE ESTADO DE CULTURA E ECONOMIA CRIATIVA DO DISTRITO FEDERAL,2023,59,24,"81.473.250,00","82.473.250,00","75.832.646,46","3.311.363,55","79.044.010,00","62.669.287,51",2025-12-16T18:14:28.151388
230101,SECRETARIA DE ESTADO DE CULTURA E ECONOMIA CRIATIVA DO DISTRITO FEDERAL,2024,40,4,"105.569.929,00","107.569.929,00","90.674.340,30","1.110.044,49","103.427.992,14","90.279.867,10",2025-12-16T18:14:28.151388
230101,SECRETARIA DE ESTADO DE CULTURA E ECONOMIA CRIATIVA DO DISTRITO FEDERAL,2025,29,1,"104.948.748,00","104.948.748,00","66.705.200,58","21.971.846,42","89.027.048,00","58.533.376,09",2025-12-16T18:14:28.151388
240101,SECRETARIA DE ESTADO DE DESENVOLVIMENTO ECONÔMICO DO DISTRITO FEDERAL,2021,17,3,"7.577.602,82","12.577.602,82","6.415.589,33","158.900,70","7.085.000,00","6.415.589,33",2025-12-16T18:14:28.151388
240101,SECRETARIA DE ESTADO DE DESENVOLVIMENTO ECONÔMICO DO DISTRITO FEDERAL,2022,27,6,"17.590.000,00","17.590.000,00","16.633.427,50","566.127,29","16.739.554,79","15.973.489,26",2025-12-16T18:14:28.151388
240101,SECRETARIA DE ESTADO DE DESENVOLVIMENTO ECONÔMICO DO DISTRITO FEDERAL,2023,9,8,"100.000,00","100.000,00","0,00","0,00","0,00","0,00",2025-12-16T18:14:28.151388
250101,"SECRETARIA DE ESTADO DE DESENVOLVIMENTO ECONÔMICO, TRABALHO E RENDA DO DISTRITO FEDERAL",2021,25,9,"14.950.000,00","16.450.000,00","7.557.174,10","2.992.825,90","15.250.000,00","3.464.878,17",2025-12-16T18:14:28.151388
250101,"SECRETARIA DE ESTADO DE DESENVOLVIMENTO ECONÔMICO, TRABALHO E RENDA DO DISTRITO FEDERAL",2022,23,10,"19.020.945,00","19.030.945,00","18.666.390,72","354.554,28","20.371.840,00","15.730.346,56",2025-12-16T18:14:28.151388
250101,"SECRETARIA DE ESTADO DE DESENVOLVIMENTO ECONÔMICO, TRABALHO E RENDA DO DISTRITO FEDERAL",2023,33,18,"14.047.350,00","14.047.350,00","13.262.560,04","682.439,96","13.945.000,00","10.893.322,37",2025-12-16T18:14:28.151388
250101,"SECRETARIA DE ESTADO DE DESENVOLVIMENTO ECONÔMICO, TRABALHO E RENDA DO DISTRITO FEDERAL",2024,32,15,"20.352.000,00","20.352.000,00","18.432.558,51","0,00","19.430.000,00","16.177.848,01",2025-12-16T18:14:28.151388
250101,"SECRETARIA DE ESTADO DE DESENVOLVIMENTO ECONÔMICO, TRABALHO E RENDA DO DISTRITO FEDERAL",2025,24,9,"20.787.798,00","21.117.798,00","11.840.298,22","5.977.499,78","18.517.798,00","11.431.894,22",2025-12-16T18:14:28.151388
180101,SECRETARIA DE ESTADO DE DESENVOLVIMENTO SOCIAL DO DISTRITO FEDERAL,2021,17,7,"2.530.000,00","2.530.000,00","140.000,00","1.930.000,00","2.070.000,00","140.000,00",2025-12-16T18:14:28.151388
180101,SECRETARIA DE ESTADO DE DESENVOLVIMENTO SOCIAL DO DISTRITO FEDERAL,2022,11,6,"2.400.000,00","2.400.000,00","2.390.164,96","9.835,04","2.650.000,00","1.932.534,57",2025-12-16T18:14:28.151388
180101,SECRETARIA DE ESTADO DE DESENVOLVIMENTO SOCIAL DO DISTRITO FEDERAL,2023,25,14,"4.039.000,00","4.039.000,00","3.639.000,00","250.000,00","3.889.000,00","900.000,00",2025-12-16T18:14:28.151388
180101,SECRETARIA DE ESTADO DE DESENVOLVIMENTO SOCIAL DO DISTRITO FEDERAL,2024,21,13,"2.570.000,00","2.220.000,00","2.211.930,87","0,00","2.810.000,00","1.421.281,00",2025-12-16T18:14:28.151388
180101,SECRETARIA DE ESTADO DE DESENVOLVIMENTO SOCIAL DO DISTRITO FEDERAL,2025,19,5,"4.480.000,00","4.780.000,00","2.350.000,00","200.000,00","3.200.000,00","1.666.573,34",2025-12-16T18:14:28.151388
280101,SECRETARIA DE ESTADO DE DESENVOLVIMENTO URBANO E HABITAÇÃO DO DISTRITO FEDERAL,2021,4,3,"0,00","0,00","0,00","0,00","0,00","0,00",2025-12-16T18:14:28.151388
280101,SECRETARIA DE ESTADO DE DESENVOLVIMENTO URBANO E HABITAÇÃO DO DISTRITO FEDERAL,2024,1,1,"0,00","0,00","0,00","0,00","0,00","0,00",2025-12-16T18:14:28.151388
130103,SECRETARIA DE ESTADO DE ECONOMIA DO DISTRITO FEDERAL,2021,24,1,"16.758.767,00","16.758.767,00","15.145.080,09","1.493.687,91","16.638.767,00","15.145.080,09",2025-12-16T18:14:28.151388
130103,SECRETARIA DE ESTADO DE ECONOMIA DO DISTRITO FEDERAL,2022,2,2,"0,00","0,00","0,00","0,00","0,00","0,00",2025-12-16T18:14:28.151388
130103,SECRETARIA DE ESTADO DE ECONOMIA DO DISTRITO FEDERAL,2025,3,3,"0,00","0,00","0,00","0,00","0,00","0,00",2025-12-16T18:14:28.151388
160101,SECRETARIA DE ESTADO DE EDUCAÇÃO DO DISTRITO FEDERAL,2021,55,8,"132.832.299,00","132.692.299,00","126.136.372,00","1.848.958,00","127.652.530,00","125.791.372,00",2025-12-16T18:14:28.151388
160101,SECRETARIA DE ESTADO DE EDUCAÇÃO DO DISTRITO FEDERAL,2022,45,8,"105.639.531,00","108.439.531,00","104.342.251,00","784.000,00","120.162.785,00","99.342.251,00",2025-12-16T18:14:28.151388
160101,SECRETARIA DE ESTADO DE EDUCAÇÃO DO DISTRITO FEDERAL,2023,78,29,"126.436.463,00","126.436.463,00","114.447.647,00","3.511.745,00","119.029.391,00","113.572.647,00",2025-12-16T18:14:28.151388
160101,SECRETARIA DE ESTADO DE EDUCAÇÃO DO DISTRITO FEDERAL,2024,60,15,"147.935.585,00","147.935.585,00","144.722.624,96","0,00","151.495.176,96","144.192.624,96",2025-12-16T18:14:28.151388
160101,SECRETARIA DE ESTADO DE EDUCAÇÃO DO DISTRITO FEDERAL,2025,45,6,"129.579.082,00","134.379.082,00","84.115.064,15","19.197.793,03","103.312.861,78","82.723.415,25",2025-12-16T18:14:28.151388
440101,SECRETARIA DE ESTADO DE JUSTIÇA E CIDADANIA,2021,28,11,"6.360.000,00","6.360.000,00","5.050.944,76","879.055,24","5.830.000,00","4.395.915,71",2025-12-16T18:14:28.151388
440101,SECRETARIA DE ESTADO DE JUSTIÇA E CIDADANIA,2022,22,12,"6.916.062,00","7.116.062,00","6.957.287,87","158.538,18","7.604.740,00","5.513.349,86",2025-12-16T18:14:28.151388
440101,SECRETARIA DE ESTADO DE JUSTIÇA E CIDADANIA,2023,30,14,"6.572.424,00","6.572.424,00","4.986.656,29","476.767,71","5.765.000,00","4.662.299,00",2025-12-16T18:14:28.151388
440101,SECRETARIA DE ESTADO DE JUSTIÇA E CIDADANIA,2024,29,17,"12.818.000,00","13.068.000,00","12.253.787,18","0,00","12.568.000,00","10.413.851,18",2025-12-16T18:14:28.151388
440101,SECRETARIA DE ESTADO DE JUSTIÇA E CIDADANIA,2025,30,5,"23.850.000,00","23.850.000,00","15.341.535,24","5.418.464,76","20.810.000,00","5.387.129,68",2025-12-16T18:14:28.151388
190101,SECRETARIA DE ESTADO DE OBRAS E INFRAESTRUTURA DO DISTRITO FEDERAL,2021,26,5,"3.471.604,00","3.471.604,00","1.552.984,88","1.007.619,12","2.360.604,00","1.476.527,16",2025-12-16T18:14:28.151388
190101,SECRETARIA DE ESTADO DE OBRAS E INFRAESTRUTURA DO DISTRITO FEDERAL,2022,7,7,"0,00","0,00","0,00","0,00","0,00","0,00",2025-12-16T18:14:28.151388
190101,SECRETARIA DE ESTADO DE OBRAS E INFRAESTRUTURA DO DISTRITO FEDERAL,2023,9,6,"1.031.500,00","1.031.500,00","0,00","88.543,30","388.543,30","0,00",2025-12-16T18:14:28.151388
190101,SECRETARIA DE ESTADO DE OBRAS E INFRAESTRUTURA DO DISTRITO FEDERAL,2024,12,4,"7.305.000,00","7.305.000,00","5.205.000,00","0,00","7.205.000,00","0,00",2025-12-16T18:14:28.151388
190101,SECRETARIA DE ESTADO DE OBRAS E INFRAESTRUTURA DO DISTRITO FEDERAL,2025,17,9,"8.100.000,00","8.100.000,00","5.900.000,00","650.000,00","7.750.000,00","0,00",2025-12-16T18:14:28.151388
170101,SECRETARIA DE ESTADO DE SAÚDE DO DISTRITO FEDERAL,2021,1,0,"0,00","0,00","0,00","0,00","0,00","0,00",2025-12-16T18:14:28.151388
220101,SECRETARIA DE ESTADO DE SEGURANÇA PÚBLICA DO DISTRITO FEDERAL,2021,7,2,"180.000,00","180.000,00","0,00","40.000,00","40.000,00","0,00",2025-12-16T18:14:28.151388
220101,SECRETARIA DE ESTADO DE SEGURANÇA PÚBLICA DO DISTRITO FEDERAL,2022,4,2,"845.328,00","845.328,00","116.027,38","129.300,62","400.000,00","116.027,38",2025-12-16T18:14:28.151388
220101,SECRETARIA DE ESTADO DE SEGURANÇA PÚBLICA DO DISTRITO FEDERAL,2023,6,2,"1.210.000,00","1.210.000,00","600.000,00","610.000,00","1.410.000,00","0,00",2025-12-16T18:14:28.151388
220101,SECRETARIA DE ESTADO DE SEGURANÇA PÚBLICA DO DISTRITO FEDERAL,2024,5,3,"665.000,00","665.000,00","628.290,00","0,00","665.000,00","368.990,00",2025-12-16T18:14:28.151388
220101,SECRETARIA DE ESTADO DE SEGURANÇA PÚBLICA DO DISTRITO FEDERAL,2025,3,1,"460.000,00","460.000,00","259.300,00","700,00","260.000,00","259.300,00",2025-12-16T18:14:28.151388
200101,SECRETARIA DE ESTADO DE TRANSPORTE E MOBILIDADE DO DISTRITO FEDERAL,2021,11,3,"1.708.358,00","1.698.458,00","986.514,04","711.943,96","1.883.358,00","200.805,56",2025-12-16T18:14:28.151388
200101,SECRETARIA DE ESTADO DE TRANSPORTE E MOBILIDADE DO DISTRITO FEDERAL,2022,9,5,"1.651.140,00","1.651.140,00","1.651.140,00","0,00","2.651.140,00","1.162.337,05",2025-12-16T18:14:28.151388
200101,SECRETARIA DE ESTADO DE TRANSPORTE E MOBILIDADE DO DISTRITO FEDERAL,2023,5,5,"0,00","0,00","0,00","0,00","0,00","0,00",2025-12-16T18:14:28.151388
200101,SECRETARIA DE ESTADO DE TRANSPORTE E MOBILIDADE DO DISTRITO FEDERAL,2024,4,4,"0,00","0,00","0,00","0,00","0,00","0,00",2025-12-16T18:14:28.151388
200101,SECRETARIA DE ESTADO DE TRANSPORTE E MOBILIDADE DO DISTRITO FEDERAL,2025,2,1,"1.000.000,00","1.000.000,00","0,00","0,00","0,00","0,00",2025-12-16T18:14:28.151388
310101,SECRETARIA DE ESTADO DE TURISMO DO DISTRITO FEDERAL,2021,50,4,"28.606.358,00","28.806.358,00","25.759.108,26","258.891,74","27.968.000,00","25.759.108,26",2025-12-16T18:14:28.151388
310101,SECRETARIA DE ESTADO DE TURISMO DO DISTRITO FEDERAL,2022,40,5,"55.351.394,00","56.201.394,00","52.324.794,13","2.504.459,87","54.697.139,94","51.155.767,81",2025-12-16T18:14:28.151388
310101,SECRETARIA DE ESTADO DE TURISMO DO DISTRITO FEDERAL,2023,64,27,"73.419.306,00","73.469.306,00","64.712.851,52","5.566.454,48","70.577.620,00","62.354.110,45",2025-12-16T18:14:28.151388
310101,SECRETARIA DE ESTADO DE TURISMO DO DISTRITO FEDERAL,2024,30,1,"121.725.444,00","121.825.444,00","113.866.025,92","0,00","120.838.622,23","113.057.696,39",2025-12-16T18:14:28.151388
310101,SECRETARIA DE ESTADO DE TURISMO DO DISTRITO FEDERAL,2025,24,0,"94.096.475,00","94.096.475,00","69.408.879,59","22.906.062,91","92.564.942,50","67.695.479,55",2025-12-16T18:14:28.151388
660101,SECRETARIA DE ESTADO DO EMPREENDEDORISMO DO DISTRITO FEDERAL,2021,10,8,"1.865.755,18","1.865.755,18","499.579,50","0,00","2.080.000,00","499.579,50",2025-12-16T18:14:28.151388
660101,SECRETARIA DE ESTADO DO EMPREENDEDORISMO DO DISTRITO FEDERAL,2022,3,3,"0,00","0,00","0,00","0,00","0,00","0,00",2025-12-16T18:14:28.151388
340101,SECRETARIA DE ESTADO DO ESPORTE E LAZER DO DISTRITO FEDERAL,2021,62,17,"24.823.238,00","24.760.238,00","16.230.595,70","7.089.404,30","23.465.000,00","13.498.623,86",2025-12-16T18:14:28.151388
340101,SECRETARIA DE ESTADO DO ESPORTE E LAZER DO DISTRITO FEDERAL,2022,91,41,"38.951.767,00","38.863.840,00","33.677.308,98","3.594.935,02","43.913.896,00","33.088.588,35",2025-12-16T18:14:28.151388
340101,SECRETARIA DE ESTADO DO ESPORTE E LAZER DO DISTRITO FEDERAL,2023,82,41,"42.338.500,00","42.338.500,00","32.767.128,84","7.020.371,16","40.863.500,00","30.975.893,62",2025-12-16T18:14:28.151388
340101,SECRETARIA DE ESTADO DO ESPORTE E LAZER DO DISTRITO FEDERAL,2024,48,11,"56.449.102,00","56.649.102,00","50.465.239,65","0,00","60.531.316,45","49.376.565,30",2025-12-16T18:14:28.151388
340101,SECRETARIA DE ESTADO DO ESPORTE E LAZER DO DISTRITO FEDERAL,2025,43,10,"94.863.554,00","94.863.554,00","62.733.182,21","21.489.351,43","86.392.533,64","57.667.874,09",2025-12-16T18:14:28.151388
150101,SECRETARIA DE ESTADO DO MEIO AMBIENTE,2021,6,2,"790.000,00","790.000,00","310.000,00","300.000,00","610.000,00","310.000,00",2025-12-16T18:14:28.151388
150101,SECRETARIA DE ESTADO DO MEIO AMBIENTE,2022,8,2,"1.725.000,00","1.725.000,00","1.375.000,00","0,00","1.375.000,00","1.375.000,00",2025-12-16T18:14:28.151388
150101,SECRETARIA DE ESTADO DO MEIO AMBIENTE,2023,10,2,"8.469.000,00","8.469.000,00","7.757.274,56","401.725,44","8.159.000,00","7.754.274,76",2025-12-16T18:14:28.151388
150101,SECRETARIA DE ESTADO DO MEIO AMBIENTE,2024,21,12,"9.805.000,00","9.805.000,00","8.351.282,86","0,00","9.405.000,00","3.501.282,86",2025-12-16T18:14:28.151388
150101,SECRETARIA DE ESTADO DO MEIO AMBIENTE,2025,19,8,"7.797.568,00","7.797.568,00","1.797.567,20","3.950.000,80","5.747.568,00","1.647.567,20",2025-12-16T18:14:28.151388
630101,SECRETARIA DE ESTADO PROTEÇÃO DA ORDEM URBANÍSTICA DO DISTRITO FEDERAL,2021,1,0,"50.000,00","50.000,00","0,00","50.000,00","50.000,00","0,00",2025-12-16T18:14:28.151388
630101,SECRETARIA DE ESTADO PROTEÇÃO DA ORDEM URBANÍSTICA DO DISTRITO FEDERAL,2022,1,0,"65.000,00","65.000,00","64.532,00","468,00","65.000,00","0,00",2025-12-16T18:14:28.151388
110101,SECRETARIA DE GOVERNO,2021,3,2,"300.000,00","300.000,00","0,00","300.000,00","300.000,00","0,00",2025-12-16T18:14:28.151388
150205,SERVIÇO DE LIMPEZA URBANA,2021,11,2,"3.835.000,00","3.833.000,00","3.001.692,09","831.307,91","4.200.000,00","529.230,65",2025-12-16T18:14:28.151388
150205,SERVIÇO DE LIMPEZA URBANA,2022,9,6,"301.060,00","301.060,00","299.998,00","0,00","1.060.663,00","275.669,85",2025-12-16T18:14:28.151388
150205,SERVIÇO DE LIMPEZA URBANA,2023,13,4,"3.859.869,00","3.859.869,00","3.559.869,00","300.000,00","4.210.769,00","0,00",2025-12-16T18:14:28.151388
150205,SERVIÇO DE LIMPEZA URBANA,2024,26,11,"4.612.932,00","4.612.932,00","3.767.212,80","0,00","4.939.063,00","2.173.343,80",2025-12-16T18:14:28.151388
150205,SERVIÇO DE LIMPEZA URBANA,2025,9,5,"1.900.000,00","1.900.001,00","1.379.300,68","520.700,32","1.900.000,00","999.536,20",2025-12-16T18:14:28.151388
200201,SOCIEDADE DE TRANSPORTES COLETIVOS DE BRASÍLIA,2024,1,1,"0,00","0,00","0,00","0,00","0,00","0,00",2025-12-16T18:14:28.151388
200201,SOCIEDADE DE TRANSPORTES COLETIVOS DE BRASÍLIA,2025,1,1,"0,00","0,00","0,00","0,00","0,00","0,00",2025-12-16T18:14:28.151388
180203,UNIVERSIDADE DO DISTRITO FEDERAL PROFESSOR JORGE AMAURY MAIA NUNES,2022,1,1,"0,00","0,00","0,00","0,00","0,00","0,00",2025-12-16T18:14:28.151388
180203,UNIVERSIDADE DO DISTRITO FEDERAL PROFESSOR JORGE AMAURY MAIA NUNES,2024,4,2,"350.000,00","350.000,00","250.936,00","0,00","500.000,00","250.936,00",2025-12-16T18:14:28.151388
180203,UNIVERSIDADE DO DISTRITO FEDERAL PROFESSOR JORGE AMAURY MAIA NUNES,2025,1,1,"0,00","0,00","0,00","0,00","0,00","0,00",2025-12-16T18:14:28.151388
