deputado,sessao_legislativa,ano,ordinarias,presencas,ausencias,limite_regimental,ordinarias_com_quorum,presencas_com_quorum,ausencias_com_quorum,limite_regimental_com_quorum,ordinarias_sem_quorum,presencas_sem_quorum,as_of
CHICO VIGILANTE,33,2023,107,102,5,36,94,91,3,32,13,11,2026-09-01
CHICO VIGILANTE,34,2024,108,84,24,36,80,71,9,27,28,13,2026-09-01
CHICO VIGILANTE,35,2025,124,81,43,42,70,69,1,24,54,12,2026-09-01
CHICO VIGILANTE,36,2026,68,49,19,23,40,39,1,14,28,10,2026-09-01
DANIEL DONIZET,33,2023,107,56,51,36,94,53,41,32,13,3,2026-09-01
DANIEL DONIZET,34,2024,108,50,58,36,80,49,31,27,28,1,2026-09-01
DANIEL DONIZET,35,2025,124,20,104,42,70,19,51,24,54,1,2026-09-01
DANIEL DONIZET,36,2026,68,8,60,23,40,7,33,14,28,1,2026-09-01
DAYSE AMARILIO,33,2023,107,91,16,36,94,83,11,32,13,8,2026-09-01
DAYSE AMARILIO,34,2024,108,74,34,36,80,68,12,27,28,6,2026-09-01
DAYSE AMARILIO,35,2025,124,49,75,42,70,48,22,24,54,1,2026-09-01
DAYSE AMARILIO,36,2026,68,20,48,23,40,19,21,14,28,1,2026-09-01
DOUTORA JANE,33,2023,107,88,19,36,94,82,12,32,13,6,2026-09-01
DOUTORA JANE,34,2024,108,67,41,36,80,64,16,27,28,3,2026-09-01
DOUTORA JANE,35,2025,124,56,68,42,70,52,18,24,54,4,2026-09-01
DOUTORA JANE,36,2026,68,39,29,23,40,35,5,14,28,4,2026-09-01
EDUARDO PEDROSA,33,2023,107,68,39,36,94,65,29,32,13,3,2026-09-01
EDUARDO PEDROSA,34,2024,108,75,33,36,80,68,12,27,28,7,2026-09-01
EDUARDO PEDROSA,35,2025,124,64,60,42,70,61,9,24,54,3,2026-09-01
EDUARDO PEDROSA,36,2026,68,34,34,23,40,32,8,14,28,2,2026-09-01
FÁBIO FELIX,33,2023,107,97,10,36,94,87,7,32,13,10,2026-09-01
FÁBIO FELIX,34,2024,108,94,14,36,80,78,2,27,28,16,2026-09-01
FÁBIO FELIX,35,2025,124,74,50,42,70,68,2,24,54,6,2026-09-01
FÁBIO FELIX,36,2026,68,49,19,23,40,40,0,14,28,9,2026-09-01
GABRIEL MAGNO,33,2023,107,105,2,36,94,93,1,32,13,12,2026-09-01
GABRIEL MAGNO,34,2024,108,99,9,36,80,77,3,27,28,22,2026-09-01
GABRIEL MAGNO,35,2025,124,96,28,42,70,69,1,24,54,27,2026-09-01
GABRIEL MAGNO,36,2026,68,50,18,23,40,40,0,14,28,10,2026-09-01
HERMETO,33,2023,107,62,45,36,94,60,34,32,13,2,2026-09-01
HERMETO,34,2024,108,61,47,36,80,61,19,27,28,0,2026-09-01
HERMETO,35,2025,124,63,61,42,70,61,9,24,54,2,2026-09-01
HERMETO,36,2026,68,28,40,23,40,27,13,14,28,1,2026-09-01
IOLANDO,33,2023,107,64,43,36,94,62,32,32,13,2,2026-09-01
IOLANDO,34,2024,108,62,46,36,80,62,18,27,28,0,2026-09-01
IOLANDO,35,2025,124,65,59,42,70,53,17,24,54,12,2026-09-01
IOLANDO,36,2026,68,29,39,23,40,28,12,14,28,1,2026-09-01
JAQUELINE SILVA,33,2023,107,83,24,36,94,81,13,32,13,2,2026-09-01
JAQUELINE SILVA,34,2024,108,68,40,36,80,67,13,27,28,1,2026-09-01
JAQUELINE SILVA,35,2025,124,70,54,42,70,67,3,24,54,3,2026-09-01
JAQUELINE SILVA,36,2026,68,44,24,23,40,38,2,14,28,6,2026-09-01
JOAQUIM RORIZ NETO,33,2023,107,92,15,36,94,82,12,32,13,10,2026-09-01
JOAQUIM RORIZ NETO,34,2024,108,69,39,36,80,61,19,27,28,8,2026-09-01
JOAQUIM RORIZ NETO,35,2025,124,48,76,42,70,43,27,24,54,5,2026-09-01
JOAQUIM RORIZ NETO,36,2026,68,24,44,23,40,24,16,14,28,0,2026-09-01
JORGE VIANNA,33,2023,107,54,53,36,94,54,40,32,13,0,2026-09-01
JORGE VIANNA,34,2024,108,51,57,36,80,47,33,27,28,4,2026-09-01
JORGE VIANNA,35,2025,124,57,67,42,70,55,15,24,54,2,2026-09-01
JORGE VIANNA,36,2026,68,34,34,23,40,29,11,14,28,5,2026-09-01
JOÃO CARDOSO,33,2023,107,83,24,36,94,77,17,32,13,6,2026-09-01
JOÃO CARDOSO,34,2024,108,63,45,36,80,57,23,27,28,6,2026-09-01
JOÃO CARDOSO,35,2025,124,56,68,42,70,55,15,24,54,1,2026-09-01
JOÃO CARDOSO,36,2026,68,31,37,23,40,30,10,14,28,1,2026-09-01
MARTINS MACHADO,33,2023,107,85,22,36,94,82,12,32,13,3,2026-09-01
MARTINS MACHADO,34,2024,108,79,29,36,80,72,8,27,28,7,2026-09-01
MARTINS MACHADO,35,2025,124,68,56,42,70,61,9,24,54,7,2026-09-01
MARTINS MACHADO,36,2026,68,39,29,23,40,34,6,14,28,5,2026-09-01
MAX MACIEL,33,2023,107,104,3,36,94,93,1,32,13,11,2026-09-01
MAX MACIEL,34,2024,108,97,11,36,80,79,1,27,28,18,2026-09-01
MAX MACIEL,35,2025,124,79,45,42,70,67,3,24,54,12,2026-09-01
MAX MACIEL,36,2026,68,51,17,23,40,38,2,14,28,13,2026-09-01
PASTOR DANIEL DE CASTRO,33,2023,107,98,9,36,94,89,5,32,13,9,2026-09-01
PASTOR DANIEL DE CASTRO,34,2024,108,83,25,36,80,69,11,27,28,14,2026-09-01
PASTOR DANIEL DE CASTRO,35,2025,124,65,59,42,70,60,10,24,54,5,2026-09-01
PASTOR DANIEL DE CASTRO,36,2026,68,42,26,23,40,36,4,14,28,6,2026-09-01
PAULA BELMONTE,33,2023,107,96,11,36,94,89,5,32,13,7,2026-09-01
PAULA BELMONTE,34,2024,108,79,29,36,80,65,15,27,28,14,2026-09-01
PAULA BELMONTE,35,2025,124,76,48,42,70,54,16,24,54,22,2026-09-01
PAULA BELMONTE,36,2026,68,23,45,23,40,21,19,14,28,2,2026-09-01
PEPA,33,2023,107,95,12,36,94,85,9,32,13,10,2026-09-01
PEPA,34,2024,108,69,39,36,80,66,14,27,28,3,2026-09-01
PEPA,35,2025,124,59,65,42,70,58,12,24,54,1,2026-09-01
PEPA,36,2026,68,35,33,23,40,35,5,14,28,0,2026-09-01
RICARDO VALE,33,2023,107,97,10,36,94,90,4,32,13,7,2026-09-01
RICARDO VALE,34,2024,108,84,24,36,80,72,8,27,28,12,2026-09-01
RICARDO VALE,35,2025,124,72,52,42,70,60,10,24,54,12,2026-09-01
RICARDO VALE,36,2026,68,49,19,23,40,37,3,14,28,12,2026-09-01
ROBÉRIO NEGREIROS,33,2023,107,78,29,36,94,72,22,32,13,6,2026-09-01
ROBÉRIO NEGREIROS,34,2024,108,65,43,36,80,59,21,27,28,6,2026-09-01
ROBÉRIO NEGREIROS,35,2025,124,51,73,42,70,50,20,24,54,1,2026-09-01
ROBÉRIO NEGREIROS,36,2026,68,33,35,23,40,29,11,14,28,4,2026-09-01
ROGERIO MORRO DA CRUZ,33,2023,107,85,22,36,94,81,13,32,13,4,2026-09-01
ROGERIO MORRO DA CRUZ,34,2024,108,74,34,36,80,68,12,27,28,6,2026-09-01
ROGERIO MORRO DA CRUZ,35,2025,124,71,53,42,70,62,8,24,54,9,2026-09-01
ROGERIO MORRO DA CRUZ,36,2026,68,49,19,23,40,40,0,14,28,9,2026-09-01
ROOSEVELT VILELA,33,2023,107,76,31,36,94,71,23,32,13,5,2026-09-01
ROOSEVELT VILELA,34,2024,108,66,42,36,80,61,19,27,28,5,2026-09-01
ROOSEVELT VILELA,35,2025,124,62,62,42,70,59,11,24,54,3,2026-09-01
ROOSEVELT VILELA,36,2026,68,32,36,23,40,31,9,14,28,1,2026-09-01
THIAGO MANZONI,33,2023,107,98,9,36,94,88,6,32,13,10,2026-09-01
THIAGO MANZONI,34,2024,108,79,29,36,80,71,9,27,28,8,2026-09-01
THIAGO MANZONI,35,2025,124,68,56,42,70,62,8,24,54,6,2026-09-01
THIAGO MANZONI,36,2026,68,41,27,23,40,38,2,14,28,3,2026-09-01
WELLINGTON LUIZ,33,2023,107,74,33,36,94,73,21,32,13,1,2026-09-01
WELLINGTON LUIZ,34,2024,108,67,41,36,80,63,17,27,28,4,2026-09-01
WELLINGTON LUIZ,35,2025,124,58,66,42,70,56,14,24,54,2,2026-09-01
WELLINGTON LUIZ,36,2026,68,31,37,23,40,30,10,14,28,1,2026-09-01
