exercicio,tipo_de_processo,unidade_produtora,fundamento_legal,classificacao_arquivistica,categoria_de_sigilo,grau_de_sigilo,numero_do_processo,categoria_na_fonte,grau_na_fonte,linha_desalinhada_na_fonte,as_of
2021,"Legislativo: Constituicao, reuniao, inquerito e relatorio de Comissao Parlamentar de Inquerito-CPI",CPI-FEMINICIDIO,"Ativ. De Inteligencia, Investigacao e Fiscalizacao - Art. 25, Inciso VIII, da Lei 4.990/2012",COMISSAO PARLAMENTAR DE INQUERITO (comissoes temporarias),Sigiloso,,,Sigiloso,,não,2026-06-12T19:25:11.291332
2021,"Legislativo: Constituicao, reuniao, inquerito e relatorio de Comissao Parlamentar de Inquerito-CPI",CPI-MAUS-TRATOS CONTRA OS ANIMAIS,"Ativ. De Inteligencia, Investigacao e Fiscalizacao - Art. 25, Inciso VIII, da Lei 4.990/2012",COMISSAO PARLAMENTAR DE INQUERITO (comissoes temporarias),Sigiloso,,,Sigiloso,,não,2026-06-12T19:25:11.291332
2021,"Legislativo: Constituicao, reuniao, inquerito e relatorio de Comissao Parlamentar de Inquerito-CPI",CPI-SONEGACAO FISCAL,"Ativ. De Inteligencia, Investigacao e Fiscalizacao - Art. 25, Inciso VIII, da Lei 4.990/2012",COMISSAO PARLAMENTAR DE INQUERITO (comissoes temporarias),Sigiloso,,,Sigiloso,,não,2026-06-12T19:25:11.291332
2021,"Legislativo: Constituicao, reuniao, inquerito e relatorio de Comissao Parlamentar de Inquerito-CPI",GVP,"Ativ. De Inteligencia, Investigacao e Fiscalizacao - Art. 25, Inciso VIII, da Lei 4.990/2012",COMISSAO PARLAMENTAR DE INQUERITO (comissoes temporarias),Sigiloso,,,Sigiloso,,não,2026-06-12T19:25:11.291332
2021,Pessoal: Avaliacao em estagio probatorio,SAD,"Ativ. De Inteligencia, Investigacao e Fiscalizacao - Art. 25, Inciso VIII, da Lei 4.990/2012","ESTAGIO PROBATORIO. Inclusive avaliacao e resultado final (recrutamento, selecao e provimento de car?",Sigiloso,,,Sigiloso,,não,2026-06-12T19:25:11.291332
2021,Pessoal: Avaliacao em estagio probatorio,SAS,"Ativ. De Inteligencia, Investigacao e Fiscalizacao - Art. 25, Inciso VIII, da Lei 4.990/2012","ESTAGIO PROBATORIO. Inclusive avaliacao e resultado final (recrutamento, selecao e provimento de car?",Sigiloso,,,Sigiloso,,não,2026-06-12T19:25:11.291332
2022,Informatica: Requisicao/ordem de servico de informatica,SEASI,"Lei Acesso ? Informacao do DF - Art. 25, inciso VII da Lei 4990, de 12/12/2012","SUPORTE TECNICO. assistencia TECNICA. Inclusive requisicao de servicos, ordem de servico (informatic?",Restrito,,,Restrito,,não,2026-06-12T19:25:11.291332
2022,Pessoal: Avaliacao em Estagio Probatorio,SAS,"Ativ. De Inteligencia, Investigacao e Fiscalizacao - Art. 25, Inciso VIII, da Lei 4.990/2012","ESTAGIO PROBATORIO. Inclusive avaliacao e resultado final (recrutamento, selecao e provimento de car?",Sigiloso,,,Sigiloso,,não,2026-06-12T19:25:11.291332
2022,Informatica: Requisicao/ordem de servico de informatica,SEASI,"Lei Acesso ? Informacao do DF - Art. 25, inciso VII da Lei 4990, de 12/12/2012","SUPORTE TECNICO. assistencia TECNICA. Inclusive requisicao de servicos, ordem de servico (informatic?",Restrito,,,Restrito,,não,2026-06-12T19:25:11.291332
2022,Pessoal: Imposto de renda retido na fonte - IRPF,NJCI,"Acesso ? Lei de acesso ? informacao - Art. 23, III, da Lei de Acesso ? Informacao.",IMPOSTO DE RENDA RETIDO NA FONTE. IRPF (descontos e consignacões),Sigiloso,,,Sigiloso,,não,2026-06-12T19:25:11.291332
2022,Informatica: Requisicao/ordem de servico de informatica,SEASI,"Lei Acesso ? Informacao do DF - Art. 25, inciso VII da Lei 4990, de 12/12/2012","SUPORTE TECNICO. assistencia TECNICA. Inclusive requisicao de servicos, ordem de servico (informatic?",Restrito,,,Restrito,,não,2026-06-12T19:25:11.291332
2022,"Informatica:Normatizacao, regulamentacao ou estudo referente ? tecnologia da informacao",SEINF,"Lei de Acesso ? Informacao do DF - Art. 25, inciso VII da Lei 4990, de 12/12/2012",NOTAS TAQUIGRAFICAS (audi?ncias publicas),Sigiloso,,,Sigiloso,,não,2026-06-12T19:25:11.291332
2022,"Informatica: Normatizacao, regulamentacao ou estudo referente ? tecnologia da informacao",SEINF,"Lei Acesso ? Informacao do DF - Art. 25, inciso VII da Lei 4990, de 12/12/2012",NOTAS TAQUIGRAFICAS (audi?ncias publicas),Restrito,,,Restrito,,não,2026-06-12T19:25:11.291332
2022,Informatica: Requisicao/ordem de servico de informatica,SEASI,"Lei Acesso ? Informacao do DF - Art. 25, inciso VII da Lei 4990, de 12/12/2012","SUPORTE TECNICO. assistencia TECNICA. Inclusive requisicao de servicos, ordem de servico (informatic?",Restrito,,,Restrito,,não,2026-06-12T19:25:11.291332
2022,Informatica: Requisicao/ordem de servico de informatica,SEASI,"Lei Acesso ? Informacao do DF - Art. 25, inciso VII da Lei 4990, de 12/12/2012","SUPORTE TECNICO. assistencia TECNICA. Inclusive requisicao de servicos, ordem de servico (informatic?",Restrito,,,Restrito,,não,2026-06-12T19:25:11.291332
2022,Seguranca: Confeccao de cracha e identidade funcional,SEASI,"Lei Acesso ? Informacao do DF - Art. 25, inciso VII da Lei 4990, de 12/12/2012",SERVIDORES - Inclusive confeccao de cracha e identidade funcional (cadastro e controle de pessoas),Restrito,,,Restrito,,não,2026-06-12T19:25:11.291332
2022,Informatica: Requisicao/ordem de servico de informatica,SEASI,"Lei Acesso ? Informacao do DF - Art. 25, inciso VII da Lei 4990, de 12/12/2012","SUPORTE TECNICO. assistencia TECNICA. Inclusive requisicao de servicos, ordem de servico (informatic?",Restrito,,,Restrito,,não,2026-06-12T19:25:11.291332
2022,"Informatica: Aquisicao, registro de uso e licenca de programas, sistemas e redes",SEINF,"Lei Acesso ? Informacao do DF - Art. 25, inciso VII da Lei 4990, de 12/12/2012",PROGRAMAS. SISTEMAS. REDES. Inclusive licenca e registro de uso e compra (informatica),Restrito,,,Restrito,,não,2026-06-12T19:25:11.291332
2022,Informatica: Requisicao/ordem de servico de informatica,SEASI,"Lei Acesso ? Informacao do DF - Art. 25, inciso VII da Lei 4990, de 12/12/2012","SUPORTE TECNICO. assistencia TECNICA. Inclusive requisicao de servicos, ordem de servico (informatic?",Restrito,,,Restrito,,não,2026-06-12T19:25:11.291332
2022,Informatica: Requisicao/ordem de serviço de informática,SEASI,"Lei Acesso ? Informação do DF - Art. 25, inciso VII da Lei 4990, de 12/12/2012","SUPORTE TECNICO. assistencia TECNICA. Inclusive requisicao de servicos, ordem de servico (informatic?",Restrito,,,Restrito,,não,2026-06-12T19:25:11.291332
2022,"Arquivo: Protocolo, recepcao, tramitacao e expedicao de documentos",GAB DEP EDUARDO PEDROSA,"Lei Acesso ? Informacao do DF - Art. 25, inciso VII da Lei 4990, de 12/12/2012","PROTOCOLO: RECEPCAO, TRAMITACAO E EXPEDICAO DE DOCUMENTOS. Inclusive despacho de devolucao ? origem.?",Restrito,,,Restrito,,não,2026-06-12T19:25:11.291332
2022,Pessoal: Imposto de renda retido na fonte - IRPF,GAB DEP ROOSEVELT,"Lei Acesso ? Informacao do DF - Art. 25, inciso VII da Lei 4990, de 12/12/2012",IMPOSTO DE RENDA RETIDO NA FONTE. IRPF (descontos e consignacões),Restrito,,,Restrito,,não,2026-06-12T19:25:11.291332
2022,Pessoal: Licenca tratamento de saude (inclusive pericia medica),GAB DEP CHICO VIGILANTE,"Lei Acesso ? Informacao do DF - Art. 25, inciso VII da Lei 4990, de 12/12/2012",TRATAMENTO DE SAUDE. Inclusive pericia medica (licencas),Restrito,,,Restrito,,não,2026-06-12T19:25:11.291332
2022,Pessoal: Licenca abono de ponto anual,SEINF,"Lei Acesso ? Informacao do DF - Art. 25, inciso VII da Lei 4990, de 12/12/2012",ABONO DE PONTO ANUAL (licencas),Restrito,,,Restrito,,não,2026-06-12T19:25:11.291332
2022,Informatica:Requisicao/ordem de servico de informatica,ELEGIS,"Lei Acesso ? Informacao do DF - Art. 25, inciso VII da Lei 4990, de 12/12/2012","SUPORTE TECNICO. assistencia TECNICA. Inclusive requisicao de servicos, ordem de servico (informatic?",Restrito,,,Restrito,,não,2026-06-12T19:25:11.291332
2022,Organizacao e Funcionamento: Relatorio de atividades,SEINF,"Lei Acesso ? Informacao do DF - Art. 25, inciso VII da Lei 4990, de 12/12/2012",RELATORIOS DE ATIVIDADES (estrutura organizacional),Restrito,,,Restrito,,não,2026-06-12T19:25:11.291332
2022,Organizacao e Funcionamento: Relatorio de atividades,SEINF,"Lei Acesso ? Informacao do DF - Art. 25, inciso VII da Lei 4990, de 12/12/2012",RELATORIOS DE ATIVIDADES (estrutura organizacional),Restrito,,,Restrito,,não,2026-06-12T19:25:11.291332
2022,Informatica:Requisicao/ordem de servico de informatica,CMI,"Lei Acesso ? Informacao do DF - Art. 25, inciso VII da Lei 4990, de 12/12/2012","SUPORTE TECNICO. assistencia TECNICA. Inclusive requisicao de servicos, ordem de servico (informatic?",Restrito,,,Restrito,,não,2026-06-12T19:25:11.291332
2022,Fascal: requerimento geral,CAS,"Lei Acesso ? Informacao do DF - Art. 25, inciso VII da Lei 4990, de 12/12/2012","ATENDIMENTO DE ASSOCIADO (inclusive guias, autorizacao de atendimento e requerimento de associado)",Restrito,,,Restrito,,não,2026-06-12T19:25:11.291332
2023,Documentacao e informacao: Publicacao de materias no Diario da Camara Legislativa,CMI,"RES.20- Arquitetura de TI - AMD 57/2016, art. 26, inc. I",PUBLICACAO DE MATERIAS NO DIARIO DA CAMARA LEGISLATIVA - DCL- inclusive solicitacao/autorizacao (doc?,Restrito,,,Restrito,,não,2026-06-12T19:25:11.291332
2023,"Informatica: Normatizacao, regulamentacao ou estudo referente ? tecnologia da informacao",CMI,"RES.20- Arquitetura de TI - AMD 57/2016, art. 26, inc. I",NOTAS TAQUIGRAFICAS (audi?ncias publicas),Restrito,,,Restrito,,não,2026-06-12T19:25:11.291332
2023,Informatica: Requisicao/ordem de servico de informatica,CMI,"RES.20- Arquitetura de TI - AMD 57/2016, art. 26, inc. I","SUPORTE TECNICO. assistencia TECNICA. Inclusive requisicao de servicos, ordem de servico (informatic?",Restrito,,,Restrito,,não,2026-06-12T19:25:11.291332
2023,Informatica: Requisicao/ordem de servico de informatica,CMI,"RES.20- Arquitetura de TI - AMD 57/2016, art. 26, inc. I","SUPORTE TECNICO. assistencia TECNICA. Inclusive requisicao de servicos, ordem de servico (informatic?",Restrito,,,Restrito,,não,2026-06-12T19:25:11.291332
2023,Informatica: Requisicao/ordem de servico de informatica,CMI,"RES.20- Arquitetura de TI - AMD 57/2016, art. 26, inc. I","SUPORTE TECNICO. assistencia TECNICA. Inclusive requisicao de servicos, ordem de servico (informatic?",Restrito,,,Restrito,,não,2026-06-12T19:25:11.291332
2023,Seguranca: Registro de ocorrencia policial,COPOL,"SIG.10- Inteligencia, investigacao e fiscalizacao - Lei 4.990/2012, art. 25, inciso VIII",DEMANDAS. DENUNCIAS DA COMISSAO DE TRANSPORTE E MOBILIDADE URBANA - CTMU,Sigiloso,,,Sigiloso,,não,2026-06-12T19:25:11.291332
2023,Administracao Geral: Governanca e Gestao,DICOM,"SIG.06- Decisao interna corporis - AMD 57/2016, art. 26, inc. III","REUNIÕES DA COMISSAO DE PRODUCAO RURAL E ABASTECIMENTO - CPRA. Incluem-se convocacões, cancelamentos?",Sigiloso,,,Sigiloso,,não,2026-06-12T19:25:11.291332
2023,Administracao Geral: Governanca e Gestao,DICOM,"SIG.06- Decisao interna corporis - AMD 57/2016, art. 26, inc. III",DIVULGACAO INTERNA (comunicacao social),Sigiloso,,,Sigiloso,,não,2026-06-12T19:25:11.291332
2023,Administracao Geral: Governanca e Gestao,DICOM,"SIG.06- Decisao interna corporis - AMD 57/2016, art. 26, inc. III",USO DE SALAS E OUTROS ESPACOS DA CLDF (bens imoveis),Sigiloso,,,Sigiloso,,não,2026-06-12T19:25:11.291332
2023,Administracao Geral: Governanca e Gestao,DICOM,"SIG.06- Decisao interna corporis - AMD 57/2016, art. 26, inc. III","POLITICA DE TRANSPARãNCIA E ACESSO A DOCUMENTOS E INFORMACÕES - LEI DA TRANSPARãNCIA, LEI DE ACESSO?",Sigiloso,,,Sigiloso,,não,2026-06-12T19:25:11.291332
2023,Administracao Geral: Governanca e Gestao,DICOM,"SIG.06- Decisao interna corporis - AMD 57/2016, art. 26, inc. III","REUNIÕES DA COMISSAO DE PRODUCAO RURAL E ABASTECIMENTO - CPRA. Incluem-se convocacões, cancelamentos?",Sigiloso,,,Sigiloso,,não,2026-06-12T19:25:11.291332
2023,Administracao Geral: Governanca e Gestao,GAB DEP ROOSEVELT,"SIG.10- Inteligencia, investigacao e fiscalizacao - Lei 4.990/2012, art. 25, inciso VIII",,Sigiloso,,,Sigiloso,,não,2026-06-12T19:25:11.291332
2023,"Pessoal: Denuncia, sindicância, inquerito para apuracao de responsabilidade",GP,"SIG.10- Inteligencia, investigacao e fiscalizacao - Lei 4.990/2012, art. 25, inciso VIII",DENUNCIA. SINDICANCIA. INQUERITO (apuracao de responsabilidade e acao disciplinar),Sigiloso,,,Sigiloso,,não,2026-06-12T19:25:11.291332
2023,"Imovel: Distribuicao, redistribuicao e uso de salas e outros espacos da CLDF",NAJC,"RES.20- Arquitetura de TI - AMD 57/2016, art. 26, inc. I","DISTRIBUICAO, REDISTRIBUICAO E USO DE SALAS E OUTROS ESPACOS DA CLDF). Inclusive estudos, solicitacõ?",Restrito,,,Restrito,,não,2026-06-12T19:25:11.291332
2023,"Informatica: Normatizacao, regulamentacao ou estudo referente ? tecnologia da informacao",NTO,"RES.20- Arquitetura de TI - AMD 57/2016, art. 26, inc. I",NOTAS TAQUIGRAFICAS,Restrito,,,Restrito,,não,2026-06-12T19:25:11.291332
2023,Ouvidoria: denuncias,OUV,"SIG.10- Inteligencia, investigacao e fiscalizacao - Lei 4.990/2012, art. 25, inciso VIII",,Sigiloso,,,Sigiloso,,não,2026-06-12T19:25:11.291332
2023,"Legislativo: Constituicao, reuniao, inquerito e relatorio de Comissao Parlamentar de Inquerito-CPI",SACT,"SIG.10- Inteligencia, investigacao e fiscalizacao - Lei 4.990/2012, art. 25, inciso VIII",COMISSAO PARLAMENTAR DE INQUERITO - CPI (comissoes temporarias),Sigiloso,,,Sigiloso,,não,2026-06-12T19:25:11.291332
2023,Pessoal: Declaracao de Imposto de Renda,SAPLE,"SIG.06- Decisao interna corporis - AMD 57/2016, art. 26, inc. III","ASSENTAMENTO INDIVIDUAL. CADASTRO. Incluem-se documentos referentes ? vida funcional do servidor, be?",Sigiloso,,,Sigiloso,,não,2026-06-12T19:25:11.291332
2023,"Seguranca: Controle de acesso a areas restritas (plenario, galerias, etc)",SEASI,"RES.20- Arquitetura de TI - AMD 57/2016, art. 26, inc. I",CONTROLE DE ACESSO A AREAS RESTRITAS (controle de acesso ?s depend?ncias da CLDF),Restrito,,,Restrito,,não,2026-06-12T19:25:11.291332
2023,Informatica: Requisicao/ordem de servico de informatica,SEASI,"RES.20- Arquitetura de TI - AMD 57/2016, art. 26, inc. I","SUPORTE TECNICO. assistencia TECNICA. Inclusive requisicao de servicos, ordem de servico (informatic?",Restrito,,,Restrito,,não,2026-06-12T19:25:11.291332
2023,"Informatica: Normatizacao, regulamentacao ou estudo referente ? tecnologia da informacao",SEATI,"RES.20- Arquitetura de TI - AMD 57/2016, art. 26, inc. I",NOTAS TAQUIGRAFICAS,Restrito,,,Restrito,,não,2026-06-12T19:25:11.291332
2023,"Informatica: Normatizacao, regulamentacao ou estudo referente ? tecnologia da informacao",SEATI,"RES.20- Arquitetura de TI - AMD 57/2016, art. 26, inc. I",NOTAS TAQUIGRAFICAS,Restrito,,,Restrito,,não,2026-06-12T19:25:11.291332
2023,Material: Aquisicao de material permanente,SEINF,"RES.20- Arquitetura de TI - AMD 57/2016, art. 26, inc. I",COMPRA ( aquisicao de material permanente),Restrito,,,Restrito,,não,2026-06-12T19:25:11.291332
2023,"Informatica: Normatizacao, regulamentacao ou estudo referente ? tecnologia da informacao",SEINF,"RES.20- Arquitetura de TI - AMD 57/2016, art. 26, inc. I",NOTAS TAQUIGRAFICAS (audi?ncias publicas),Restrito,,,Restrito,,não,2026-06-12T19:25:11.291332
2023,"Imovel: Obras de Construcao, reforma, recuperacao ou restauracao",SEINF,"RES.20- Arquitetura de TI - AMD 57/2016, art. 26, inc. I","OBRAS. Inclui Parecer Tecnico, Termo de Garantias Financeiras de Construcao e Reforma de Bem Imovel?",Restrito,,,Restrito,,não,2026-06-12T19:25:11.291332
2023,"Informatica: Normatizacao, regulamentacao ou estudo referente ? tecnologia da informacao",SEINF,"RES.20- Arquitetura de TI - AMD 57/2016, art. 26, inc. I",NOTAS TAQUIGRAFICAS,Restrito,,,Restrito,,não,2026-06-12T19:25:11.291332
2023,Informatica: Aquisicao de solucões e servicos em tecnologia da informacao,SEINF,"RES.20- Arquitetura de TI - AMD 57/2016, art. 26, inc. I",NOTAS TAQUIGRAFICAS,Restrito,,,Restrito,,não,2026-06-12T19:25:11.291332
2023,"Informatica: Normatizacao, regulamentacao ou estudo referente ? tecnologia da informacao",SEINF,"RES.20- Arquitetura de TI - AMD 57/2016, art. 26, inc. I",NOTAS TAQUIGRAFICAS,Restrito,,,Restrito,,não,2026-06-12T19:25:11.291332
2023,"Informatica: Normatizacao, regulamentacao ou estudo referente ? tecnologia da informacao",SEINF,"RES.20- Arquitetura de TI - AMD 57/2016, art. 26, inc. I",NOTAS TAQUIGRAFICAS,Restrito,,,Restrito,,não,2026-06-12T19:25:11.291332
2023,"Informatica: Normatizacao, regulamentacao ou estudo referente ? tecnologia da informacao",SEINF,"RES.20- Arquitetura de TI - AMD 57/2016, art. 26, inc. I",NOTAS TAQUIGRAFICAS,Restrito,,,Restrito,,não,2026-06-12T19:25:11.291332
2023,"Informatica: Normatizacao, regulamentacao ou estudo referente ? tecnologia da informacao",SEINF,"RES.20- Arquitetura de TI - AMD 57/2016, art. 26, inc. I",NOTAS TAQUIGRAFICAS,Restrito,,,Restrito,,não,2026-06-12T19:25:11.291332
2023,"Informatica: Normatizacao, regulamentacao ou estudo referente ? tecnologia da informacao",SEINF,"RES.20- Arquitetura de TI - AMD 57/2016, art. 26, inc. I",NOTAS TAQUIGRAFICAS,Restrito,,,Restrito,,não,2026-06-12T19:25:11.291332
2023,"Informatica: Aquisicao, registro de uso e licenca de programas, sistemas e redes",SEINF,"RES.20- Arquitetura de TI - AMD 57/2016, art. 26, inc. I",PROGRAMAS. SISTEMAS. REDES. Inclusive licenca e registro de uso e compra (informatica),Restrito,,,Restrito,,não,2026-06-12T19:25:11.291332
2023,Informatica: Requisicao/ordem de servico de informatica,SEINF,"RES.20- Arquitetura de TI - AMD 57/2016, art. 26, inc. I",NOTAS TAQUIGRAFICAS,Restrito,,,Restrito,,não,2026-06-12T19:25:11.291332
2023,Organizacao e Funcionamento: Reuniao administrativa,SEINF,"RES.20- Arquitetura de TI - AMD 57/2016, art. 26, inc. I",REGIMENTO INTERNO (organizacao e funcionamento),Restrito,,,Restrito,,não,2026-06-12T19:25:11.291332
2023,Administracao Geral: Governanca e Gestao,SEINF,"SIG.03- Arquitetura de TI - AMD 57/2016, art. 26, inc. I",Sistema de Informacao,Sigiloso,,,Sigiloso,,não,2026-06-12T19:25:11.291332
2023,Administracao Geral: Governanca e Gestao,SEINF,"SIG.03- Arquitetura de TI - AMD 57/2016, art. 26, inc. I",NOTAS TAQUIGRAFICAS,Sigiloso,,,Sigiloso,,não,2026-06-12T19:25:11.291332
2023,Administracao Geral: Governanca e Gestao,SEINF,"SIG.03- Arquitetura de TI - AMD 57/2016, art. 26, inc. I",NOTAS TAQUIGRAFICAS,Sigiloso,,,Sigiloso,,não,2026-06-12T19:25:11.291332
2023,Pessoal: Adicional de qualificacao,CAS,"Lei Acesso ? Informacao do DF - Art. 25, inciso VII da Lei 4990, de 12/12/2012",ADICIONAL DE QUALIFICACAO (vantagens pessoais; adicionais e incorporacões,Restrito,,,Restrito,,não,2026-06-12T19:25:11.291332
2023,Informatica: Requisicao/ordem de servico de informatica,CAS,"Lei Acesso ? Informacao do DF - Art. 25, inciso VII da Lei 4990, de 12/12/2012","SUPORTE TECNICO. assistencia TECNICA. Inclusive requisicao de servicos, ordem de servico (informatic?",Restrito,,,Restrito,,não,2026-06-12T19:25:11.291332
2023,Ouvidoria: denuncias,OUV,"Lei Acesso ? Informacao do DF - Art. 25, inciso VII da Lei 4990, de 12/12/2012",,Restrito,,,Restrito,,não,2026-06-12T19:25:11.291332
2023,Ouvidoria: solicitacões,OUV,"Lei Acesso ? Informacao do DF - Art. 25, inciso VII da Lei 4990, de 12/12/2012",,Restrito,,,Restrito,,não,2026-06-12T19:25:11.291332
2023,Ouvidoria: solicitacões,OUV,"Lei Acesso ? Informacao do DF - Art. 25, inciso VII da Lei 4990, de 12/12/2012",,Restrito,,,Restrito,,não,2026-06-12T19:25:11.291332
2023,Ouvidoria: Pedidos de Informacao,OUV,"Lei Acesso ? Informacao do DF - Art. 25, inciso VII da Lei 4990, de 12/12/2012",,Restrito,,,Restrito,,não,2026-06-12T19:25:11.291332
2023,Ouvidoria: Pedidos de Informacao,OUV,"Lei Acesso ? Informacao do DF - Art. 25, inciso VII da Lei 4990, de 12/12/2012",,Restrito,,,Restrito,,não,2026-06-12T19:25:11.291332
2023,Ouvidoria: Pedidos de Informacao,OUV,"Lei Acesso ? Informacao do DF - Art. 25, inciso VII da Lei 4990, de 12/12/2012",,Restrito,,,Restrito,,não,2026-06-12T19:25:11.291332
2023,Ouvidoria: Pedidos de Informacao,OUV,"Lei Acesso ? Informacao do DF - Art. 25, inciso VII da Lei 4990, de 12/12/2012",,Restrito,,,Restrito,,não,2026-06-12T19:25:11.291332
2023,Ouvidoria: Pedidos de Informacao,OUV,"Lei Acesso ? Informacao do DF - Art. 25, inciso VII da Lei 4990, de 12/12/2012",,Restrito,,,Restrito,,não,2026-06-12T19:25:11.291332
2023,Ouvidoria: Pedidos de Informacao,OUV,"Lei Acesso ? Informacao do DF - Art. 25, inciso VII da Lei 4990, de 12/12/2012",,Restrito,,,Restrito,,não,2026-06-12T19:25:11.291332
2023,Ouvidoria: Pedidos de Informacao,OUV,"Lei Acesso ? Informacao do DF - Art. 25, inciso VII da Lei 4990, de 12/12/2012",,Restrito,,,Restrito,,não,2026-06-12T19:25:11.291332
2023,Ouvidoria: Pedidos de Informacao,OUV,"Lei Acesso ? Informacao do DF - Art. 25, inciso VII da Lei 4990, de 12/12/2012",,Restrito,,,Restrito,,não,2026-06-12T19:25:11.291332
2023,Ouvidoria: Pedidos de Informacao,OUV,"Lei Acesso ? Informacao do DF - Art. 25, inciso VII da Lei 4990, de 12/12/2012",,Restrito,,,Restrito,,não,2026-06-12T19:25:11.291332
2023,Ouvidoria: Pedidos de Informacao,OUV,"Lei Acesso ? Informacao do DF - Art. 25, inciso VII da Lei 4990, de 12/12/2012",,Restrito,,,Restrito,,não,2026-06-12T19:25:11.291332
2023,Ouvidoria: Pedidos de Informacao,OUV,"Lei Acesso ? Informacao do DF - Art. 25, inciso VII da Lei 4990, de 12/12/2012",,Restrito,,,Restrito,,não,2026-06-12T19:25:11.291332
2023,Ouvidoria: Pedidos de Informacao,OUV,"Lei Acesso ? Informacao do DF - Art. 25, inciso VII da Lei 4990, de 12/12/2012",,Restrito,,,Restrito,,não,2026-06-12T19:25:11.291332
2023,"Assessoria e Consultoria Juridica: Notas tecnicas, pareceres e orientacões/analises juridicas",SEINF,"Lei Acesso ? Informacao do DF - Art. 25, inciso VII da Lei 4990, de 12/12/2012",ATAS E NOTAS TAQUIGRAFICAS (comissoes parlamentares de inquerito - CPI),Restrito,,,Restrito,,não,2026-06-12T19:25:11.291332
2024,Seguranca: Registro de ocorrencia policial,DIPOL,"SIG.10- Inteligencia, investigacao e fiscalizacao - Lei 4.990/2012, art. 25, inciso VIII",DEMANDAS. DENUNCIAS DA COMISSAO DE TRANSPORTE E MOBILIDADE URBANA - CTMU,Sigiloso,,00001-00051345/2024-89,SIGILOSO,,não,2026-06-12T19:25:11.291332
2024,Seguranca: Registro de ocorrencia policial,DIPOL,"SIG.10- Inteligencia, investigacao e fiscalizacao - Lei 4.990/2012, art. 25, inciso VIII",DEMANDAS. DENUNCIAS DA COMISSAO DE TRANSPORTE E MOBILIDADE URBANA - CTMU,Sigiloso,,00001-00049602/2024-12,SIGILOSO,,não,2026-06-12T19:25:11.291332
2024,Informatica: Requisicao/ordem de servico de informatica,DMI,"RES.20- Arquitetura de TI, conforme AMD 57/2016, art. 26, inc. I","SUPORTE TECNICO. ASSISTENCIA TECNICA. INCLUSIVE REQUISICAO DE SERVICOS, ORDEM DE SERVICO (INFORMATIC?",Restrito,,00001-00047611/2024-79,RESTRITO,,não,2026-06-12T19:25:11.291332
2024,Informatica: Requisicao/ordem de servico de informatica,SEATI,"RES.20- Arquitetura de TI, conforme AMD 57/2016, art. 26, inc. I","SUPORTE TECNICO. ASSISTENCIA TECNICA. INCLUSIVE REQUISICAO DE SERVICOS, ORDEM DE SERVICO (INFORMATIC?",Restrito,,00001-00044060/2024-91,RESTRITO,,não,2026-06-12T19:25:11.291332
2024,Seguranca: Registro de ocorrencia policial,NUIP,"SIG.10- Inteligencia, investigacao e fiscalizacao - Lei 4.990/2012, art. 25, inciso VIII",DEMANDAS. DENUNCIAS DA COMISSAO DE TRANSPORTE E MOBILIDADE URBANA - CTMU,Sigiloso,,00001-00043252/2024-81,SIGILOSO,,não,2026-06-12T19:25:11.291332
2024,Seguranca: Registro de ocorrencia policial,NUIP,"SIG.10- Inteligencia, investigacao e fiscalizacao - Lei 4.990/2012, art. 25, inciso VIII",DEMANDAS. DENUNCIAS DA COMISSAO DE TRANSPORTE E MOBILIDADE URBANA - CTMU,Sigiloso,,00001-00038017/2024-97,SIGILOSO,,não,2026-06-12T19:25:11.291332
2024,Seguranca: Registro de ocorrencia policial,DIPOL,"SIG.10- Inteligencia, investigacao e fiscalizacao - Lei 4.990/2012, art. 25, inciso VIII",DEMANDAS. DENUNCIAS DA COMISSAO DE TRANSPORTE E MOBILIDADE URBANA - CTMU,Sigiloso,,00001-00035268/2024-10,SIGILOSO,,não,2026-06-12T19:25:11.291332
2024,Seguranca: Registro de ocorrencia policial,NUIP,"SIG.10- Inteligencia, investigacao e fiscalizacao - Lei 4.990/2012, art. 25, inciso VIII",DEMANDAS. DENUNCIAS DA COMISSAO DE TRANSPORTE E MOBILIDADE URBANA - CTMU,Sigiloso,,00001-00034995/2024-60,SIGILOSO,,não,2026-06-12T19:25:11.291332
2024,Pessoal: Controle de frequencia,SAM,"SIG.02- Analise de risco, conforme AMD 57/2016, art. 26 inc. I","CONTROLE DE FREQUENCIA INCLUEM-SE FOLHA E ATESTADO DE FREQUENCIA, BANCO DE HORAS, BOLETIM DE OCORREN?",Sigiloso,,00001-00033897/2024-13,SIGILOSO,,não,2026-06-12T19:25:11.291332
2024,Seguranca: Registro de ocorrencia policial,NUIP,"SIG.10- Inteligencia, investigacao e fiscalizacao - Lei 4.990/2012, art. 25, inciso VIII",DEMANDAS. DENUNCIAS DA COMISSAO DE TRANSPORTE E MOBILIDADE URBANA - CTMU,Sigiloso,,00001-00033745/2024-11,SIGILOSO,,não,2026-06-12T19:25:11.291332
2024,Seguranca: Registro de ocorrencia policial,NUIP,"SIG.10- Inteligencia, investigacao e fiscalizacao - Lei 4.990/2012, art. 25, inciso VIII",DEMANDAS. DENUNCIAS DA COMISSAO DE TRANSPORTE E MOBILIDADE URBANA - CTMU,Sigiloso,,00001-00033466/2024-49,SIGILOSO,,não,2026-06-12T19:25:11.291332
2024,Seguranca: Registro de ocorrencia policial,DIPOL,"SIG.10- Inteligencia, investigacao e fiscalizacao - Lei 4.990/2012, art. 25, inciso VIII",DEMANDAS. DENUNCIAS DA COMISSAO DE TRANSPORTE E MOBILIDADE URBANA - CTMU,Sigiloso,,00001-00032628/2024-21,SIGILOSO,,não,2026-06-12T19:25:11.291332
2024,Seguranca: Registro de ocorrencia policial,GAB DEP DANIEL DONIZET,"SIG.16-Seguranca dos Deputados Distritais, conforme AMD n° 57/2016, art. 26, inc. I",DEMANDAS. DENUNCIAS DA COMISSAO DE TRANSPORTE E MOBILIDADE URBANA - CTMU,Sigiloso,,00001-00032672/2024-31,SIGILOSO,,não,2026-06-12T19:25:11.291332
2024,Seguranca: Registro de ocorrencia policial,GAB DEP DANIEL DONIZET,"SIG.10- Inteligencia, investigacao e fiscalizacao - Lei 4.990/2012, art. 25, inciso VIII",DEMANDAS. DENUNCIAS DA COMISSAO DE TRANSPORTE E MOBILIDADE URBANA - CTMU,Sigiloso,,00001-00032681/2024-22,SIGILOSO,,não,2026-06-12T19:25:11.291332
2024,Seguranca: Registro de ocorrencia policial,DIPOL,"SIG.10- Inteligencia, investigacao e fiscalizacao - Lei 4.990/2012, art. 25, inciso VIII",DEMANDAS. DENUNCIAS DA COMISSAO DE TRANSPORTE E MOBILIDADE URBANA - CTMU,Sigiloso,,00001-00028753/2024-37,SIGILOSO,,não,2026-06-12T19:25:11.291332
2024,Seguranca: Registro de ocorrencia policial,DIPOL,"SIG.10- Inteligencia, investigacao e fiscalizacao - Lei 4.990/2012, art. 25, inciso VIII",DEMANDAS. DENUNCIAS DA COMISSAO DE TRANSPORTE E MOBILIDADE URBANA - CTMU,Sigiloso,,00001-00027546/2024-65,SIGILOSO,,não,2026-06-12T19:25:11.291332
2024,Seguranca: Registro de ocorrencia policial,GAB DEP PR DANIEL DE CASTRO,"SIG.10- Inteligencia, investigacao e fiscalizacao - Lei 4.990/2012, art. 25, inciso VIII",DEMANDAS. DENUNCIAS DA COMISSAO DE TRANSPORTE E MOBILIDADE URBANA - CTMU,Sigiloso,,00001-00026219/2024-96,SIGILOSO,,não,2026-06-12T19:25:11.291332
2024,Seguranca: Registro de ocorrencia policial,GAB DEP PR DANIEL DE CASTRO,"SIG.10- Inteligencia, investigacao e fiscalizacao - Lei 4.990/2012, art. 25, inciso VIII",DEMANDAS. DENUNCIAS DA COMISSAO DE TRANSPORTE E MOBILIDADE URBANA - CTMU,Sigiloso,,00001-00026251/2024-71,SIGILOSO,,não,2026-06-12T19:25:11.291332
2024,Informatica: Aquisicao de solucões e servicos em tecnologia da informacao,SEINF,"RES.20- Arquitetura de TI, conforme AMD 57/2016, art. 26, inc. I",NOTAS TAQUIGRAFICAS (AUDIENCIAS PUBLICAS),Restrito,,00001-00025999/2024-57,RESTRITO,,não,2026-06-12T19:25:11.291332
2024,Informatica: Aquisicao de solucões e servicos em tecnologia da informacao,SEINF,"RES.20- Arquitetura de TI, conforme AMD 57/2016, art. 26, inc. I",NOTAS TAQUIGRAFICAS (AUDIENCIAS PUBLICAS),Restrito,,00001-00020749/2024-21,RESTRITO,,não,2026-06-12T19:25:11.291332
2024,Seguranca: Registro de ocorrencia policial,DIPOL,"SIG.10- Inteligencia, investigacao e fiscalizacao - Lei 4.990/2012, art. 25, inciso VIII",DEMANDAS. DENUNCIAS DA COMISSAO DE TRANSPORTE E MOBILIDADE URBANA - CTMU,Sigiloso,,00001-00018323/2024-15,SIGILOSO,,não,2026-06-12T19:25:11.291332
2024,Seguranca: Registro de ocorrencia policial,NUIP,"SIG.10- Inteligencia, investigacao e fiscalizacao - Lei 4.990/2012, art. 25, inciso VIII",DEMANDAS. DENUNCIAS DA COMISSAO DE TRANSPORTE E MOBILIDADE URBANA - CTMU,Sigiloso,,00001-00017057/2024-03,SIGILOSO,,não,2026-06-12T19:25:11.291332
2024,Ouvidoria: denuncias,GAB DEP PAULA BELMONTE,"SIG.01-Achados de auditoria, conforme AMD 57/2016, art. 26 inc. I","ARMAZENAMENTO E CONTROLE DE ESTOQUE. INCLUSIVE REQUISICAO, FORNECIMENTO E DISTRIBUICAO DE MATERIAIS,?",Sigiloso,,00001-00016623/2024-51,SIGILOSO,,não,2026-06-12T19:25:11.291332
2024,Ouvidoria: denuncias,GAB DEP PAULA BELMONTE,"SIG.01-Achados de auditoria, conforme AMD 57/2016, art. 26 inc. I","PROTOCOLO: RECEPCAO, TRAMITACAO E EXPEDICAO DE DOCUMENTOS. INCLUSIVE DESPACHO DE DEVOLUCAO ú ORIGEM.?",Sigiloso,,00001-00016623/2024-51,SIGILOSO,,não,2026-06-12T19:25:11.291332
2024,Ouvidoria: denuncias,GAB DEP PAULA BELMONTE,"SIG.01-Achados de auditoria, conforme AMD 57/2016, art. 26 inc. I","PROTOCOLO: RECEPCAO, TRAMITACAO E EXPEDICAO DE DOCUMENTOS. INCLUSIVE DESPACHO DE DEVOLUCAO ú ORIGEM.?",Sigiloso,,00001-00016630/2024-53,SIGILOSO,,não,2026-06-12T19:25:11.291332
2024,"Pessoal: Denuncia, sindicancia, inquerito para apuracao de responsabilidade",CPTCE,"SIG.12-Prevencao e repressao a infracões, conforme AMD 57/2016, art. 26, inc. II",DENUNCIA. sindicancia. INQUERITO (APURACAO DE RESPONSABILIDADE E ACAO DISCIPLINAR),Sigiloso,,00001-00012090/2024-39,SIGILOSO,,não,2026-06-12T19:25:11.291332
2024,"Pessoal: Denuncia, sindicancia, inquerito para apuracao de responsabilidade",EXTERNO,"SIG.10- Inteligencia, investigacao e fiscalizacao - Lei 4.990/2012, art. 25, inciso VIII",DENUNCIA. sindicancia. INQUERITO (APURACAO DE RESPONSABILIDADE E ACAO DISCIPLINAR),Sigiloso,,00600-00002654/2024-85,SIGILOSO,,não,2026-06-12T19:25:11.291332
2024,"Pessoal: Denuncia, sindicancia, inquerito para apuracao de responsabilidade",EXTERNO,"SIG.10- Inteligencia, investigacao e fiscalizacao - Lei 4.990/2012, art. 25, inciso VIII","PROTOCOLO: RECEPCAO, TRAMITACAO E EXPEDICAO DE DOCUMENTOS. INCLUSIVE DESPACHO DE DEVOLUCAO ú ORIGEM.?",Sigiloso,,00600-00002654/2024-85,SIGILOSO,,não,2026-06-12T19:25:11.291332
2024,Informatica: Requisicao/ordem de servico de informatica,SEASI,"RES.20- Arquitetura de TI, conforme AMD 57/2016, art. 26, inc. I","SUPORTE TECNICO. ASSISTENCIA TECNICA. INCLUSIVE REQUISICAO DE SERVICOS, ORDEM DE SERVICO (INFORMATIC?",Restrito,,00001-00009585/2024-81,RESTRITO,,não,2026-06-12T19:25:11.291332
2024,Seguranca: Registro de ocorrencia policial,GAB DEP JOaO CARDOSO,"SIG.16-Seguranca dos Deputados Distritais, conforme AMD no 57/2016, art. 26, inc. I","PROTOCOLO: RECEPCAO, TRAMITACAO E EXPEDICAO DE DOCUMENTOS. INCLUSIVE DESPACHO DE DEVOLUCAO ú ORIGEM.?",Sigiloso,,00001-00006132/2024-01,SIGILOSO,,não,2026-06-12T19:25:11.291332
2024,Seguranca: Registro de ocorrencia policial,GAB DEP JOaO CARDOSO,"SIG.16- Seguranca dos Deputados Distritais, conforme AMD no 57/2016, art. 26, inc. I",DEMANDAS. DENUNCIAS DA COMISSAO DE TRANSPORTE E MOBILIDADE URBANA - CTMU,Sigiloso,,00001-00006132/2024-01,SIGILOSO,,não,2026-06-12T19:25:11.291332
2024,"Assessoria e Consultoria Juridica: Atendimento requisicao, ordem e decisao judicial e administrativa",DGP,"SIG.01-Achados de auditoria, conforme AMD 57/2016, art. 26 inc. I",ATAS E NOTAS TAQUIGRAFICAS (COMISSÕES PARLAMENTARES DE INQUERITO - CPI),Sigiloso,,00001-00004544/2024-06,SIGILOSO,,não,2026-06-12T19:25:11.291332
2024,"Informatica: Normatizacao, regulamentacao ou estudo referente ? tecnologia da informacao",DMI,"RES.20- Arquitetura de TI, conforme AMD 57/2016, art. 26, inc. I",NOTAS TAQUIGRAFICAS (AUDIENCIAS PUBLICAS),Restrito,,00001-00001574/2024-52,RESTRITO,,não,2026-06-12T19:25:11.291332
2025,Seguranca: Registro de ocorrencia policial,NUINV,"SIG.10- Inteligencia, investigacao e fiscalizacao - Lei 4.990/2012, art. 25, inciso VIII","POLICIA LEGISLATIVA (seguranca, protecao e policiamento)",Sigiloso,Reservado,00001-00003198/2025-11,Sigiloso,Reservado,não,2026-06-12T19:25:11.291332
2025,Ouvidoria: Sugestoes,OUV,RES.07-Informacao pessoal,SUGESTÕES. Ideias ou propostas para solu?ão de problemas ou aprimoramento do servi?o público (ouvidoria),Restrito,,00001-00005706/2025-04,Restrito,,não,2026-06-12T19:25:11.291332
2025,Informatica: Aquisicao de solucoes e servicos em tecnologia da informacao,SEDEP,RES.20- Arquitetura de TI,"TECNOLOGIA DAINFORMACAO - INFORMÁTICA. Incluem-se normas, regulamenta?ões, diretrizes, políticas, planos, projetos, estudos e/ou decisões, de caráter geral, referentes a Tecnologia da Informa?ão",Restrito,,00001-00005707/2025-41,Restrito,,não,2026-06-12T19:25:11.291332
2025,Seguranca: Registro de ocorrencia policial,GAB DEP JOAQUIM RORIZ NETO,"SIG.10- Inteligencia, investigacao e fiscalizacao - Lei 4.990/2012, art. 25, inciso VIII","POLICIA LEGISLATIVA (seguranca, protecao e policiamento)",Sigiloso,,00001-00007248/2025-30,Sigiloso,,não,2026-06-12T19:25:11.291332
2025,Seguranca: Registro de ocorrencia policial,NUINV,"SIG.10- Inteligencia, investigacao e fiscalizacao - Lei 4.990/2012, art. 25, inciso VIII","POLICIA LEGISLATIVA (seguranca, protecao e policiamento)",Sigiloso,Reservado,00001-00007459/2025-72,Sigiloso,Reservado,não,2026-06-12T19:25:11.291332
2025,Seguranca: Registro de ocorrencia policial,BPAFM,"SIG.10- Inteligencia, investigacao e fiscalizacao - Lei 4.990/2012, art. 25, inciso VIII","POLICIA LEGISLATIVA (seguranca, protecao e policiamento)",Sigiloso,Secreto,00001-00009958/2025-02,Sigiloso,Secreto,não,2026-06-12T19:25:11.291332
2025,"Informatica: Normatizcao, regulamentacao ou estudo referente ? tecnologia da informacao",SEASI,RES.20- Arquitetura de TI,"TECNOLOGIA DAINFORMACAO - INFORMÁTICA. Incluem-se normas, regulamenta?ões, diretrizes, políticas, planos, projetos, estudos e/ou decisões, de caráter geral, referentes a Tecnologia da Informa?ão",Restrito,,00001-00010394/2025-42,Restrito,,não,2026-06-12T19:25:11.291332
2025,Seguranca: Registro de ocorrencia policial,NUINV,"SIG.10- Inteligencia, investigacao e fiscalizacao - Lei 4.990/2012, art. 25, inciso VIII","POLICIA LEGISLATIVA (seguranca, protecao e policiamento)",Sigiloso,Reservado,00001-00010879/2025-36,Sigiloso,Reservado,não,2026-06-12T19:25:11.291332
2025,Seguranca: Registro de ocorrencia policial,NUINV,"SIG.10- Inteligencia, investigacao e fiscalizacao - Lei 4.990/2012, art. 25, inciso VIII","POLICIA LEGISLATIVA (seguranca, protecao e policiamento)",Sigiloso,Reservado,00001-00012516/2025-35,Sigiloso,Reservado,não,2026-06-12T19:25:11.291332
2025,"Legislativo: Constituicao, reuniao, inquerito e relatorio de Comissao Parlamentar de Inquerito-CPI",CPI-RIO MELCHIOR,"SIG.10- Inteligencia, investigacao e fiscalizacao - Lei 4.990/2012, art. 25, inciso VIII",COMISSCO PARLAMENTAR DE INQUERITO - CPI (comissoes temporárias),Sigiloso,Reservado,00001-00013037/2025-36,Sigiloso,Reservado,não,2026-06-12T19:25:11.291332
2025,"Informatica: Normatizacao, regulamentacao ou estudo referente ? tecnologia da informacao",SEINF,RES.20- Arquitetura de TI,"TECNOLOGIA DAINFORMACAO - INFORMÁTICA. Incluem-se normas, regulamenta?ões, diretrizes, políticas, planos, projetos, estudos e/ou decisões, de caráter geral, referentes a Tecnologia da Informa?ão",Restrito,,00001-00015432/2025-53,Restrito,,não,2026-06-12T19:25:11.291332
2025,Policia Legislativa: Ordem de Servico,SEINF,RES.20- Arquitetura de TI,"POLICIA LEGISLATIVA (seguranca, protecao e policiamento)",Restrito,,00001-00018253/2025-78,Restrito,,não,2026-06-12T19:25:11.291332
2025,Administracao Geral: Governanca e Gestao,NUINV,"SIG.10- Inteligencia, investigacao e fiscalizacao - Lei 4.990/2012, art. 25, inciso VIII",FISCALIZA?CO E CONTROLE ADMINISTRATIVO (organizacao e funcionamento),Sigiloso,Reservado,00001-00019189/2025-42,Sigiloso,Reservado,não,2026-06-12T19:25:11.291332
2025,Administracao Geral: Governanca e Gestao,GAB DEP DOUTORA JANE,SIG.16-Seguranca dos Deputados Distritais,"CONTROLE DE ACESSO úS DEPENDãNCIAS DA CLDF (seguranca, protecao e policiamento)",Sigiloso,,00001-00019383/2025-28,Sigiloso,,não,2026-06-12T19:25:11.291332
2025,"Pessoal: Denuncia, sindicancia, inquerito para apuracao de responsabilidade",SESPE,SIG.12-Prevencao e repressao a infracoes,DENéNCIA. sindicancia. INQUERITO (apuracao de responsabilidade eacao disciplinar),Sigiloso,,00001-00019444/2025-57,Sigiloso,,não,2026-06-12T19:25:11.291332
2025,"Pessoal: Denuncia, sindicancia, inquerito para apuracao de responsabilidade",GAB DEP DOUTORA JANE,"SIG.10- Inteligencia, investigacao e fiscalizacao - Lei 4.990/2012, art. 25, inciso VIII",DENéNCIA. sindicancia. INQUERITO (apuracao de responsabilidade eacao disciplinar),Sigiloso,,00001-00019605/2025-11,Sigiloso,,não,2026-06-12T19:25:11.291332
2025,Administracao Geral: Governanca e Gestao,GMD,SIG.02-Analise de risco,CREDENCIAMENTO JUNTO A OUTROS à,,,,,,não,2026-06-12T19:25:11.291332
,,,,,,,,,,sim,2026-06-12T19:25:11.291332
2025,"Pessoal: Denuncia, sindicancia, inquerito para apuracao de responsabilidade",GAB DEP DOUTORA JANE,"SIG.10- Inteligencia, investigacao e fiscalizacao - Lei 4.990/2012, art. 25, inciso VIII",DENéNCIA. sindicancia. INQUERITO (apuracao de responsabilidade eacao disciplinar),Sigiloso,,00001-00021279/2025-01,Sigiloso,,não,2026-06-12T19:25:11.291332
2025,Seguranca: Registro de ocorrencia policial,NUINV,"SIG.10- Inteligencia, investigacao e fiscalizacao - Lei 4.990/2012, art. 25, inciso VIII","POLICIA LEGISLATIVA (seguranca, protecao e policiamento)",Sigiloso,Reservado,00001-00022828/2025-57,Sigiloso,Reservado,não,2026-06-12T19:25:11.291332
2025,Ouvidoria: Denuncias,GP,"SIG.10- Inteligencia, investigacao e fiscalizacao - Lei 4.990/2012, art. 25, inciso VIII",DENéNCIAS. Incluem-se acusacoes contra ato ou omissao de autoridades e/ou entidades publicas (ouvidoria),Sigiloso,,00001-00023178/2025-67,Sigiloso,,não,2026-06-12T19:25:11.291332
2025,Ouvidoria: Denuncias,GP,"SIG.10- Inteligencia, investigacao e fiscalizacao - Lei 4.990/2012, art. 25, inciso VIII","POLICIA LEGISLATIVA (seguranca, protecao e policiamento)",Sigiloso,,00001-00023178/2025-67,Sigiloso,,não,2026-06-12T19:25:11.291332
2025,Seguranca: Registro de ocorrencia policial,GP,SIG.12-Prevencao e repressao a infracoes,"POLICIA LEGISLATIVA (seguranca, protecao e policiamento)",Sigiloso,,00001-00023879/2025-04,Sigiloso,,não,2026-06-12T19:25:11.291332
2025,Ouvidoria: Denuncias,NUAL,SIG.16-Seguranca dos Deputados Distritais,"GESTAO DA INFORMACAO, DE DOCUMENTOS E SISTEMAS DE ARQUIVOS. Incluem-se estudos e/ou decisões, referentes ? elabora?ão de documentos, metodologias e procedimentos t?cnicos de gestão de documentos e informa?ões arquivísticas",Sigiloso,Secreto,00001-00024247/2025-50,Sigiloso,Secreto,não,2026-06-12T19:25:11.291332
2025,Ouvidoria: Denuncias,NUAL,SIG.16-Seguranca dos Deputados Distritais,DECORO PARLAMENTAR. Incluem-se documentos referentes a Denuncia ou Noticia de Infracao ao COdigo de Ética e Decoro Parlamentar (deputados),Sigiloso,Secreto,00001-00024247/2025-50,Sigiloso,Secreto,não,2026-06-12T19:25:11.291332
2025,Ouvidoria: Denuncias,NUAL,SIG.16-Seguranca dos Deputados Distritais,DENéNCIAS. Incluem-se acusa?ões contra ato ou omissao de autoridades e/ou entidades publicas (ouvidoria),Sigiloso,Secreto,00001-00024247/2025-50,Sigiloso,Secreto,não,2026-06-12T19:25:11.291332
2025,Pessoal: Investigacao preliminar,CONOFIS,"SIG.10- Inteligencia, investigacao e fiscalizacao - Lei 4.990/2012, art. 25, inciso VIII","OCORRãNCIA POLICIAL. Inclusive inqu?rito, investigacao e captura (Policia legislativa)",Sigiloso,,00001-00024557/2025-74,Sigiloso,,não,2026-06-12T19:25:11.291332
2025,Ouvidoria: Denuncias,GP,SIG.16-Seguranca dos Deputados Distritais,DENéNCIAS. Incluem-se acusa?ões contra ato ou omissao de autoridades e/ou entidades publicas (ouvidoria),Sigiloso,Secreto,00001-00024611/2025-81,Sigiloso,Secreto,não,2026-06-12T19:25:11.291332
2025,Seguranca: Registro de ocorrencia policial,NUINV,"SIG.10- Inteligencia, investigacao e fiscalizacao - Lei 4.990/2012, art. 25, inciso VIII","POLICIA LEGISLATIVA (seguranca, protecao e policiamento)",Sigiloso,Reservado,00001-00025567/2025-27,Sigiloso,Reservado,não,2026-06-12T19:25:11.291332
2025,Seguranca: Registro de ocorrencia policial,NUINV,"SIG.10- Inteligencia, investigacao e fiscalizacao - Lei 4.990/2012, art. 25, inciso VIII","POLICIA LEGISLATIVA (seguranca, protecao e policiamento)",Sigiloso,Reservado,00001-00026027/2025-61,Sigiloso,Reservado,não,2026-06-12T19:25:11.291332
2025,Seguranca: Registro de ocorrencia policial,NUINV,"SIG.10- Inteligencia, investigacao e fiscalizacao - Lei 4.990/2012, art. 25, inciso VIII","POLICIA LEGISLATIVA (seguranca, protecao e policiamento)",Sigiloso,Reservado,00001-00026830/2025-03,Sigiloso,Reservado,não,2026-06-12T19:25:11.291332
2025,"Pessoal: Denuncia, sindicancia, inquerito para apuracao de responsabilidade",GAB DEP ROGERIO MORRO DA CRUZ,SIG.01-Achados de auditoria,"PROTOCOLO: RECEP?CO, TRAMITACAO E EXPEDICAO DE DOCUMENTOS. Inclusive despacho de devolu?ão ? origem. (gestão de informa?ões, documentos e sistemas de arquivos)",Sigiloso,Reservado,00001-00027291/2025-11,Sigiloso,Reservado,não,2026-06-12T19:25:11.291332
2025,"Pessoal: Denuncia, sindicancia, inquerito para apuracao de responsabilidade",GAB DEP ROGERIO MORRO DA CRUZ,SIG.01-Achados de auditoria,DENéNCIA. sindicancia. INQUERITO (apuracao de responsabilidade eacao disciplinar),Sigiloso,Reservado,00001-00027291/2025-11,Sigiloso,Reservado,não,2026-06-12T19:25:11.291332
2025,Administracao Geral: Governanca e Gestao,GP,SIG.16-Seguranca dos Deputados Distritais,"CONTROLE DE ACESSO DAS DEPENDÊNCIAS DA CLDF (seguranca, protecao e policiamento)",Sigiloso,,00001-00029231/2025-33,Sigiloso,,não,2026-06-12T19:25:11.291332
2025,Seguranca: Registro de ocorrencia policial,NUINV,"SIG.10- Inteligencia, investigacao e fiscalizacao - Lei 4.990/2012, art. 25, inciso VIII","POLICIA LEGISLATIVA (seguranca, protecao e policiamento)",Sigiloso,Reservado,00001-00031543/2025-15,Sigiloso,Reservado,não,2026-06-12T19:25:11.291332
2025,Informatica: Aquisicao de solucoes e servicos em tecnologia da informacao,SEATI,RES.20- Arquitetura de TI,"TECNOLOGIA DA INFORMACAO - INFORMÁTICA. Incluem-se normas, regulamenta?ões, diretrizes, políticas, planos, projetos, estudos e/ou decisões, de caráter geral, referentes a Tecnologia da Informa?ão",Restrito,,00001-00032336/2025-70,Restrito,,não,2026-06-12T19:25:11.291332
2025,Seguranca: Registro de ocorrencia policial,NUINV,"SIG.10- Inteligencia, investigacao e fiscalizacao - Lei 4.990/2012, art. 25, inciso VIII","POLICIA LEGISLATIVA (seguranca, protecao e policiamento)",Sigiloso,Reservado,00001-00033663/2025-49,Sigiloso,Reservado,não,2026-06-12T19:25:11.291332
2025,"Seguranca: Seguranca de evento realizado na CLDF (plenario, auditorio, comissoes, etc)",SPCS,RES.20- Arquitetura de TI,EVENTOS REALIZADOS NO PLENÁRIO (seguranca de eventos),Restrito,,00001-00033740/2025-61,Restrito,,não,2026-06-12T19:25:11.291332
2025,"Seguranca: Controle de acesso a áreas restritas (plenario, galerias, etc)",SEINF,RES.20- Arquitetura de TI,CONTROLE DE ACESSO A ÁREAS RESTRITAS (controle de acesso ?s dependencias da CLDF),Restrito,,00001-00034869/2025-96,Restrito,,não,2026-06-12T19:25:11.291332
2025,Seguranca: Registro de ocorrencia policial,DIPOL,"SIG.10- Inteligencia, investigacao e fiscalizacao - Lei 4.990/2012, art. 25, inciso VIII","POLICIA LEGISLATIVA (seguranca, protecao e policiamento)",Sigiloso,,00001-00034927/2025-81,Sigiloso,,não,2026-06-12T19:25:11.291332
2025,Seguranca: Registro de ocorrencia policial,NUINV,"SIG.10- Inteligencia, investigacao e fiscalizacao - Lei 4.990/2012, art. 25, inciso VIII","POLICIA LEGISLATIVA (seguranca, protecao e policiamento)",Sigiloso,Reservado,00001-00037079/2025-62,Sigiloso,Reservado,não,2026-06-12T19:25:11.291332
2025,"Seguranca: Controle de acesso a áreas restritas (plenario, galerias, etc)",SEINF,RES.20- Arquitetura de TI,CONTROLE DE ACESSO A ÁREAS RESTRITAS (controle de acesso ?s dependencias da CLDF),Restrito,,00001-00038034/2025-13,Restrito,,não,2026-06-12T19:25:11.291332
2025,Seguranca: Registro de ocorrencia policial,NUINV,"SIG.10- Inteligencia, investigacao e fiscalizacao - Lei 4.990/2012, art. 25, inciso VIII","POLICIA LEGISLATIVA (seguranca, protecao e policiamento)",Sigiloso,Reservado,00001-00039436/2025-27,Sigiloso,Reservado,não,2026-06-12T19:25:11.291332
2025,Administracao Geral: Governanca e Gestao,NPRAD,SIG.01-Achados de auditoria,ORGANIZACAO E FUNCIONAMENTO (administracao geral),Sigiloso,Reservado,00001-00039444/2025-73,Sigiloso,Reservado,não,2026-06-12T19:25:11.291332
2025,Administracao Geral: Governanca e Gestao,SEINF,SIG.03-Arquitetura de TI,"LEGISLACAO. Inclusive pareceres de pessoal Incluem-se normas,regulamenta?ões, diretrizes, estatutos, regulamentos, procedimentos, portarias, estudos e/ou decisões de caráter geral e boletins administrativo, de pessoal e de servi?o (recursos humanos)",Sigiloso,Ultrassecreto,00001-00041312/2025-10,Sigiloso,Ultrassecreto,não,2026-06-12T19:25:11.291332
2025,Seguranca: Registro de ocorrencia policial,NUINV,"SIG.10- Inteligencia, investigacao e fiscalizacao - Lei 4.990/2012, art. 25, inciso VIII","POLICIA LEGISLATIVA (seguranca, protecao e policiamento)",Sigiloso,Reservado,00001-00046983/2025-69,Sigiloso,Reservado,não,2026-06-12T19:25:11.291332
2025,Pessoal: Investigacao preliminar,GP,SIG.15-Seguranca da CLDF,"OCORRãNCIA POLICIAL. Inclusive inqu?rito, investigacao e captura (policia legislativa)",Sigiloso,,00001-00048665/2025-32,Sigiloso,,não,2026-06-12T19:25:11.291332
2025,Seguranca: Registro de ocorrencia policial,NUINV,"SIG.10- Inteligencia, investigacao e fiscalizacao - Lei 4.990/2012, art. 25, inciso VIII","POLICIA LEGISLATIVA (seguranca, protecao e policiamento)",Sigiloso,,00001-00049286/2025-60,Sigiloso,,não,2026-06-12T19:25:11.291332
2025,Pessoal: Investigacao preliminar,CONOFIS,"SIG.10- Inteligencia, investigacao e fiscalizacao - Lei 4.990/2012, art. 25, inciso VIII","OCORRãNCIA POLICIAL. Inclusive inqu?rito, investiga?ão e captura (Policia legislativa)",Sigiloso,,00001-00050864/2025-19,Sigiloso,,não,2026-06-12T19:25:11.291332
2025,Arquivo: Assistencia tecnica arquivistica,SCA,SIG.02-Analise de risco,"assistencia TÉCNICA ARQUIVÍSTICA (gestao de informa?ões, documentos e sistemas de arquivos)",Sigiloso,,00001-00051770/2025-59,Sigiloso,,não,2026-06-12T19:25:11.291332
2025,Informatica: Requiscao/ordem de servico de informatica,SEINF,RES.20- Arquitetura de TI,"SUPORTE TÉCNICO. assistencia TÉCNICA. Inclusive requisi?ão de servi?os, ordem de servi?o (informática)",Restrito,,00001-00052047/2025-97,Restrito,,não,2026-06-12T19:25:11.291332
2025,Administracao Geral: Governanca e Gestao,GMD,SIG.01- Achados de auditoria,PRODUCAO DE DOCUMENTOS. LEVANTAMENTO. DIAGNà,,,,,,não,2026-06-12T19:25:11.291332
,,,,,,,,,,sim,2026-06-12T19:25:11.291332
2025,Ouvidoria: Denuncias,EXTERNO,"SIG.10- Inteligencia, investigacao e fiscalizacao - Lei 4.990/2012, art. 25, inciso VIII","PROTOCOLO: RECEP?CO, TRAMITACAO E EXPEDICAO DE DOCUMENTOS. Inclusive despacho de devolu?ão ? origem. (gestão de informa?ões, documentos e sistemas de arquivos)",Sigiloso,,00600-00008511/2025-68,Sigiloso,,não,2026-06-12T19:25:11.291332
2025,Ouvidoria: Denuncias,EXTERNO,"SIG.10- Inteligencia, investigacao e fiscalizacao - Lei 4.990/2012, art. 25, inciso VIII",DENéNCIAS. Incluem-se acusa?ões contra ato ou omissao de autoridades e/ou entidades publicas (ouvidoria),Sigiloso,,00600-00008511/2025-68,Sigiloso,,não,2026-06-12T19:25:11.291332
2025,"Pessoal: Denuncia, sindicancia, inquerito para apuracao de responsabilidade",EXTERNO,SIG.16-Seguranca dos Deputados Distritais,"PROTOCOLO: RECEP?CO, TRAMITACAO E EXPEDICAO DE DOCUMENTOS. Inclusive despacho de devolu?ão ? origem. (gestão de informa?ões, documentos e sistemas de arquivos)",Sigiloso,Secreto,19.04.3396.0089138/2025-70,Sigiloso,Secreto,não,2026-06-12T19:25:11.291332
2025,"Pessoal: Denuncia, sindicancia, inquerito para apuracao de responsabilidade",EXTERNO,SIG.16-Seguranca dos Deputados Distritais,DENUNCIA. sindicancia. INQUERITO (apuracao de responsabilidade e acao disciplinar),Sigiloso,Secreto,19.04.3396.0089138/2025-70,Sigiloso,Secreto,não,2026-06-12T19:25:11.291332
2025,"Pessoal: Denuncia, sindicancia, inquerito para apuracao de responsabilidade",EXTERNO,SIG.16-Seguranca dos Deputados Distritais,DENUNCIA. sindicancia. INQUERITO (apuracao de responsabilidade e acao disciplinar),Sigiloso,Secreto,19.04.3396.0089930/2025-26,Sigiloso,Secreto,não,2026-06-12T19:25:11.291332
2025,"Pessoal: Denuncia, sindicancia, inquerito para apuracao de responsabilidade",EXTERNO,"SIG.10- Inteligencia, investigacao e fiscalizacao - Lei 4.990/2012, art. 25, inciso VIII","PROTOCOLO: RECEPCAO, TRAMITACAO E EXPEDICAO DE DOCUMENTOS. Inclusive despacho de devolucao ? origem. (gestaoo de informa?ões, documentos e sistemas de arquivos)",Sigiloso,Secreto,19.04.3396.0089930/2025-26,Sigiloso,Secreto,não,2026-06-12T19:25:11.291332
