ano,autor,tipoProposicao,apresentadas_como_autor_unico,apresentadas_com_coautoria
2022,Comissão de Economia,Projeto de Decreto Legislativo,0,5
2022,Comissão de Educação Saúde e Cultura,Requerimento,5,5
2022,Defensoria Pública do Distrito Federal,Projeto de Lei,4,4
2022,Defensoria Pública do Distrito Federal,Projeto de Lei Complementar,1,1
2022,Defensoria Pública do Distrito Federal,Requerimento,1,1
2022,Deputada Arlete Sampaio,Indicação,13,14
2022,Deputada Arlete Sampaio,Moção,10,12
2022,Deputada Arlete Sampaio,Projeto de Decreto Legislativo,0,7
2022,Deputada Arlete Sampaio,Projeto de Lei,10,13
2022,Deputada Arlete Sampaio,Projeto de Resolução,0,2
2022,Deputada Arlete Sampaio,Proposta de Emenda à Lei Orgânica,0,1
2022,Deputada Arlete Sampaio,Requerimento,23,66
2022,Deputada Jaqueline Silva,Indicação,219,219
2022,Deputada Jaqueline Silva,Moção,30,31
2022,Deputada Jaqueline Silva,Projeto de Decreto Legislativo,0,4
2022,Deputada Jaqueline Silva,Projeto de Lei,9,9
2022,Deputada Jaqueline Silva,Proposta de Emenda à Lei Orgânica,0,2
2022,Deputada Jaqueline Silva,Requerimento,9,43
2022,Deputada Júlia Lucy,Moção,25,26
2022,Deputada Júlia Lucy,Projeto de Decreto Legislativo,1,2
2022,Deputada Júlia Lucy,Projeto de Lei,11,18
2022,Deputada Júlia Lucy,Projeto de Resolução,0,1
2022,Deputada Júlia Lucy,Proposta de Emenda à Lei Orgânica,0,1
2022,Deputada Júlia Lucy,Recurso,1,1
2022,Deputada Júlia Lucy,Requerimento,34,103
2022,Deputada Maria Antônia,Indicação,24,24
2022,Deputada Maria Antônia,Moção,1,1
2022,Deputada Maria Antônia,Projeto de Decreto Legislativo,0,6
2022,Deputada Maria Antônia,Projeto de Lei,2,3
2022,Deputada Maria Antônia,Requerimento,1,4
2022,Deputado Agaciel Maia,Indicação,35,37
2022,Deputado Agaciel Maia,Moção,383,383
2022,Deputado Agaciel Maia,Projeto de Decreto Legislativo,0,9
2022,Deputado Agaciel Maia,Projeto de Lei,31,39
2022,Deputado Agaciel Maia,Projeto de Resolução,2,2
2022,Deputado Agaciel Maia,Proposta de Emenda à Lei Orgânica,0,2
2022,Deputado Agaciel Maia,Requerimento,15,56
2022,Deputado Chico Vigilante,Indicação,5,6
2022,Deputado Chico Vigilante,Moção,1,1
2022,Deputado Chico Vigilante,Projeto de Decreto Legislativo,0,7
2022,Deputado Chico Vigilante,Projeto de Lei,16,17
2022,Deputado Chico Vigilante,Projeto de Lei Complementar,1,1
2022,Deputado Chico Vigilante,Proposta de Emenda à Lei Orgânica,0,3
2022,Deputado Chico Vigilante,Requerimento,8,44
2022,Deputado Claudio Abrantes,Indicação,10,10
2022,Deputado Claudio Abrantes,Moção,11,11
2022,Deputado Claudio Abrantes,Projeto de Decreto Legislativo,0,5
2022,Deputado Claudio Abrantes,Projeto de Lei,8,10
2022,Deputado Claudio Abrantes,Projeto de Resolução,0,1
2022,Deputado Claudio Abrantes,Proposta de Emenda à Lei Orgânica,0,2
2022,Deputado Claudio Abrantes,Requerimento,14,54
2022,Deputado Daniel Donizet,Indicação,153,153
2022,Deputado Daniel Donizet,Moção,3,3
2022,Deputado Daniel Donizet,Projeto de Decreto Legislativo,0,2
2022,Deputado Daniel Donizet,Projeto de Lei,9,11
2022,Deputado Daniel Donizet,Proposta de Emenda à Lei Orgânica,0,1
2022,Deputado Daniel Donizet,Requerimento,0,10
2022,Deputado Delegado Fernando Fernandes,Indicação,6,6
2022,Deputado Delegado Fernando Fernandes,Moção,1,1
2022,Deputado Delegado Fernando Fernandes,Projeto de Decreto Legislativo,0,2
2022,Deputado Delegado Fernando Fernandes,Projeto de Lei,10,13
2022,Deputado Delegado Fernando Fernandes,Requerimento,0,7
2022,Deputado Delmasso,Moção,62,62
2022,Deputado Delmasso,Projeto de Decreto Legislativo,2,13
2022,Deputado Delmasso,Projeto de Lei,63,66
2022,Deputado Delmasso,Projeto de Lei Complementar,9,9
2022,Deputado Delmasso,Projeto de Resolução,1,3
2022,Deputado Delmasso,Proposta de Emenda à Lei Orgânica,0,2
2022,Deputado Delmasso,Requerimento,10,23
2022,Deputado Eduardo Pedrosa,Indicação,99,99
2022,Deputado Eduardo Pedrosa,Moção,16,16
2022,Deputado Eduardo Pedrosa,Projeto de Decreto Legislativo,0,8
2022,Deputado Eduardo Pedrosa,Projeto de Lei,10,10
2022,Deputado Eduardo Pedrosa,Projeto de Resolução,0,1
2022,Deputado Eduardo Pedrosa,Proposta de Emenda à Lei Orgânica,0,1
2022,Deputado Eduardo Pedrosa,Requerimento,12,63
2022,Deputado Fábio Felix,Indicação,6,6
2022,Deputado Fábio Felix,Moção,4,4
2022,Deputado Fábio Felix,Projeto de Decreto Legislativo,0,5
2022,Deputado Fábio Felix,Projeto de Lei,7,7
2022,Deputado Fábio Felix,Projeto de Lei Complementar,1,1
2022,Deputado Fábio Felix,Proposta de Emenda à Lei Orgânica,0,2
2022,Deputado Fábio Felix,Requerimento,27,44
2022,Deputado Guarda Janio,Moção,3,3
2022,Deputado Guarda Janio,Projeto de Decreto Legislativo,0,6
2022,Deputado Guarda Janio,Requerimento,0,15
2022,Deputado Hermeto,Indicação,30,30
2022,Deputado Hermeto,Moção,57,57
2022,Deputado Hermeto,Projeto de Decreto Legislativo,0,5
2022,Deputado Hermeto,Projeto de Lei,7,12
2022,Deputado Hermeto,Proposta de Emenda à Lei Orgânica,0,1
2022,Deputado Hermeto,Requerimento,1,17
2022,Deputado Iolando,Indicação,29,29
2022,Deputado Iolando,Moção,48,54
2022,Deputado Iolando,Projeto de Decreto Legislativo,0,14
2022,Deputado Iolando,Projeto de Lei,18,24
2022,Deputado Iolando,Projeto de Resolução,0,2
2022,Deputado Iolando,Proposta de Emenda à Lei Orgânica,0,2
2022,Deputado Iolando,Requerimento,3,32
2022,Deputado Jorge Vianna,Indicação,19,20
2022,Deputado Jorge Vianna,Moção,58,63
2022,Deputado Jorge Vianna,Projeto de Decreto Legislativo,0,4
2022,Deputado Jorge Vianna,Projeto de Lei,13,14
2022,Deputado Jorge Vianna,Projeto de Resolução,0,1
2022,Deputado Jorge Vianna,Proposta de Emenda à Lei Orgânica,0,1
2022,Deputado Jorge Vianna,Requerimento,7,44
2022,Deputado José Gomes,Indicação,55,55
2022,Deputado José Gomes,Moção,7,7
2022,Deputado José Gomes,Projeto de Decreto Legislativo,0,2
2022,Deputado José Gomes,Projeto de Lei,22,22
2022,Deputado José Gomes,Proposta de Emenda à Lei Orgânica,0,1
2022,Deputado José Gomes,Requerimento,1,20
2022,Deputado João Cardoso,Indicação,12,12
2022,Deputado João Cardoso,Moção,13,13
2022,Deputado João Cardoso,Projeto de Decreto Legislativo,0,6
2022,Deputado João Cardoso,Projeto de Lei,15,19
2022,Deputado João Cardoso,Proposta de Emenda à Lei Orgânica,0,2
2022,Deputado João Cardoso,Requerimento,9,50
2022,Deputado Leandro Grass,Indicação,76,80
2022,Deputado Leandro Grass,Moção,45,45
2022,Deputado Leandro Grass,Projeto de Decreto Legislativo,2,6
2022,Deputado Leandro Grass,Projeto de Lei,6,9
2022,Deputado Leandro Grass,Projeto de Lei Complementar,1,1
2022,Deputado Leandro Grass,Projeto de Resolução,0,1
2022,Deputado Leandro Grass,Proposta de Emenda à Lei Orgânica,0,2
2022,Deputado Leandro Grass,Requerimento,128,200
2022,Deputado Martins Machado,Indicação,22,22
2022,Deputado Martins Machado,Moção,19,19
2022,Deputado Martins Machado,Projeto de Decreto Legislativo,1,15
2022,Deputado Martins Machado,Projeto de Lei,13,13
2022,Deputado Martins Machado,Projeto de Resolução,0,1
2022,Deputado Martins Machado,Proposta de Emenda à Lei Orgânica,0,1
2022,Deputado Martins Machado,Requerimento,1,36
2022,Deputado Professor Reginaldo Veras,Indicação,16,18
2022,Deputado Professor Reginaldo Veras,Moção,10,11
2022,Deputado Professor Reginaldo Veras,Projeto de Decreto Legislativo,0,3
2022,Deputado Professor Reginaldo Veras,Projeto de Lei,0,2
2022,Deputado Professor Reginaldo Veras,Projeto de Resolução,0,1
2022,Deputado Professor Reginaldo Veras,Proposta de Emenda à Lei Orgânica,0,3
2022,Deputado Professor Reginaldo Veras,Requerimento,8,72
2022,Deputado Rafael Prudente,Indicação,143,144
2022,Deputado Rafael Prudente,Moção,6,6
2022,Deputado Rafael Prudente,Projeto de Decreto Legislativo,0,10
2022,Deputado Rafael Prudente,Projeto de Lei,15,24
2022,Deputado Rafael Prudente,Projeto de Resolução,0,2
2022,Deputado Rafael Prudente,Requerimento,7,28
2022,Deputado Reginaldo Sardinha,Indicação,47,47
2022,Deputado Reginaldo Sardinha,Moção,56,56
2022,Deputado Reginaldo Sardinha,Projeto de Decreto Legislativo,0,4
2022,Deputado Reginaldo Sardinha,Projeto de Lei,54,57
2022,Deputado Reginaldo Sardinha,Projeto de Lei Complementar,5,5
2022,Deputado Reginaldo Sardinha,Projeto de Resolução,1,2
2022,Deputado Reginaldo Sardinha,Proposta de Emenda à Lei Orgânica,0,1
2022,Deputado Reginaldo Sardinha,Requerimento,21,53
2022,Deputado Robério Negreiros,Indicação,74,74
2022,Deputado Robério Negreiros,Moção,7,7
2022,Deputado Robério Negreiros,Projeto de Decreto Legislativo,0,12
2022,Deputado Robério Negreiros,Projeto de Lei,49,51
2022,Deputado Robério Negreiros,Projeto de Resolução,0,2
2022,Deputado Robério Negreiros,Proposta de Emenda à Lei Orgânica,0,2
2022,Deputado Robério Negreiros,Requerimento,9,42
2022,Deputado Roosevelt Vilela,Indicação,15,15
2022,Deputado Roosevelt Vilela,Moção,24,24
2022,Deputado Roosevelt Vilela,Projeto de Decreto Legislativo,0,5
2022,Deputado Roosevelt Vilela,Projeto de Lei,20,21
2022,Deputado Roosevelt Vilela,Proposta de Emenda à Lei Orgânica,0,1
2022,Deputado Roosevelt Vilela,Requerimento,16,59
2022,Deputado Tabanez,Indicação,22,22
2022,Deputado Tabanez,Moção,3,3
2022,Deputado Tabanez,Projeto de Lei,49,49
2022,Deputado Tabanez,Requerimento,0,2
2022,Deputado Valdelino Barcelos,Indicação,2,2
2022,Deputado Valdelino Barcelos,Moção,2,2
2022,Deputado Valdelino Barcelos,Projeto de Decreto Legislativo,0,5
2022,Deputado Valdelino Barcelos,Projeto de Lei,4,6
2022,Deputado Valdelino Barcelos,Projeto de Resolução,0,1
2022,Deputado Valdelino Barcelos,Proposta de Emenda à Lei Orgânica,0,1
2022,Deputado Valdelino Barcelos,Requerimento,1,49
2022,Mesa Diretora,Projeto de Lei,1,1
2022,Mesa Diretora,Projeto de Resolução,1,1
2022,Orçamento e Finanças,Projeto de Decreto Legislativo,0,5
2022,Poder Executivo,Proc,7,7
2022,Poder Executivo,Projeto de Lei,102,102
2022,Poder Executivo,Projeto de Lei Complementar,18,18
2022,Poder Executivo,Proposta de Emenda à Lei Orgânica,2,2
2022,Tribunal de Contas do Distrito Federal,Projeto de Lei,2,2
2022,Tribunal de Contas do Distrito Federal,Projeto de Lei Complementar,1,1
2023,Cidadania e Legislação Participativa,Questão de Ordem,0,1
2023,Comissão de Constituição e Justiça,Requerimento,1,1
2023,Comissão de Defesa dos Direitos Humanos,Questão de Ordem,0,1
2023,Comissão de Economia,Projeto de Decreto Legislativo,0,4
2023,Comissão de Educação Saúde e Cultura,Moção,3,4
2023,Comissão de Educação Saúde e Cultura,Requerimento,3,3
2023,Comissão de Fiscalização Governança Transparência Controle,Requerimento,19,26
2023,Comissão de Transporte e Mobilidade Urbana,Requerimento,3,3
2023,Defensoria Pública do Distrito Federal,Projeto de Lei,7,7
2023,Defensoria Pública do Distrito Federal,Requerimento,3,3
2023,Deputada Dayse Amarilio,Indicação,276,292
2023,Deputada Dayse Amarilio,Moção,30,41
2023,Deputada Dayse Amarilio,Projeto de Decreto Legislativo,0,4
2023,Deputada Dayse Amarilio,Projeto de Lei,18,22
2023,Deputada Dayse Amarilio,Projeto de Lei Complementar,2,3
2023,Deputada Dayse Amarilio,Projeto de Resolução,1,6
2023,Deputada Dayse Amarilio,Proposta de Emenda à Lei Orgânica,0,5
2023,Deputada Dayse Amarilio,Recurso,0,1
2023,Deputada Dayse Amarilio,Requerimento,143,336
2023,Deputada Doutora Jane,Indicação,130,134
2023,Deputada Doutora Jane,Moção,16,23
2023,Deputada Doutora Jane,Projeto de Decreto Legislativo,0,9
2023,Deputada Doutora Jane,Projeto de Lei,18,23
2023,Deputada Doutora Jane,Projeto de Resolução,1,10
2023,Deputada Doutora Jane,Proposta de Emenda à Lei Orgânica,0,7
2023,Deputada Doutora Jane,Requerimento,6,130
2023,Deputada Jaqueline Silva,Indicação,1339,1340
2023,Deputada Jaqueline Silva,Moção,62,65
2023,Deputada Jaqueline Silva,Projeto de Decreto Legislativo,0,5
2023,Deputada Jaqueline Silva,Projeto de Lei,31,32
2023,Deputada Jaqueline Silva,Projeto de Lei Complementar,1,1
2023,Deputada Jaqueline Silva,Projeto de Resolução,0,3
2023,Deputada Jaqueline Silva,Proposta de Emenda à Lei Orgânica,0,1
2023,Deputada Jaqueline Silva,Requerimento,12,124
2023,Deputada Paula Belmonte,Indicação,115,118
2023,Deputada Paula Belmonte,Moção,20,27
2023,Deputada Paula Belmonte,Projeto de Decreto Legislativo,1,15
2023,Deputada Paula Belmonte,Projeto de Lei,68,70
2023,Deputada Paula Belmonte,Projeto de Lei Complementar,2,3
2023,Deputada Paula Belmonte,Projeto de Resolução,1,11
2023,Deputada Paula Belmonte,Proposta de Emenda à Lei Orgânica,0,4
2023,Deputada Paula Belmonte,Recurso,0,4
2023,Deputada Paula Belmonte,Requerimento,43,281
2023,Deputado Chico Vigilante,Indicação,87,88
2023,Deputado Chico Vigilante,Moção,2,4
2023,Deputado Chico Vigilante,Projeto de Decreto Legislativo,0,7
2023,Deputado Chico Vigilante,Projeto de Lei,6,9
2023,Deputado Chico Vigilante,Projeto de Resolução,0,1
2023,Deputado Chico Vigilante,Proposta de Emenda à Lei Orgânica,0,3
2023,Deputado Chico Vigilante,Recurso,0,1
2023,Deputado Chico Vigilante,Requerimento,9,79
2023,Deputado Daniel Donizet,Indicação,197,199
2023,Deputado Daniel Donizet,Moção,26,27
2023,Deputado Daniel Donizet,Projeto de Decreto Legislativo,0,4
2023,Deputado Daniel Donizet,Projeto de Lei,10,10
2023,Deputado Daniel Donizet,Projeto de Resolução,0,3
2023,Deputado Daniel Donizet,Requerimento,4,50
2023,Deputado Eduardo Pedrosa,Indicação,217,219
2023,Deputado Eduardo Pedrosa,Moção,19,24
2023,Deputado Eduardo Pedrosa,Projeto de Decreto Legislativo,3,13
2023,Deputado Eduardo Pedrosa,Projeto de Lei,37,39
2023,Deputado Eduardo Pedrosa,Projeto de Resolução,0,6
2023,Deputado Eduardo Pedrosa,Proposta de Emenda à Lei Orgânica,0,2
2023,Deputado Eduardo Pedrosa,Requerimento,6,194
2023,Deputado Fábio Felix,Indicação,67,69
2023,Deputado Fábio Felix,Moção,18,22
2023,Deputado Fábio Felix,Projeto de Decreto Legislativo,0,3
2023,Deputado Fábio Felix,Projeto de Lei,19,21
2023,Deputado Fábio Felix,Projeto de Lei Complementar,1,2
2023,Deputado Fábio Felix,Projeto de Resolução,1,3
2023,Deputado Fábio Felix,Proposta de Emenda à Lei Orgânica,0,3
2023,Deputado Fábio Felix,Recurso,0,1
2023,Deputado Fábio Felix,Requerimento,73,142
2023,Deputado Gabriel Magno,Indicação,128,130
2023,Deputado Gabriel Magno,Moção,36,43
2023,Deputado Gabriel Magno,Projeto de Decreto Legislativo,4,14
2023,Deputado Gabriel Magno,Projeto de Lei,53,55
2023,Deputado Gabriel Magno,Projeto de Lei Complementar,5,5
2023,Deputado Gabriel Magno,Projeto de Resolução,0,4
2023,Deputado Gabriel Magno,Proposta de Emenda à Lei Orgânica,0,4
2023,Deputado Gabriel Magno,Recurso,1,2
2023,Deputado Gabriel Magno,Requerimento,39,231
2023,Deputado Hermeto,Indicação,122,124
2023,Deputado Hermeto,Moção,37,37
2023,Deputado Hermeto,Projeto de Decreto Legislativo,0,3
2023,Deputado Hermeto,Projeto de Lei,20,22
2023,Deputado Hermeto,Projeto de Resolução,0,5
2023,Deputado Hermeto,Proposta de Emenda à Lei Orgânica,0,2
2023,Deputado Hermeto,Recurso,0,1
2023,Deputado Hermeto,Requerimento,22,123
2023,Deputado Iolando,Indicação,52,54
2023,Deputado Iolando,Moção,14,16
2023,Deputado Iolando,Projeto de Decreto Legislativo,2,5
2023,Deputado Iolando,Projeto de Lei,47,48
2023,Deputado Iolando,Projeto de Resolução,0,7
2023,Deputado Iolando,Proposta de Emenda à Lei Orgânica,0,3
2023,Deputado Iolando,Recurso,0,3
2023,Deputado Iolando,Requerimento,25,119
2023,Deputado Joaquim Roriz Neto,Indicação,463,465
2023,Deputado Joaquim Roriz Neto,Moção,17,24
2023,Deputado Joaquim Roriz Neto,Projeto de Decreto Legislativo,0,5
2023,Deputado Joaquim Roriz Neto,Projeto de Lei,50,52
2023,Deputado Joaquim Roriz Neto,Projeto de Resolução,0,7
2023,Deputado Joaquim Roriz Neto,Proposta de Emenda à Lei Orgânica,0,5
2023,Deputado Joaquim Roriz Neto,Recurso,0,2
2023,Deputado Joaquim Roriz Neto,Requerimento,6,121
2023,Deputado Jorge Vianna,Indicação,43,47
2023,Deputado Jorge Vianna,Moção,74,77
2023,Deputado Jorge Vianna,Projeto de Decreto Legislativo,2,8
2023,Deputado Jorge Vianna,Projeto de Lei,22,23
2023,Deputado Jorge Vianna,Projeto de Lei Complementar,2,2
2023,Deputado Jorge Vianna,Projeto de Resolução,0,4
2023,Deputado Jorge Vianna,Proposta de Emenda à Lei Orgânica,0,2
2023,Deputado Jorge Vianna,Requerimento,8,103
2023,Deputado João Cardoso,Indicação,63,66
2023,Deputado João Cardoso,Moção,9,12
2023,Deputado João Cardoso,Projeto de Decreto Legislativo,0,7
2023,Deputado João Cardoso,Projeto de Lei,31,33
2023,Deputado João Cardoso,Projeto de Lei Complementar,1,1
2023,Deputado João Cardoso,Projeto de Resolução,0,8
2023,Deputado João Cardoso,Proposta de Emenda à Lei Orgânica,0,1
2023,Deputado João Cardoso,Requerimento,11,139
2023,Deputado Martins Machado,Indicação,47,49
2023,Deputado Martins Machado,Moção,15,19
2023,Deputado Martins Machado,Projeto de Decreto Legislativo,0,4
2023,Deputado Martins Machado,Projeto de Lei,14,17
2023,Deputado Martins Machado,Projeto de Resolução,0,5
2023,Deputado Martins Machado,Proposta de Emenda à Lei Orgânica,0,1
2023,Deputado Martins Machado,Requerimento,8,131
2023,Deputado Max Maciel,Indicação,107,110
2023,Deputado Max Maciel,Moção,6,12
2023,Deputado Max Maciel,Projeto de Decreto Legislativo,1,7
2023,Deputado Max Maciel,Projeto de Lei,13,16
2023,Deputado Max Maciel,Projeto de Lei Complementar,1,2
2023,Deputado Max Maciel,Projeto de Resolução,0,4
2023,Deputado Max Maciel,Proposta de Emenda à Lei Orgânica,0,5
2023,Deputado Max Maciel,Recurso,0,2
2023,Deputado Max Maciel,Requerimento,46,189
2023,Deputado Pastor Daniel de Castro,Indicação,138,179
2023,Deputado Pastor Daniel de Castro,Moção,46,55
2023,Deputado Pastor Daniel de Castro,Projeto de Decreto Legislativo,0,25
2023,Deputado Pastor Daniel de Castro,Projeto de Lei,73,89
2023,Deputado Pastor Daniel de Castro,Projeto de Lei Complementar,2,3
2023,Deputado Pastor Daniel de Castro,Projeto de Resolução,0,15
2023,Deputado Pastor Daniel de Castro,Proposta de Emenda à Lei Orgânica,0,6
2023,Deputado Pastor Daniel de Castro,Recurso,1,3
2023,Deputado Pastor Daniel de Castro,Requerimento,49,239
2023,Deputado Pepa,Indicação,79,82
2023,Deputado Pepa,Moção,17,19
2023,Deputado Pepa,Projeto de Decreto Legislativo,1,10
2023,Deputado Pepa,Projeto de Lei,17,20
2023,Deputado Pepa,Projeto de Resolução,0,9
2023,Deputado Pepa,Proposta de Emenda à Lei Orgânica,0,5
2023,Deputado Pepa,Recurso,0,2
2023,Deputado Pepa,Requerimento,8,161
2023,Deputado Rafael Prudente,Indicação,1,1
2023,Deputado Ricardo Vale,Indicação,180,182
2023,Deputado Ricardo Vale,Moção,10,13
2023,Deputado Ricardo Vale,Projeto de Decreto Legislativo,3,11
2023,Deputado Ricardo Vale,Projeto de Lei,29,30
2023,Deputado Ricardo Vale,Projeto de Resolução,0,5
2023,Deputado Ricardo Vale,Proposta de Emenda à Lei Orgânica,0,4
2023,Deputado Ricardo Vale,Requerimento,18,178
2023,Deputado Robério Negreiros,Indicação,129,129
2023,Deputado Robério Negreiros,Moção,14,19
2023,Deputado Robério Negreiros,Projeto de Decreto Legislativo,0,9
2023,Deputado Robério Negreiros,Projeto de Lei,39,41
2023,Deputado Robério Negreiros,Projeto de Resolução,0,5
2023,Deputado Robério Negreiros,Proposta de Emenda à Lei Orgânica,0,2
2023,Deputado Robério Negreiros,Recurso,0,2
2023,Deputado Robério Negreiros,Requerimento,9,176
2023,Deputado Rogério Morro da Cruz,Indicação,131,138
2023,Deputado Rogério Morro da Cruz,Moção,13,19
2023,Deputado Rogério Morro da Cruz,Projeto de Decreto Legislativo,0,7
2023,Deputado Rogério Morro da Cruz,Projeto de Lei,46,48
2023,Deputado Rogério Morro da Cruz,Projeto de Lei Complementar,7,9
2023,Deputado Rogério Morro da Cruz,Projeto de Resolução,0,6
2023,Deputado Rogério Morro da Cruz,Proposta de Emenda à Lei Orgânica,0,4
2023,Deputado Rogério Morro da Cruz,Requerimento,20,116
2023,Deputado Roosevelt Vilela,Indicação,13,21
2023,Deputado Roosevelt Vilela,Moção,32,35
2023,Deputado Roosevelt Vilela,Projeto de Decreto Legislativo,0,11
2023,Deputado Roosevelt Vilela,Projeto de Lei,19,22
2023,Deputado Roosevelt Vilela,Projeto de Resolução,1,9
2023,Deputado Roosevelt Vilela,Proposta de Emenda à Lei Orgânica,0,2
2023,Deputado Roosevelt Vilela,Recurso,0,1
2023,Deputado Roosevelt Vilela,Requerimento,9,166
2023,Deputado Roosevelt Vilela Pires,Projeto de Lei,1,1
2023,Deputado Thiago Manzoni,Indicação,2,3
2023,Deputado Thiago Manzoni,Moção,10,13
2023,Deputado Thiago Manzoni,Projeto de Decreto Legislativo,1,10
2023,Deputado Thiago Manzoni,Projeto de Lei,19,21
2023,Deputado Thiago Manzoni,Projeto de Lei Complementar,1,2
2023,Deputado Thiago Manzoni,Projeto de Resolução,0,5
2023,Deputado Thiago Manzoni,Proposta de Emenda à Lei Orgânica,0,2
2023,Deputado Thiago Manzoni,Recurso,0,2
2023,Deputado Thiago Manzoni,Requerimento,6,108
2023,Deputado Wellington Luiz,Indicação,54,94
2023,Deputado Wellington Luiz,Moção,9,14
2023,Deputado Wellington Luiz,Projeto de Decreto Legislativo,6,15
2023,Deputado Wellington Luiz,Projeto de Lei,19,23
2023,Deputado Wellington Luiz,Projeto de Lei Complementar,1,1
2023,Deputado Wellington Luiz,Projeto de Resolução,0,12
2023,Deputado Wellington Luiz,Proposta de Emenda à Lei Orgânica,0,4
2023,Deputado Wellington Luiz,Requerimento,6,63
2023,Mesa Diretora,Projeto de Lei,2,2
2023,Mesa Diretora,Projeto de Resolução,4,5
2023,Mesa Diretora,Requerimento,1,1
2023,Orçamento e Finanças,Projeto de Decreto Legislativo,0,4
2023,Poder Executivo,Proc,17,17
2023,Poder Executivo,Projeto de Lei,87,87
2023,Poder Executivo,Projeto de Lei Complementar,8,8
2023,Poder Executivo,Proposta de Emenda à Lei Orgânica,1,1
2023,Tribunal de Contas do Distrito Federal,Projeto de Lei,6,6
2024,Comissão de Assuntos Fundiários,Requerimento,1,1
2024,Comissão de Constituição e Justiça,Questão de Ordem,1,1
2024,Comissão de Constituição e Justiça,Requerimento,1,1
2024,Comissão de Economia,Projeto de Decreto Legislativo,0,2
2024,Comissão de Educação Saúde e Cultura,Requerimento,5,5
2024,Comissão de Fiscalização Governança Transparência Controle,Requerimento,15,15
2024,Comissão de Produção Rural e Abastecimento,Projeto de Resolução,1,1
2024,Comissão de Produção Rural e Abastecimento,Requerimento,1,1
2024,Comissão de Transporte e Mobilidade Urbana,Indicação,1,1
2024,Comissão de Transporte e Mobilidade Urbana,Projeto de Lei,1,1
2024,Defensoria Pública do Distrito Federal,Projeto de Lei,2,2
2024,Deputada Dayse Amarilio,Indicação,80,88
2024,Deputada Dayse Amarilio,Moção,33,51
2024,Deputada Dayse Amarilio,Projeto de Decreto Legislativo,5,10
2024,Deputada Dayse Amarilio,Projeto de Lei,10,11
2024,Deputada Dayse Amarilio,Projeto de Lei Complementar,2,2
2024,Deputada Dayse Amarilio,Projeto de Resolução,5,7
2024,Deputada Dayse Amarilio,Proposta de Emenda à Lei Orgânica,0,3
2024,Deputada Dayse Amarilio,Requerimento,69,173
2024,Deputada Doutora Jane,Indicação,74,74
2024,Deputada Doutora Jane,Moção,38,56
2024,Deputada Doutora Jane,Projeto de Decreto Legislativo,0,2
2024,Deputada Doutora Jane,Projeto de Lei,19,28
2024,Deputada Doutora Jane,Projeto de Resolução,0,3
2024,Deputada Doutora Jane,Proposta de Emenda à Lei Orgânica,0,3
2024,Deputada Doutora Jane,Requerimento,9,92
2024,Deputada Jaqueline Silva,Indicação,638,638
2024,Deputada Jaqueline Silva,Moção,40,41
2024,Deputada Jaqueline Silva,Projeto de Decreto Legislativo,4,5
2024,Deputada Jaqueline Silva,Projeto de Lei,24,24
2024,Deputada Jaqueline Silva,Projeto de Lei Complementar,1,1
2024,Deputada Jaqueline Silva,Projeto de Resolução,1,4
2024,Deputada Jaqueline Silva,Proposta de Emenda à Lei Orgânica,0,4
2024,Deputada Jaqueline Silva,Requerimento,18,69
2024,Deputada Paula Belmonte,Indicação,7,8
2024,Deputada Paula Belmonte,Moção,24,29
2024,Deputada Paula Belmonte,Projeto de Decreto Legislativo,9,11
2024,Deputada Paula Belmonte,Projeto de Lei,25,25
2024,Deputada Paula Belmonte,Projeto de Resolução,1,9
2024,Deputada Paula Belmonte,Proposta de Emenda à Lei Orgânica,0,5
2024,Deputada Paula Belmonte,Requerimento,16,209
2024,Deputado Chico Vigilante,Indicação,10,10
2024,Deputado Chico Vigilante,Moção,9,12
2024,Deputado Chico Vigilante,Projeto de Decreto Legislativo,3,6
2024,Deputado Chico Vigilante,Projeto de Lei,14,14
2024,Deputado Chico Vigilante,Projeto de Resolução,1,1
2024,Deputado Chico Vigilante,Proposta de Emenda à Lei Orgânica,0,2
2024,Deputado Chico Vigilante,Requerimento,3,60
2024,Deputado Daniel Donizet,Indicação,45,45
2024,Deputado Daniel Donizet,Moção,1,3
2024,Deputado Daniel Donizet,Projeto de Decreto Legislativo,2,3
2024,Deputado Daniel Donizet,Projeto de Resolução,1,3
2024,Deputado Daniel Donizet,Proposta de Emenda à Lei Orgânica,0,1
2024,Deputado Daniel Donizet,Requerimento,2,22
2024,Deputado Eduardo Pedrosa,Indicação,34,38
2024,Deputado Eduardo Pedrosa,Moção,11,20
2024,Deputado Eduardo Pedrosa,Projeto de Decreto Legislativo,8,11
2024,Deputado Eduardo Pedrosa,Projeto de Lei,18,19
2024,Deputado Eduardo Pedrosa,Projeto de Resolução,0,7
2024,Deputado Eduardo Pedrosa,Proposta de Emenda à Lei Orgânica,0,4
2024,Deputado Eduardo Pedrosa,Requerimento,5,129
2024,Deputado Fábio Felix,Indicação,30,30
2024,Deputado Fábio Felix,Moção,16,19
2024,Deputado Fábio Felix,Projeto de Decreto Legislativo,0,2
2024,Deputado Fábio Felix,Projeto de Lei,22,22
2024,Deputado Fábio Felix,Projeto de Resolução,1,1
2024,Deputado Fábio Felix,Proposta de Emenda à Lei Orgânica,0,2
2024,Deputado Fábio Felix,Recurso,1,1
2024,Deputado Fábio Felix,Requerimento,86,130
2024,Deputado Gabriel Magno,Indicação,11,11
2024,Deputado Gabriel Magno,Moção,53,57
2024,Deputado Gabriel Magno,Projeto de Decreto Legislativo,9,11
2024,Deputado Gabriel Magno,Projeto de Lei,15,18
2024,Deputado Gabriel Magno,Projeto de Lei Complementar,1,1
2024,Deputado Gabriel Magno,Projeto de Resolução,0,1
2024,Deputado Gabriel Magno,Proposta de Emenda à Lei Orgânica,0,3
2024,Deputado Gabriel Magno,Requerimento,22,138
2024,Deputado Hermeto,Indicação,168,168
2024,Deputado Hermeto,Moção,40,40
2024,Deputado Hermeto,Projeto de Decreto Legislativo,10,13
2024,Deputado Hermeto,Projeto de Lei,26,26
2024,Deputado Hermeto,Projeto de Resolução,0,1
2024,Deputado Hermeto,Proposta de Emenda à Lei Orgânica,0,1
2024,Deputado Hermeto,Requerimento,10,38
2024,Deputado Iolando,Indicação,21,23
2024,Deputado Iolando,Moção,12,15
2024,Deputado Iolando,Projeto de Decreto Legislativo,4,6
2024,Deputado Iolando,Projeto de Lei,43,43
2024,Deputado Iolando,Projeto de Lei Complementar,1,1
2024,Deputado Iolando,Projeto de Resolução,0,3
2024,Deputado Iolando,Requerimento,9,39
2024,Deputado Joaquim Roriz Neto,Indicação,1047,1049
2024,Deputado Joaquim Roriz Neto,Moção,2,3
2024,Deputado Joaquim Roriz Neto,Projeto de Decreto Legislativo,5,6
2024,Deputado Joaquim Roriz Neto,Projeto de Lei,14,14
2024,Deputado Joaquim Roriz Neto,Projeto de Lei Complementar,1,1
2024,Deputado Joaquim Roriz Neto,Projeto de Resolução,0,4
2024,Deputado Joaquim Roriz Neto,Proposta de Emenda à Lei Orgânica,0,2
2024,Deputado Joaquim Roriz Neto,Requerimento,1,21
2024,Deputado Jorge Vianna,Indicação,46,46
2024,Deputado Jorge Vianna,Moção,46,51
2024,Deputado Jorge Vianna,Projeto de Decreto Legislativo,2,3
2024,Deputado Jorge Vianna,Projeto de Lei,21,21
2024,Deputado Jorge Vianna,Projeto de Resolução,0,1
2024,Deputado Jorge Vianna,Requerimento,5,41
2024,Deputado João Cardoso,Indicação,15,17
2024,Deputado João Cardoso,Moção,11,20
2024,Deputado João Cardoso,Projeto de Decreto Legislativo,5,5
2024,Deputado João Cardoso,Projeto de Lei,17,18
2024,Deputado João Cardoso,Projeto de Resolução,0,4
2024,Deputado João Cardoso,Proposta de Emenda à Lei Orgânica,0,1
2024,Deputado João Cardoso,Requerimento,7,59
2024,Deputado Martins Machado,Indicação,2,2
2024,Deputado Martins Machado,Moção,43,53
2024,Deputado Martins Machado,Projeto de Decreto Legislativo,12,13
2024,Deputado Martins Machado,Projeto de Lei,6,8
2024,Deputado Martins Machado,Projeto de Resolução,0,5
2024,Deputado Martins Machado,Proposta de Emenda à Lei Orgânica,0,1
2024,Deputado Martins Machado,Requerimento,1,65
2024,Deputado Max Maciel,Indicação,70,72
2024,Deputado Max Maciel,Moção,17,21
2024,Deputado Max Maciel,Projeto de Decreto Legislativo,4,9
2024,Deputado Max Maciel,Projeto de Lei,20,21
2024,Deputado Max Maciel,Projeto de Lei Complementar,1,1
2024,Deputado Max Maciel,Projeto de Resolução,0,2
2024,Deputado Max Maciel,Proposta de Emenda à Lei Orgânica,0,1
2024,Deputado Max Maciel,Requerimento,17,92
2024,Deputado Pastor Daniel de Castro,Indicação,56,56
2024,Deputado Pastor Daniel de Castro,Moção,55,64
2024,Deputado Pastor Daniel de Castro,Projeto de Decreto Legislativo,14,24
2024,Deputado Pastor Daniel de Castro,Projeto de Lei,79,87
2024,Deputado Pastor Daniel de Castro,Projeto de Lei Complementar,6,6
2024,Deputado Pastor Daniel de Castro,Projeto de Resolução,3,12
2024,Deputado Pastor Daniel de Castro,Proposta de Emenda à Lei Orgânica,0,4
2024,Deputado Pastor Daniel de Castro,Requerimento,21,158
2024,Deputado Pepa,Indicação,113,113
2024,Deputado Pepa,Moção,5,7
2024,Deputado Pepa,Projeto de Decreto Legislativo,9,14
2024,Deputado Pepa,Projeto de Lei,9,12
2024,Deputado Pepa,Projeto de Resolução,0,8
2024,Deputado Pepa,Proposta de Emenda à Lei Orgânica,0,3
2024,Deputado Pepa,Requerimento,5,73
2024,Deputado Ricardo Vale,Indicação,89,89
2024,Deputado Ricardo Vale,Moção,13,24
2024,Deputado Ricardo Vale,Projeto de Decreto Legislativo,7,8
2024,Deputado Ricardo Vale,Projeto de Lei,16,18
2024,Deputado Ricardo Vale,Proposta de Emenda à Lei Orgânica,0,4
2024,Deputado Ricardo Vale,Requerimento,4,85
2024,Deputado Robério Negreiros,Indicação,57,59
2024,Deputado Robério Negreiros,Moção,6,7
2024,Deputado Robério Negreiros,Projeto de Decreto Legislativo,2,5
2024,Deputado Robério Negreiros,Projeto de Lei,26,26
2024,Deputado Robério Negreiros,Projeto de Resolução,0,2
2024,Deputado Robério Negreiros,Requerimento,4,52
2024,Deputado Rogério Morro da Cruz,Indicação,66,71
2024,Deputado Rogério Morro da Cruz,Moção,7,12
2024,Deputado Rogério Morro da Cruz,Projeto de Decreto Legislativo,6,10
2024,Deputado Rogério Morro da Cruz,Projeto de Lei,32,33
2024,Deputado Rogério Morro da Cruz,Projeto de Resolução,0,6
2024,Deputado Rogério Morro da Cruz,Proposta de Emenda à Lei Orgânica,0,2
2024,Deputado Rogério Morro da Cruz,Requerimento,24,73
2024,Deputado Roosevelt Vilela,Moção,36,37
2024,Deputado Roosevelt Vilela,Projeto de Decreto Legislativo,3,8
2024,Deputado Roosevelt Vilela,Projeto de Lei,14,15
2024,Deputado Roosevelt Vilela,Proposta de Emenda à Lei Orgânica,0,2
2024,Deputado Roosevelt Vilela,Recurso,0,1
2024,Deputado Roosevelt Vilela,Requerimento,17,52
2024,Deputado Thiago Manzoni,Indicação,17,17
2024,Deputado Thiago Manzoni,Moção,30,30
2024,Deputado Thiago Manzoni,Projeto de Decreto Legislativo,8,11
2024,Deputado Thiago Manzoni,Projeto de Lei,13,14
2024,Deputado Thiago Manzoni,Projeto de Lei Complementar,1,1
2024,Deputado Thiago Manzoni,Projeto de Resolução,0,3
2024,Deputado Thiago Manzoni,Recurso,0,1
2024,Deputado Thiago Manzoni,Requerimento,15,71
2024,Deputado Wellington Luiz,Indicação,30,31
2024,Deputado Wellington Luiz,Moção,16,20
2024,Deputado Wellington Luiz,Projeto de Decreto Legislativo,17,21
2024,Deputado Wellington Luiz,Projeto de Lei,33,37
2024,Deputado Wellington Luiz,Projeto de Resolução,0,3
2024,Deputado Wellington Luiz,Proposta de Emenda à Lei Orgânica,0,3
2024,Deputado Wellington Luiz,Requerimento,11,61
2024,Mesa Diretora,Projeto de Lei,3,3
2024,Mesa Diretora,Projeto de Resolução,5,5
2024,Mesa Diretora,Requerimento,1,1
2024,Orçamento e Finanças,Projeto de Decreto Legislativo,0,2
2024,Poder Executivo,Proc,10,10
2024,Poder Executivo,Projeto de Lei,108,108
2024,Poder Executivo,Projeto de Lei Complementar,10,10
2024,Tribunal de Contas do Distrito Federal,Projeto de Lei,3,3
2025,Comissão de Assuntos Fundiários,Requerimento,1,1
2025,Comissão de Constituição e Justiça,Projeto de Decreto Legislativo,1,1
2025,Comissão de Defesa dos Direitos da Mulher,Requerimento,1,1
2025,Comissão de Desenvolvimento Econômico Sustentável Ciência Tecnologia Meio Ambiente e Turismo,Projeto de Decreto Legislativo,2,2
2025,Comissão de Economia,Projeto de Decreto Legislativo,0,14
2025,Comissão de Fiscalização Governança Transparência Controle,Indicação,1,1
2025,Comissão de Saúde,Projeto de Decreto Legislativo,1,1
2025,Comissão de Saúde,Requerimento,2,2
2025,Defensoria Pública do Distrito Federal,Projeto de Lei,1,1
2025,Deputada Dayse Amarilio,Indicação,43,43
2025,Deputada Dayse Amarilio,Moção,44,47
2025,Deputada Dayse Amarilio,Projeto de Decreto Legislativo,0,1
2025,Deputada Dayse Amarilio,Projeto de Lei,8,12
2025,Deputada Dayse Amarilio,Projeto de Resolução,1,1
2025,Deputada Dayse Amarilio,Requerimento,60,73
2025,Deputada Doutora Jane,Indicação,71,71
2025,Deputada Doutora Jane,Moção,48,54
2025,Deputada Doutora Jane,Projeto de Decreto Legislativo,1,2
2025,Deputada Doutora Jane,Projeto de Lei,13,16
2025,Deputada Doutora Jane,Projeto de Resolução,0,3
2025,Deputada Doutora Jane,Requerimento,18,21
2025,Deputada Jaqueline Silva,Indicação,139,139
2025,Deputada Jaqueline Silva,Moção,10,10
2025,Deputada Jaqueline Silva,Projeto de Decreto Legislativo,8,8
2025,Deputada Jaqueline Silva,Projeto de Lei,22,25
2025,Deputada Jaqueline Silva,Requerimento,15,18
2025,Deputada Paula Belmonte,Indicação,14,15
2025,Deputada Paula Belmonte,Moção,19,20
2025,Deputada Paula Belmonte,Projeto de Decreto Legislativo,7,7
2025,Deputada Paula Belmonte,Projeto de Lei,15,19
2025,Deputada Paula Belmonte,Projeto de Resolução,2,3
2025,Deputada Paula Belmonte,Proposta de Emenda à Lei Orgânica,0,2
2025,Deputada Paula Belmonte,Requerimento,77,90
2025,Deputado Chico Vigilante,Indicação,4,6
2025,Deputado Chico Vigilante,Moção,5,7
2025,Deputado Chico Vigilante,Projeto de Decreto Legislativo,5,10
2025,Deputado Chico Vigilante,Projeto de Lei,7,12
2025,Deputado Chico Vigilante,Projeto de Resolução,1,2
2025,Deputado Chico Vigilante,Requerimento,16,29
2025,Deputado Daniel Donizet,Indicação,21,21
2025,Deputado Daniel Donizet,Moção,3,3
2025,Deputado Daniel Donizet,Projeto de Decreto Legislativo,0,1
2025,Deputado Daniel Donizet,Projeto de Lei,1,1
2025,Deputado Daniel Donizet,Proposta de Emenda à Lei Orgânica,0,1
2025,Deputado Daniel Donizet,Requerimento,3,6
2025,Deputado Eduardo Pedrosa,Indicação,2,4
2025,Deputado Eduardo Pedrosa,Moção,57,67
2025,Deputado Eduardo Pedrosa,Projeto de Decreto Legislativo,16,16
2025,Deputado Eduardo Pedrosa,Projeto de Lei,26,27
2025,Deputado Eduardo Pedrosa,Proposta de Emenda à Lei Orgânica,0,2
2025,Deputado Eduardo Pedrosa,Requerimento,23,37
2025,Deputado Fábio Felix,Indicação,50,51
2025,Deputado Fábio Felix,Moção,13,13
2025,Deputado Fábio Felix,Projeto de Decreto Legislativo,2,7
2025,Deputado Fábio Felix,Projeto de Lei,17,23
2025,Deputado Fábio Felix,Projeto de Lei Complementar,1,1
2025,Deputado Fábio Felix,Projeto de Resolução,0,1
2025,Deputado Fábio Felix,Questão de Ordem,1,1
2025,Deputado Fábio Felix,Requerimento,194,199
2025,Deputado Gabriel Magno,Indicação,31,33
2025,Deputado Gabriel Magno,Moção,34,36
2025,Deputado Gabriel Magno,Projeto de Decreto Legislativo,4,6
2025,Deputado Gabriel Magno,Projeto de Lei,7,12
2025,Deputado Gabriel Magno,Projeto de Lei Complementar,1,1
2025,Deputado Gabriel Magno,Requerimento,56,71
2025,Deputado Hermeto,Indicação,40,41
2025,Deputado Hermeto,Moção,66,68
2025,Deputado Hermeto,Projeto de Decreto Legislativo,3,6
2025,Deputado Hermeto,Projeto de Lei,16,18
2025,Deputado Hermeto,Projeto de Resolução,1,1
2025,Deputado Hermeto,Requerimento,15,18
2025,Deputado Iolando,Indicação,26,27
2025,Deputado Iolando,Moção,14,14
2025,Deputado Iolando,Projeto de Decreto Legislativo,4,4
2025,Deputado Iolando,Projeto de Lei,56,59
2025,Deputado Iolando,Projeto de Resolução,1,1
2025,Deputado Iolando,Proposta de Emenda à Lei Orgânica,0,2
2025,Deputado Iolando,Requerimento,13,26
2025,Deputado Joaquim Roriz Neto,Indicação,1490,1490
2025,Deputado Joaquim Roriz Neto,Moção,3,3
2025,Deputado Joaquim Roriz Neto,Projeto de Decreto Legislativo,1,2
2025,Deputado Joaquim Roriz Neto,Projeto de Lei,10,11
2025,Deputado Joaquim Roriz Neto,Projeto de Resolução,1,1
2025,Deputado Joaquim Roriz Neto,Proposta de Emenda à Lei Orgânica,0,2
2025,Deputado Joaquim Roriz Neto,Requerimento,8,13
2025,Deputado Jorge Vianna,Indicação,12,13
2025,Deputado Jorge Vianna,Moção,68,75
2025,Deputado Jorge Vianna,Projeto de Decreto Legislativo,6,8
2025,Deputado Jorge Vianna,Projeto de Lei,20,20
2025,Deputado Jorge Vianna,Projeto de Resolução,1,1
2025,Deputado Jorge Vianna,Requerimento,26,33
2025,Deputado João Cardoso,Indicação,3,3
2025,Deputado João Cardoso,Moção,18,22
2025,Deputado João Cardoso,Projeto de Decreto Legislativo,7,7
2025,Deputado João Cardoso,Projeto de Lei,17,18
2025,Deputado João Cardoso,Requerimento,13,20
2025,Deputado Martins Machado,Indicação,11,11
2025,Deputado Martins Machado,Moção,34,42
2025,Deputado Martins Machado,Projeto de Decreto Legislativo,8,8
2025,Deputado Martins Machado,Projeto de Lei,11,12
2025,Deputado Martins Machado,Projeto de Lei Complementar,1,1
2025,Deputado Martins Machado,Requerimento,16,27
2025,Deputado Max Maciel,Indicação,190,191
2025,Deputado Max Maciel,Moção,10,11
2025,Deputado Max Maciel,Projeto de Decreto Legislativo,3,5
2025,Deputado Max Maciel,Projeto de Lei,10,13
2025,Deputado Max Maciel,Requerimento,55,61
2025,Deputado Pastor Daniel de Castro,Indicação,113,116
2025,Deputado Pastor Daniel de Castro,Moção,24,29
2025,Deputado Pastor Daniel de Castro,Projeto de Decreto Legislativo,13,13
2025,Deputado Pastor Daniel de Castro,Projeto de Lei,72,76
2025,Deputado Pastor Daniel de Castro,Projeto de Lei Complementar,3,3
2025,Deputado Pastor Daniel de Castro,Projeto de Resolução,2,3
2025,Deputado Pastor Daniel de Castro,Proposta de Emenda à Lei Orgânica,0,2
2025,Deputado Pastor Daniel de Castro,Requerimento,13,24
2025,Deputado Pepa,Indicação,104,110
2025,Deputado Pepa,Moção,8,10
2025,Deputado Pepa,Projeto de Decreto Legislativo,5,5
2025,Deputado Pepa,Projeto de Lei,17,18
2025,Deputado Pepa,Proposta de Emenda à Lei Orgânica,0,1
2025,Deputado Pepa,Requerimento,7,17
2025,Deputado Ricardo Vale,Indicação,113,114
2025,Deputado Ricardo Vale,Moção,17,25
2025,Deputado Ricardo Vale,Projeto de Decreto Legislativo,7,8
2025,Deputado Ricardo Vale,Projeto de Lei,17,20
2025,Deputado Ricardo Vale,Projeto de Lei Complementar,1,1
2025,Deputado Ricardo Vale,Requerimento,16,31
2025,Deputado Robério Negreiros,Indicação,32,32
2025,Deputado Robério Negreiros,Moção,13,14
2025,Deputado Robério Negreiros,Projeto de Decreto Legislativo,2,2
2025,Deputado Robério Negreiros,Projeto de Lei,41,42
2025,Deputado Robério Negreiros,Projeto de Resolução,0,1
2025,Deputado Robério Negreiros,Proposta de Emenda à Lei Orgânica,0,1
2025,Deputado Robério Negreiros,Requerimento,8,17
2025,Deputado Rogério Morro da Cruz,Indicação,35,37
2025,Deputado Rogério Morro da Cruz,Moção,14,16
2025,Deputado Rogério Morro da Cruz,Projeto de Decreto Legislativo,5,6
2025,Deputado Rogério Morro da Cruz,Projeto de Lei,22,24
2025,Deputado Rogério Morro da Cruz,Projeto de Lei Complementar,2,2
2025,Deputado Rogério Morro da Cruz,Projeto de Resolução,1,1
2025,Deputado Rogério Morro da Cruz,Proposta de Emenda à Lei Orgânica,0,1
2025,Deputado Rogério Morro da Cruz,Requerimento,24,37
2025,Deputado Roosevelt Vilela,Indicação,4,4
2025,Deputado Roosevelt Vilela,Moção,39,39
2025,Deputado Roosevelt Vilela,Projeto de Decreto Legislativo,6,6
2025,Deputado Roosevelt Vilela,Projeto de Lei,33,34
2025,Deputado Roosevelt Vilela,Projeto de Lei Complementar,2,2
2025,Deputado Roosevelt Vilela,Proposta de Emenda à Lei Orgânica,0,2
2025,Deputado Roosevelt Vilela,Requerimento,18,28
2025,Deputado Roosevelt Vilela Pires,Projeto de Lei,1,1
2025,Deputado Thiago Manzoni,Indicação,19,19
2025,Deputado Thiago Manzoni,Moção,12,12
2025,Deputado Thiago Manzoni,Projeto de Decreto Legislativo,10,10
2025,Deputado Thiago Manzoni,Projeto de Lei,14,15
2025,Deputado Thiago Manzoni,Projeto de Resolução,1,1
2025,Deputado Thiago Manzoni,Proposta de Emenda à Lei Orgânica,0,2
2025,Deputado Thiago Manzoni,Requerimento,11,23
2025,Deputado Wellington Luiz,Indicação,85,86
2025,Deputado Wellington Luiz,Moção,26,26
2025,Deputado Wellington Luiz,Projeto de Decreto Legislativo,9,12
2025,Deputado Wellington Luiz,Projeto de Lei,20,23
2025,Deputado Wellington Luiz,Projeto de Lei Complementar,2,2
2025,Deputado Wellington Luiz,Projeto de Resolução,0,2
2025,Deputado Wellington Luiz,Requerimento,18,23
2025,Mesa Diretora,Projeto de Decreto Legislativo,1,1
2025,Mesa Diretora,Projeto de Lei,1,1
2025,Mesa Diretora,Projeto de Resolução,8,8
2025,Orçamento e Finanças,Projeto de Decreto Legislativo,0,14
2025,Poder Executivo,Proc,20,20
2025,Poder Executivo,Projeto de Lei,99,99
2025,Poder Executivo,Projeto de Lei Complementar,20,20
2025,Poder Executivo,Proposta de Emenda à Lei Orgânica,1,1
2025,Tribunal de Contas do Distrito Federal,Projeto de Lei,1,1
2025,Tribunal de Contas do Distrito Federal,Projeto de Lei Complementar,1,1
2026,Comissão Parlamentar de Inquérito do Rio Melchior,Indicação,5,5
2026,Comissão Parlamentar de Inquérito do Rio Melchior,Projeto de Lei,4,4
2026,Comissão de Constituição e Justiça,Projeto de Decreto Legislativo,1,1
2026,Comissão de Economia,Projeto de Decreto Legislativo,0,2
2026,Comissão de Economia,Requerimento,0,3
2026,Comissão de Educação e Cultura,Requerimento,6,6
2026,Comissão de Fiscalização Governança Transparência Controle,Indicação,1,1
2026,Comissão de Saúde,Projeto de Decreto Legislativo,1,1
2026,Comissão de Saúde,Requerimento,15,15
2026,Defensoria Pública do Distrito Federal,Projeto de Lei Complementar,1,1
2026,Deputada Dayse Amarilio,Indicação,17,19
2026,Deputada Dayse Amarilio,Moção,39,39
2026,Deputada Dayse Amarilio,Projeto de Decreto Legislativo,3,3
2026,Deputada Dayse Amarilio,Projeto de Lei,7,9
2026,Deputada Dayse Amarilio,Proposta de Emenda à Lei Orgânica,0,1
2026,Deputada Dayse Amarilio,Requerimento,30,36
2026,Deputada Doutora Jane,Indicação,40,40
2026,Deputada Doutora Jane,Moção,18,19
2026,Deputada Doutora Jane,Projeto de Decreto Legislativo,9,9
2026,Deputada Doutora Jane,Projeto de Lei,8,11
2026,Deputada Doutora Jane,Proposta de Emenda à Lei Orgânica,0,2
2026,Deputada Doutora Jane,Requerimento,14,17
2026,Deputada Jaqueline Silva,Indicação,209,209
2026,Deputada Jaqueline Silva,Moção,19,19
2026,Deputada Jaqueline Silva,Projeto de Decreto Legislativo,1,1
2026,Deputada Jaqueline Silva,Projeto de Lei,7,8
2026,Deputada Jaqueline Silva,Projeto de Resolução,2,2
2026,Deputada Jaqueline Silva,Requerimento,8,8
2026,Deputada Paula Belmonte,Indicação,0,2
2026,Deputada Paula Belmonte,Moção,11,11
2026,Deputada Paula Belmonte,Projeto de Decreto Legislativo,12,12
2026,Deputada Paula Belmonte,Projeto de Lei,5,6
2026,Deputada Paula Belmonte,Projeto de Resolução,2,2
2026,Deputada Paula Belmonte,Proposta de Emenda à Lei Orgânica,0,1
2026,Deputada Paula Belmonte,Requerimento,29,32
2026,Deputado Chico Vigilante,Indicação,0,3
2026,Deputado Chico Vigilante,Moção,3,6
2026,Deputado Chico Vigilante,Projeto de Decreto Legislativo,1,1
2026,Deputado Chico Vigilante,Projeto de Lei,2,7
2026,Deputado Chico Vigilante,Projeto de Resolução,1,1
2026,Deputado Chico Vigilante,Proposta de Emenda à Lei Orgânica,0,1
2026,Deputado Chico Vigilante,Requerimento,6,26
2026,Deputado Daniel Donizet,Indicação,8,8
2026,Deputado Daniel Donizet,Moção,1,1
2026,Deputado Daniel Donizet,Projeto de Lei,5,7
2026,Deputado Daniel Donizet,Proposta de Emenda à Lei Orgânica,0,1
2026,Deputado Daniel Donizet,Requerimento,11,12
2026,Deputado Eduardo Pedrosa,Indicação,2,2
2026,Deputado Eduardo Pedrosa,Moção,23,24
2026,Deputado Eduardo Pedrosa,Projeto de Decreto Legislativo,10,10
2026,Deputado Eduardo Pedrosa,Projeto de Lei,32,32
2026,Deputado Eduardo Pedrosa,Proposta de Emenda à Lei Orgânica,0,1
2026,Deputado Eduardo Pedrosa,Requerimento,18,22
2026,Deputado Fábio Felix,Indicação,5,5
2026,Deputado Fábio Felix,Moção,8,8
2026,Deputado Fábio Felix,Projeto de Decreto Legislativo,1,1
2026,Deputado Fábio Felix,Projeto de Lei,12,12
2026,Deputado Fábio Felix,Projeto de Lei Complementar,1,1
2026,Deputado Fábio Felix,Proposta de Emenda à Lei Orgânica,0,1
2026,Deputado Fábio Felix,Requerimento,43,46
2026,Deputado Gabriel Magno,Indicação,9,9
2026,Deputado Gabriel Magno,Moção,19,20
2026,Deputado Gabriel Magno,Projeto de Decreto Legislativo,1,1
2026,Deputado Gabriel Magno,Projeto de Lei,2,2
2026,Deputado Gabriel Magno,Projeto de Resolução,1,1
2026,Deputado Gabriel Magno,Proposta de Emenda à Lei Orgânica,0,1
2026,Deputado Gabriel Magno,Requerimento,137,155
2026,Deputado Hermeto,Indicação,9,9
2026,Deputado Hermeto,Moção,35,35
2026,Deputado Hermeto,Projeto de Decreto Legislativo,1,1
2026,Deputado Hermeto,Projeto de Lei,7,7
2026,Deputado Hermeto,Projeto de Lei Complementar,0,1
2026,Deputado Hermeto,Proposta de Emenda à Lei Orgânica,0,1
2026,Deputado Hermeto,Requerimento,7,7
2026,Deputado Iolando,Indicação,24,24
2026,Deputado Iolando,Moção,4,4
2026,Deputado Iolando,Projeto de Decreto Legislativo,4,4
2026,Deputado Iolando,Projeto de Lei,26,26
2026,Deputado Iolando,Proposta de Emenda à Lei Orgânica,0,1
2026,Deputado Iolando,Requerimento,5,5
2026,Deputado Joaquim Roriz Neto,Indicação,830,832
2026,Deputado Joaquim Roriz Neto,Projeto de Lei,5,5
2026,Deputado Joaquim Roriz Neto,Proposta de Emenda à Lei Orgânica,0,1
2026,Deputado Joaquim Roriz Neto,Requerimento,1,1
2026,Deputado Jorge Vianna,Indicação,12,12
2026,Deputado Jorge Vianna,Moção,33,35
2026,Deputado Jorge Vianna,Projeto de Decreto Legislativo,4,4
2026,Deputado Jorge Vianna,Projeto de Lei,7,8
2026,Deputado Jorge Vianna,Proposta de Emenda à Lei Orgânica,0,2
2026,Deputado Jorge Vianna,Requerimento,19,20
2026,Deputado João Cardoso,Indicação,5,5
2026,Deputado João Cardoso,Moção,16,17
2026,Deputado João Cardoso,Projeto de Decreto Legislativo,3,3
2026,Deputado João Cardoso,Projeto de Lei,10,12
2026,Deputado João Cardoso,Proposta de Emenda à Lei Orgânica,0,2
2026,Deputado João Cardoso,Requerimento,10,12
2026,Deputado Martins Machado,Indicação,6,6
2026,Deputado Martins Machado,Moção,20,20
2026,Deputado Martins Machado,Projeto de Decreto Legislativo,1,1
2026,Deputado Martins Machado,Projeto de Lei,4,4
2026,Deputado Martins Machado,Proposta de Emenda à Lei Orgânica,0,2
2026,Deputado Martins Machado,Requerimento,12,15
2026,Deputado Max Maciel,Indicação,33,33
2026,Deputado Max Maciel,Moção,8,8
2026,Deputado Max Maciel,Projeto de Decreto Legislativo,2,2
2026,Deputado Max Maciel,Proposta de Emenda à Lei Orgânica,0,1
2026,Deputado Max Maciel,Requerimento,15,19
2026,Deputado Pastor Daniel de Castro,Indicação,14,14
2026,Deputado Pastor Daniel de Castro,Moção,8,11
2026,Deputado Pastor Daniel de Castro,Projeto de Decreto Legislativo,5,7
2026,Deputado Pastor Daniel de Castro,Projeto de Lei,41,46
2026,Deputado Pastor Daniel de Castro,Projeto de Resolução,1,5
2026,Deputado Pastor Daniel de Castro,Proposta de Emenda à Lei Orgânica,0,2
2026,Deputado Pastor Daniel de Castro,Requerimento,9,10
2026,Deputado Pepa,Indicação,45,45
2026,Deputado Pepa,Projeto de Decreto Legislativo,8,8
2026,Deputado Pepa,Projeto de Lei,19,20
2026,Deputado Pepa,Projeto de Lei Complementar,1,2
2026,Deputado Pepa,Proposta de Emenda à Lei Orgânica,0,2
2026,Deputado Pepa,Requerimento,3,4
2026,Deputado Ricardo Vale,Indicação,26,26
2026,Deputado Ricardo Vale,Moção,13,15
2026,Deputado Ricardo Vale,Projeto de Decreto Legislativo,3,3
2026,Deputado Ricardo Vale,Projeto de Lei,11,11
2026,Deputado Ricardo Vale,Requerimento,15,33
2026,Deputado Robério Negreiros,Indicação,12,12
2026,Deputado Robério Negreiros,Moção,5,5
2026,Deputado Robério Negreiros,Projeto de Lei,26,26
2026,Deputado Robério Negreiros,Projeto de Lei Complementar,0,1
2026,Deputado Robério Negreiros,Requerimento,10,11
2026,Deputado Rogério Morro da Cruz,Indicação,3,3
2026,Deputado Rogério Morro da Cruz,Moção,5,10
2026,Deputado Rogério Morro da Cruz,Projeto de Decreto Legislativo,1,1
2026,Deputado Rogério Morro da Cruz,Projeto de Lei,8,8
2026,Deputado Rogério Morro da Cruz,Proposta de Emenda à Lei Orgânica,0,1
2026,Deputado Rogério Morro da Cruz,Requerimento,6,10
2026,Deputado Roosevelt Vilela,Indicação,1,1
2026,Deputado Roosevelt Vilela,Moção,12,12
2026,Deputado Roosevelt Vilela,Projeto de Decreto Legislativo,5,5
2026,Deputado Roosevelt Vilela,Projeto de Lei,16,17
2026,Deputado Roosevelt Vilela,Projeto de Lei Complementar,1,2
2026,Deputado Roosevelt Vilela,Proposta de Emenda à Lei Orgânica,0,1
2026,Deputado Roosevelt Vilela,Requerimento,12,13
2026,Deputado Thiago Manzoni,Indicação,6,6
2026,Deputado Thiago Manzoni,Moção,2,2
2026,Deputado Thiago Manzoni,Projeto de Decreto Legislativo,2,2
2026,Deputado Thiago Manzoni,Projeto de Lei,10,10
2026,Deputado Thiago Manzoni,Requerimento,17,18
2026,Deputado Wellington Luiz,Indicação,37,37
2026,Deputado Wellington Luiz,Moção,4,4
2026,Deputado Wellington Luiz,Projeto de Decreto Legislativo,5,7
2026,Deputado Wellington Luiz,Projeto de Lei,13,17
2026,Deputado Wellington Luiz,Projeto de Lei Complementar,1,2
2026,Deputado Wellington Luiz,Proposta de Emenda à Lei Orgânica,0,2
2026,Deputado Wellington Luiz,Requerimento,12,13
2026,Mesa Diretora,Projeto de Lei,3,3
2026,Mesa Diretora,Projeto de Resolução,5,5
2026,Orçamento e Finanças,Projeto de Decreto Legislativo,0,2
2026,Orçamento e Finanças,Requerimento,0,3
2026,Poder Executivo,Proc,6,6
2026,Poder Executivo,Projeto de Lei,44,44
2026,Poder Executivo,Projeto de Lei Complementar,10,10
2026,Poder Executivo,Proposta de Emenda à Lei Orgânica,1,1
2026,Sugestão Legislativa,Sugestão Legislativa,1,1
2026,Tribunal de Contas do Distrito Federal,Projeto de Lei,2,2
