ano,data,numero_sessao,tipo_sessao,status_sessao,ambiente,presenca_registrada,presentes,quorum_atingido,legislatura,sessao_legislativa,sk_sessao,as_of
2020,2020-02-04,1,ORDINARIA,FECHADA,PRESENCIAL,sim,23,sim,8,30,4,2026-09-01
2020,2020-02-05,2,ORDINARIA,FECHADA,PRESENCIAL,sim,22,sim,8,30,5,2026-09-01
2020,2020-02-11,1,EXTRAORDINARIA,FECHADA,PRESENCIAL,sim,18,sim,8,30,7,2026-09-01
2020,2020-02-11,3,ORDINARIA,FECHADA,PRESENCIAL,sim,24,sim,8,30,6,2026-09-01
2020,2020-02-12,4,ORDINARIA,FECHADA,PRESENCIAL,sim,22,sim,8,30,8,2026-09-01
2020,2020-02-13,5,ORDINARIA,FECHADA,PRESENCIAL,sim,14,sim,8,30,9,2026-09-01
2020,2020-02-18,6,ORDINARIA,FECHADA,PRESENCIAL,sim,23,sim,8,30,10,2026-09-01
2020,2020-02-19,7,ORDINARIA,FECHADA,PRESENCIAL,sim,22,sim,8,30,11,2026-09-01
2020,2020-02-20,8,ORDINARIA,FECHADA,PRESENCIAL,sim,17,sim,8,30,12,2026-09-01
2020,2020-02-27,9,ORDINARIA,FECHADA,PRESENCIAL,sim,13,sim,8,30,13,2026-09-01
2020,2020-03-03,10,ORDINARIA,FECHADA,PRESENCIAL,sim,22,sim,8,30,14,2026-09-01
2020,2020-03-04,11,ORDINARIA,FECHADA,PRESENCIAL,sim,18,sim,8,30,15,2026-09-01
2020,2020-03-05,12,ORDINARIA,FECHADA,PRESENCIAL,sim,8,nao,8,30,16,2026-09-01
2020,2020-03-10,13,ORDINARIA,FECHADA,PRESENCIAL,sim,23,sim,8,30,17,2026-09-01
2020,2020-03-11,3,EXTRAORDINARIA,FECHADA,PRESENCIAL,sim,21,sim,8,30,19,2026-09-01
2020,2020-03-11,14,ORDINARIA,FECHADA,PRESENCIAL,sim,23,sim,8,30,18,2026-09-01
2020,2020-03-12,15,ORDINARIA,FECHADA,PRESENCIAL,sim,18,sim,8,30,20,2026-09-01
2020,2020-03-16,4,EXTRAORDINARIA,FECHADA,PRESENCIAL,sim,20,sim,8,30,21,2026-09-01
2020,2020-03-16,5,EXTRAORDINARIA,FECHADA,PRESENCIAL,sim,18,sim,8,30,22,2026-09-01
2020,2020-03-17,6,EXTRAORDINARIA,FECHADA,PRESENCIAL,sim,19,sim,8,30,24,2026-09-01
2020,2020-03-17,16,ORDINARIA,FECHADA,PRESENCIAL,sim,22,sim,8,30,23,2026-09-01
2020,2020-03-24,7,EXTRAORDINARIA,FECHADA,REMOTA,sim,24,sim,8,30,25,2026-09-01
2020,2020-03-24,8,EXTRAORDINARIA,FECHADA,REMOTA,sim,24,sim,8,30,26,2026-09-01
2020,2020-03-25,9,EXTRAORDINARIA,FECHADA,REMOTA,sim,24,sim,8,30,27,2026-09-01
2020,2020-03-25,10,EXTRAORDINARIA,FECHADA,REMOTA,sim,23,sim,8,30,28,2026-09-01
2020,2020-03-25,11,EXTRAORDINARIA,FECHADA,REMOTA,sim,24,sim,8,30,29,2026-09-01
2020,2020-03-25,12,EXTRAORDINARIA,FECHADA,REMOTA,sim,24,sim,8,30,30,2026-09-01
2020,2020-03-31,13,EXTRAORDINARIA,FECHADA,REMOTA,sim,24,sim,8,30,31,2026-09-01
2020,2020-03-31,14,EXTRAORDINARIA,FECHADA,REMOTA,sim,23,sim,8,30,32,2026-09-01
2020,2020-03-31,15,EXTRAORDINARIA,FECHADA,REMOTA,sim,19,sim,8,30,33,2026-09-01
2020,2020-04-01,16,EXTRAORDINARIA,FECHADA,REMOTA,sim,24,sim,8,30,35,2026-09-01
2020,2020-04-01,17,EXTRAORDINARIA,FECHADA,REMOTA,sim,19,sim,8,30,36,2026-09-01
2020,2020-04-07,18,EXTRAORDINARIA,FECHADA,REMOTA,sim,24,sim,8,30,34,2026-09-01
2020,2020-04-07,19,EXTRAORDINARIA,FECHADA,REMOTA,sim,23,sim,8,30,37,2026-09-01
2020,2020-04-08,20,EXTRAORDINARIA,FECHADA,REMOTA,sim,23,sim,8,30,38,2026-09-01
2020,2020-04-14,21,EXTRAORDINARIA,FECHADA,REMOTA,sim,24,sim,8,30,39,2026-09-01
2020,2020-04-14,22,EXTRAORDINARIA,FECHADA,REMOTA,sim,22,sim,8,30,40,2026-09-01
2020,2020-04-14,23,EXTRAORDINARIA,FECHADA,REMOTA,sim,20,sim,8,30,41,2026-09-01
2020,2020-04-15,24,EXTRAORDINARIA,FECHADA,REMOTA,sim,22,sim,8,30,42,2026-09-01
2020,2020-04-15,25,EXTRAORDINARIA,FECHADA,REMOTA,sim,13,sim,8,30,43,2026-09-01
2020,2020-04-22,26,EXTRAORDINARIA,FECHADA,REMOTA,sim,23,sim,8,30,44,2026-09-01
2020,2020-04-22,27,EXTRAORDINARIA,FECHADA,REMOTA,sim,18,sim,8,30,45,2026-09-01
2020,2020-04-22,28,EXTRAORDINARIA,FECHADA,REMOTA,sim,17,sim,8,30,46,2026-09-01
2020,2020-04-22,29,EXTRAORDINARIA,FECHADA,REMOTA,sim,16,sim,8,30,47,2026-09-01
2020,2020-04-28,30,EXTRAORDINARIA,FECHADA,REMOTA,sim,23,sim,8,30,48,2026-09-01
2020,2020-04-28,31,EXTRAORDINARIA,FECHADA,REMOTA,sim,19,sim,8,30,49,2026-09-01
2020,2020-04-29,32,EXTRAORDINARIA,FECHADA,REMOTA,sim,18,sim,8,30,50,2026-09-01
2020,2020-04-29,33,EXTRAORDINARIA,FECHADA,REMOTA,sim,15,sim,8,30,51,2026-09-01
2020,2020-05-05,34,EXTRAORDINARIA,FECHADA,REMOTA,sim,23,sim,8,30,52,2026-09-01
2020,2020-05-05,35,EXTRAORDINARIA,FECHADA,REMOTA,sim,18,sim,8,30,53,2026-09-01
2020,2020-05-19,36,EXTRAORDINARIA,FECHADA,REMOTA,sim,24,sim,8,30,54,2026-09-01
2020,2020-05-19,37,EXTRAORDINARIA,FECHADA,REMOTA,sim,21,sim,8,30,55,2026-09-01
2020,2020-05-20,38,EXTRAORDINARIA,FECHADA,REMOTA,sim,24,sim,8,30,56,2026-09-01
2020,2020-05-20,39,EXTRAORDINARIA,FECHADA,REMOTA,sim,22,sim,8,30,57,2026-09-01
2020,2020-05-20,40,EXTRAORDINARIA,FECHADA,REMOTA,sim,23,sim,8,30,58,2026-09-01
2020,2020-05-26,41,EXTRAORDINARIA,FECHADA,REMOTA,sim,22,sim,8,30,59,2026-09-01
2020,2020-05-27,42,EXTRAORDINARIA,FECHADA,REMOTA,sim,23,sim,8,30,60,2026-09-01
2020,2020-06-02,43,EXTRAORDINARIA,FECHADA,REMOTA,sim,23,sim,8,30,61,2026-09-01
2020,2020-06-02,44,EXTRAORDINARIA,FECHADA,REMOTA,sim,19,sim,8,30,62,2026-09-01
2020,2020-06-09,45,EXTRAORDINARIA,FECHADA,REMOTA,sim,23,sim,8,30,63,2026-09-01
2020,2020-06-10,46,EXTRAORDINARIA,FECHADA,REMOTA,sim,20,sim,8,30,64,2026-09-01
2020,2020-06-10,47,EXTRAORDINARIA,FECHADA,REMOTA,sim,21,sim,8,30,65,2026-09-01
2020,2020-06-10,48,EXTRAORDINARIA,FECHADA,REMOTA,sim,21,sim,8,30,66,2026-09-01
2020,2020-06-16,49,EXTRAORDINARIA,FECHADA,REMOTA,sim,23,sim,8,30,67,2026-09-01
2020,2020-06-16,50,EXTRAORDINARIA,FECHADA,REMOTA,sim,18,sim,8,30,68,2026-09-01
2020,2020-06-17,51,EXTRAORDINARIA,FECHADA,REMOTA,sim,23,sim,8,30,69,2026-09-01
2020,2020-06-17,52,EXTRAORDINARIA,FECHADA,REMOTA,sim,19,sim,8,30,70,2026-09-01
2020,2020-06-18,53,EXTRAORDINARIA,FECHADA,REMOTA,sim,22,sim,8,30,71,2026-09-01
2020,2020-06-23,54,EXTRAORDINARIA,FECHADA,REMOTA,sim,24,sim,8,30,72,2026-09-01
2020,2020-06-24,55,EXTRAORDINARIA,FECHADA,REMOTA,sim,24,sim,8,30,73,2026-09-01
2020,2020-06-24,56,EXTRAORDINARIA,FECHADA,REMOTA,sim,17,sim,8,30,74,2026-09-01
2020,2020-06-30,57,EXTRAORDINARIA,FECHADA,REMOTA,sim,24,sim,8,30,75,2026-09-01
2020,2020-06-30,58,EXTRAORDINARIA,FECHADA,REMOTA,sim,23,sim,8,30,76,2026-09-01
2020,2020-08-04,59,EXTRAORDINARIA,FECHADA,REMOTA,sim,21,sim,8,30,77,2026-09-01
2020,2020-08-05,60,EXTRAORDINARIA,FECHADA,REMOTA,sim,18,sim,8,30,78,2026-09-01
2020,2020-08-11,61,EXTRAORDINARIA,FECHADA,REMOTA,sim,22,sim,8,30,79,2026-09-01
2020,2020-08-11,62,EXTRAORDINARIA,FECHADA,REMOTA,sim,19,sim,8,30,80,2026-09-01
2020,2020-08-12,63,EXTRAORDINARIA,FECHADA,REMOTA,sim,15,sim,8,30,81,2026-09-01
2020,2020-08-12,64,EXTRAORDINARIA,FECHADA,REMOTA,sim,21,sim,8,30,82,2026-09-01
2020,2020-08-18,65,EXTRAORDINARIA,FECHADA,REMOTA,sim,24,sim,8,30,83,2026-09-01
2020,2020-08-19,66,EXTRAORDINARIA,FECHADA,REMOTA,sim,21,sim,8,30,84,2026-09-01
2020,2020-08-19,67,EXTRAORDINARIA,FECHADA,REMOTA,sim,16,sim,8,30,85,2026-09-01
2020,2020-08-25,68,EXTRAORDINARIA,FECHADA,REMOTA,sim,17,sim,8,30,86,2026-09-01
2020,2020-08-26,69,EXTRAORDINARIA,FECHADA,REMOTA,sim,18,sim,8,30,87,2026-09-01
2020,2020-09-01,70,EXTRAORDINARIA,FECHADA,REMOTA,sim,21,sim,8,30,88,2026-09-01
2020,2020-09-02,71,EXTRAORDINARIA,FECHADA,REMOTA,sim,19,sim,8,30,89,2026-09-01
2020,2020-09-08,72,EXTRAORDINARIA,FECHADA,REMOTA,sim,24,sim,8,30,90,2026-09-01
2020,2020-09-09,73,EXTRAORDINARIA,FECHADA,REMOTA,sim,19,sim,8,30,91,2026-09-01
2020,2020-09-15,74,EXTRAORDINARIA,FECHADA,REMOTA,sim,23,sim,8,30,92,2026-09-01
2020,2020-09-16,75,EXTRAORDINARIA,FECHADA,REMOTA,sim,24,sim,8,30,93,2026-09-01
2020,2020-09-17,76,EXTRAORDINARIA,FECHADA,REMOTA,sim,21,sim,8,30,94,2026-09-01
2020,2020-09-22,77,EXTRAORDINARIA,FECHADA,REMOTA,sim,22,sim,8,30,95,2026-09-01
2020,2020-09-23,78,EXTRAORDINARIA,FECHADA,REMOTA,sim,22,sim,8,30,96,2026-09-01
2020,2020-09-23,79,EXTRAORDINARIA,FECHADA,REMOTA,sim,17,sim,8,30,97,2026-09-01
2020,2020-09-29,80,EXTRAORDINARIA,FECHADA,REMOTA,sim,21,sim,8,30,98,2026-09-01
2020,2020-09-29,81,EXTRAORDINARIA,FECHADA,REMOTA,sim,17,sim,8,30,99,2026-09-01
2020,2020-09-30,82,EXTRAORDINARIA,FECHADA,REMOTA,sim,17,sim,8,30,100,2026-09-01
2020,2020-10-06,83,EXTRAORDINARIA,FECHADA,REMOTA,sim,16,sim,8,30,101,2026-09-01
2020,2020-10-07,84,EXTRAORDINARIA,FECHADA,REMOTA,sim,18,sim,8,30,102,2026-09-01
2020,2020-10-07,85,EXTRAORDINARIA,FECHADA,REMOTA,sim,9,nao,8,30,103,2026-09-01
2020,2020-10-13,86,EXTRAORDINARIA,FECHADA,REMOTA,sim,14,sim,8,30,104,2026-09-01
2020,2020-10-14,87,EXTRAORDINARIA,FECHADA,REMOTA,sim,21,sim,8,30,105,2026-09-01
2020,2020-10-14,88,EXTRAORDINARIA,FECHADA,REMOTA,sim,16,sim,8,30,106,2026-09-01
2020,2020-10-15,89,EXTRAORDINARIA,FECHADA,REMOTA,sim,16,sim,8,30,107,2026-09-01
2020,2020-10-20,90,EXTRAORDINARIA,FECHADA,REMOTA,sim,19,sim,8,30,108,2026-09-01
2020,2020-10-21,91,EXTRAORDINARIA,FECHADA,REMOTA,sim,21,sim,8,30,109,2026-09-01
2020,2020-10-21,92,EXTRAORDINARIA,FECHADA,REMOTA,sim,16,sim,8,30,110,2026-09-01
2020,2020-10-27,93,EXTRAORDINARIA,FECHADA,REMOTA,sim,22,sim,8,30,111,2026-09-01
2020,2020-10-28,94,EXTRAORDINARIA,FECHADA,REMOTA,sim,20,sim,8,30,112,2026-09-01
2020,2020-10-28,95,EXTRAORDINARIA,FECHADA,REMOTA,sim,13,sim,8,30,113,2026-09-01
2020,2020-11-03,96,EXTRAORDINARIA,FECHADA,REMOTA,sim,24,sim,8,30,114,2026-09-01
2020,2020-11-03,97,EXTRAORDINARIA,FECHADA,REMOTA,sim,23,sim,8,30,115,2026-09-01
2020,2020-11-04,98,EXTRAORDINARIA,FECHADA,REMOTA,sim,16,sim,8,30,116,2026-09-01
2020,2020-11-10,99,EXTRAORDINARIA,ABERTA,REMOTA,sim,23,sim,8,30,117,2026-09-01
2020,2020-11-10,100,EXTRAORDINARIA,ABERTA,REMOTA,sim,15,sim,8,30,118,2026-09-01
2020,2020-11-11,101,EXTRAORDINARIA,ABERTA,REMOTA,sim,17,sim,8,30,119,2026-09-01
2020,2020-11-17,102,EXTRAORDINARIA,ABERTA,REMOTA,sim,21,sim,8,30,120,2026-09-01
2020,2020-11-17,103,EXTRAORDINARIA,ABERTA,REMOTA,sim,21,sim,8,30,121,2026-09-01
2020,2020-11-18,104,EXTRAORDINARIA,ABERTA,REMOTA,sim,22,sim,8,30,122,2026-09-01
2020,2020-11-24,105,EXTRAORDINARIA,ABERTA,REMOTA,sim,17,sim,8,30,123,2026-09-01
2020,2020-11-25,106,EXTRAORDINARIA,ABERTA,REMOTA,sim,18,sim,8,30,124,2026-09-01
2020,2020-11-25,107,EXTRAORDINARIA,ABERTA,REMOTA,sim,16,sim,8,30,125,2026-09-01
2020,2020-12-01,108,EXTRAORDINARIA,ABERTA,REMOTA,sim,22,sim,8,30,126,2026-09-01
2020,2020-12-01,109,EXTRAORDINARIA,ABERTA,REMOTA,sim,15,sim,8,30,127,2026-09-01
2020,2020-12-02,110,EXTRAORDINARIA,ABERTA,REMOTA,sim,12,nao,8,30,128,2026-09-01
2020,2020-12-08,111,EXTRAORDINARIA,FECHADA,REMOTA,sim,24,sim,8,30,129,2026-09-01
2020,2020-12-09,112,EXTRAORDINARIA,FECHADA,REMOTA,sim,23,sim,8,30,130,2026-09-01
2020,2020-12-09,113,EXTRAORDINARIA,FECHADA,REMOTA,sim,16,sim,8,30,131,2026-09-01
2020,2020-12-10,114,EXTRAORDINARIA,FECHADA,REMOTA,sim,20,sim,8,30,132,2026-09-01
2020,2020-12-10,115,EXTRAORDINARIA,FECHADA,REMOTA,sim,20,sim,8,30,133,2026-09-01
2020,2020-12-10,116,EXTRAORDINARIA,FECHADA,REMOTA,sim,18,sim,8,30,134,2026-09-01
2020,2020-12-15,-1,EXTRAORDINARIA,FECHADA,PRESENCIAL,sim,24,sim,8,30,135,2026-09-01
2021,2021-02-02,-1,CODIGO 4,ABERTA,REMOTA,sim,22,sim,8,31,136,2026-09-01
2021,2021-02-03,119,EXTRAORDINARIA,ABERTA,REMOTA,sim,19,sim,8,31,137,2026-09-01
2021,2021-02-09,120,EXTRAORDINARIA,ABERTA,REMOTA,sim,23,sim,8,31,138,2026-09-01
2021,2021-02-10,121,EXTRAORDINARIA,ABERTA,REMOTA,sim,19,sim,8,31,139,2026-09-01
2021,2021-02-23,4,EXTRAORDINARIA,ABERTA,REMOTA,sim,23,sim,8,31,140,2026-09-01
2021,2021-02-23,5,EXTRAORDINARIA,ABERTA,REMOTA,sim,20,sim,8,31,141,2026-09-01
2021,2021-02-24,6,EXTRAORDINARIA,ABERTA,REMOTA,sim,19,sim,8,31,142,2026-09-01
2021,2021-03-02,7,EXTRAORDINARIA,ABERTA,REMOTA,sim,21,sim,8,31,143,2026-09-01
2021,2021-03-03,8,EXTRAORDINARIA,ABERTA,REMOTA,sim,19,sim,8,31,144,2026-09-01
2021,2021-03-09,9,EXTRAORDINARIA,ABERTA,REMOTA,sim,21,sim,8,31,145,2026-09-01
2021,2021-03-09,10,EXTRAORDINARIA,ABERTA,REMOTA,sim,16,sim,8,31,146,2026-09-01
2021,2021-03-10,11,EXTRAORDINARIA,ABERTA,REMOTA,sim,22,sim,8,31,147,2026-09-01
2021,2021-03-16,12,EXTRAORDINARIA,ABERTA,REMOTA,sim,20,sim,8,31,148,2026-09-01
2021,2021-03-17,13,EXTRAORDINARIA,ABERTA,REMOTA,sim,19,sim,8,31,149,2026-09-01
2021,2021-03-23,14,EXTRAORDINARIA,ABERTA,REMOTA,sim,21,sim,8,31,150,2026-09-01
2021,2021-03-24,15,EXTRAORDINARIA,ABERTA,REMOTA,sim,22,sim,8,31,151,2026-09-01
2021,2021-03-30,16,EXTRAORDINARIA,ABERTA,REMOTA,sim,22,sim,8,31,152,2026-09-01
2021,2021-03-30,17,EXTRAORDINARIA,ABERTA,REMOTA,sim,16,sim,8,31,153,2026-09-01
2021,2021-03-31,18,EXTRAORDINARIA,ABERTA,REMOTA,sim,19,sim,8,31,154,2026-09-01
2021,2021-04-06,19,EXTRAORDINARIA,ABERTA,REMOTA,sim,20,sim,8,31,155,2026-09-01
2021,2021-04-06,20,EXTRAORDINARIA,ABERTA,REMOTA,sim,19,sim,8,31,156,2026-09-01
2021,2021-04-07,21,EXTRAORDINARIA,ABERTA,REMOTA,sim,18,sim,8,31,157,2026-09-01
2021,2021-04-13,22,EXTRAORDINARIA,ABERTA,REMOTA,sim,23,sim,8,31,158,2026-09-01
2021,2021-04-14,23,EXTRAORDINARIA,ABERTA,REMOTA,sim,19,sim,8,31,159,2026-09-01
2021,2021-04-14,24,EXTRAORDINARIA,ABERTA,REMOTA,sim,17,sim,8,31,160,2026-09-01
2021,2021-04-20,25,EXTRAORDINARIA,ABERTA,REMOTA,sim,19,sim,8,31,161,2026-09-01
2021,2021-04-27,26,EXTRAORDINARIA,ABERTA,REMOTA,sim,20,sim,8,31,162,2026-09-01
2021,2021-04-27,27,EXTRAORDINARIA,ABERTA,REMOTA,sim,18,sim,8,31,163,2026-09-01
2021,2021-04-27,28,EXTRAORDINARIA,ABERTA,REMOTA,sim,13,sim,8,31,164,2026-09-01
2021,2021-04-28,29,EXTRAORDINARIA,ABERTA,REMOTA,sim,17,sim,8,31,165,2026-09-01
2021,2021-05-04,30,EXTRAORDINARIA,ABERTA,REMOTA,sim,20,sim,8,31,166,2026-09-01
2021,2021-05-05,31,EXTRAORDINARIA,FECHADA,REMOTA,sim,10,nao,8,31,167,2026-09-01
2021,2021-05-11,32,EXTRAORDINARIA,ABERTA,REMOTA,sim,18,sim,8,31,168,2026-09-01
2021,2021-05-11,33,EXTRAORDINARIA,ABERTA,REMOTA,sim,17,sim,8,31,169,2026-09-01
2021,2021-05-12,34,EXTRAORDINARIA,ABERTA,REMOTA,sim,19,sim,8,31,170,2026-09-01
2021,2021-05-18,35,EXTRAORDINARIA,ABERTA,REMOTA,sim,19,sim,8,31,171,2026-09-01
2021,2021-05-19,36,EXTRAORDINARIA,ABERTA,REMOTA,sim,21,sim,8,31,172,2026-09-01
2021,2021-05-19,37,EXTRAORDINARIA,ABERTA,REMOTA,sim,19,sim,8,31,173,2026-09-01
2021,2021-05-25,38,EXTRAORDINARIA,ABERTA,REMOTA,sim,22,sim,8,31,174,2026-09-01
2021,2021-05-25,39,EXTRAORDINARIA,ABERTA,REMOTA,sim,19,sim,8,31,175,2026-09-01
2021,2021-05-26,40,EXTRAORDINARIA,ABERTA,REMOTA,sim,22,sim,8,31,176,2026-09-01
2021,2021-06-01,41,EXTRAORDINARIA,FECHADA,REMOTA,sim,22,sim,8,31,177,2026-09-01
2021,2021-06-02,42,EXTRAORDINARIA,ABERTA,REMOTA,sim,15,sim,8,31,178,2026-09-01
2021,2021-06-08,43,EXTRAORDINARIA,ABERTA,REMOTA,sim,23,sim,8,31,179,2026-09-01
2021,2021-06-08,44,EXTRAORDINARIA,ABERTA,REMOTA,sim,24,sim,8,31,180,2026-09-01
2021,2021-06-09,45,EXTRAORDINARIA,ABERTA,REMOTA,sim,22,sim,8,31,181,2026-09-01
2021,2021-06-15,46,EXTRAORDINARIA,ABERTA,REMOTA,sim,24,sim,8,31,182,2026-09-01
2021,2021-06-15,47,EXTRAORDINARIA,ABERTA,REMOTA,sim,19,sim,8,31,183,2026-09-01
2021,2021-06-16,48,EXTRAORDINARIA,ABERTA,REMOTA,sim,19,sim,8,31,184,2026-09-01
2021,2021-06-22,49,EXTRAORDINARIA,ABERTA,REMOTA,sim,22,sim,8,31,185,2026-09-01
2021,2021-06-23,50,EXTRAORDINARIA,ABERTA,REMOTA,sim,20,sim,8,31,186,2026-09-01
2021,2021-06-23,51,EXTRAORDINARIA,ABERTA,REMOTA,sim,16,sim,8,31,187,2026-09-01
2021,2021-06-29,52,EXTRAORDINARIA,ABERTA,REMOTA,sim,24,sim,8,31,188,2026-09-01
2021,2021-06-29,53,EXTRAORDINARIA,ABERTA,REMOTA,sim,18,sim,8,31,189,2026-09-01
2021,2021-08-03,1,ORDINARIA,ABERTA,PRESENCIAL,sim,18,sim,8,31,190,2026-09-01
2021,2021-08-04,1,EXTRAORDINARIA,ABERTA,PRESENCIAL,sim,18,sim,8,31,193,2026-09-01
2021,2021-08-04,2,ORDINARIA,ABERTA,PRESENCIAL,sim,19,sim,8,31,192,2026-09-01
2021,2021-08-05,3,ORDINARIA,ABERTA,PRESENCIAL,sim,2,nao,8,31,194,2026-09-01
2021,2021-08-05,3,ORDINARIA,ABERTA,PRESENCIAL,sim,9,nao,8,31,195,2026-09-01
2021,2021-08-10,4,ORDINARIA,ABERTA,PRESENCIAL,sim,20,sim,8,31,196,2026-09-01
2021,2021-08-10,55,EXTRAORDINARIA,ABERTA,PRESENCIAL,sim,19,sim,8,31,197,2026-09-01
2021,2021-08-11,5,ORDINARIA,ABERTA,PRESENCIAL,sim,14,sim,8,31,198,2026-09-01
2021,2021-08-12,6,ORDINARIA,ABERTA,PRESENCIAL,sim,11,nao,8,31,199,2026-09-01
2021,2021-08-17,7,ORDINARIA,ABERTA,PRESENCIAL,sim,18,sim,8,31,200,2026-09-01
2021,2021-08-17,56,EXTRAORDINARIA,ABERTA,PRESENCIAL,sim,18,sim,8,31,201,2026-09-01
2021,2021-08-17,57,EXTRAORDINARIA,ABERTA,PRESENCIAL,sim,18,sim,8,31,202,2026-09-01
2021,2021-08-18,8,ORDINARIA,ABERTA,PRESENCIAL,sim,14,sim,8,31,203,2026-09-01
2021,2021-08-19,9,ORDINARIA,ABERTA,PRESENCIAL,sim,12,nao,8,31,204,2026-09-01
2021,2021-08-24,10,ORDINARIA,ABERTA,PRESENCIAL,sim,21,sim,8,31,205,2026-09-01
2021,2021-08-25,11,ORDINARIA,ABERTA,PRESENCIAL,sim,17,sim,8,31,206,2026-09-01
2021,2021-08-26,12,ORDINARIA,ABERTA,PRESENCIAL,sim,9,nao,8,31,207,2026-09-01
2021,2021-08-31,13,ORDINARIA,ABERTA,PRESENCIAL,sim,21,sim,8,31,208,2026-09-01
2021,2021-08-31,59,EXTRAORDINARIA,ABERTA,PRESENCIAL,sim,18,sim,8,31,209,2026-09-01
2021,2021-08-31,60,EXTRAORDINARIA,ABERTA,PRESENCIAL,sim,13,sim,8,31,210,2026-09-01
2021,2021-09-01,14,ORDINARIA,ABERTA,PRESENCIAL,sim,13,sim,8,31,211,2026-09-01
2021,2021-09-02,15,ORDINARIA,ABERTA,PRESENCIAL,sim,6,nao,8,31,212,2026-09-01
2021,2021-09-08,16,ORDINARIA,ABERTA,PRESENCIAL,sim,17,sim,8,31,213,2026-09-01
2021,2021-09-09,17,ORDINARIA,ABERTA,PRESENCIAL,sim,5,nao,8,31,214,2026-09-01
2021,2021-09-14,18,ORDINARIA,ABERTA,PRESENCIAL,sim,23,sim,8,31,215,2026-09-01
2021,2021-09-15,19,ORDINARIA,ABERTA,PRESENCIAL,sim,19,sim,8,31,216,2026-09-01
2021,2021-09-15,59,EXTRAORDINARIA,ABERTA,PRESENCIAL,sim,17,sim,8,31,217,2026-09-01
2021,2021-09-16,20,ORDINARIA,ABERTA,PRESENCIAL,sim,9,nao,8,31,218,2026-09-01
2021,2021-09-21,21,ORDINARIA,ABERTA,PRESENCIAL,sim,22,sim,8,31,219,2026-09-01
2021,2021-09-21,61,EXTRAORDINARIA,ABERTA,PRESENCIAL,sim,17,sim,8,31,220,2026-09-01
2021,2021-09-22,22,ORDINARIA,ABERTA,PRESENCIAL,sim,14,sim,8,31,221,2026-09-01
2021,2021-09-23,23,ORDINARIA,ABERTA,PRESENCIAL,sim,11,nao,8,31,222,2026-09-01
2021,2021-09-28,28,ORDINARIA,ABERTA,PRESENCIAL,sim,21,sim,8,31,223,2026-09-01
2021,2021-09-29,25,ORDINARIA,ABERTA,PRESENCIAL,sim,20,sim,8,31,224,2026-09-01
2021,2021-09-30,26,ORDINARIA,ABERTA,PRESENCIAL,sim,7,nao,8,31,225,2026-09-01
2021,2021-10-05,27,ORDINARIA,ABERTA,PRESENCIAL,sim,22,sim,8,31,226,2026-09-01
2021,2021-10-05,62,EXTRAORDINARIA,ABERTA,PRESENCIAL,sim,18,sim,8,31,227,2026-09-01
2021,2021-10-06,28,ORDINARIA,ABERTA,PRESENCIAL,sim,20,sim,8,31,228,2026-09-01
2021,2021-10-06,63,EXTRAORDINARIA,ABERTA,PRESENCIAL,sim,19,sim,8,31,229,2026-09-01
2021,2021-10-06,64,EXTRAORDINARIA,ABERTA,PRESENCIAL,sim,17,sim,8,31,230,2026-09-01
2021,2021-10-07,29,ORDINARIA,ABERTA,PRESENCIAL,sim,8,nao,8,31,231,2026-09-01
2021,2021-10-13,30,ORDINARIA,ABERTA,PRESENCIAL,sim,20,sim,8,31,232,2026-09-01
2021,2021-10-14,31,ORDINARIA,ABERTA,PRESENCIAL,sim,11,nao,8,31,233,2026-09-01
2021,2021-10-19,32,ORDINARIA,ABERTA,PRESENCIAL,sim,24,sim,8,31,234,2026-09-01
2021,2021-10-20,33,ORDINARIA,ABERTA,PRESENCIAL,sim,22,sim,8,31,235,2026-09-01
2021,2021-10-20,65,EXTRAORDINARIA,ABERTA,PRESENCIAL,sim,13,sim,8,31,236,2026-09-01
2021,2021-10-21,34,ORDINARIA,ABERTA,PRESENCIAL,sim,9,nao,8,31,237,2026-09-01
2021,2021-10-26,35,ORDINARIA,ABERTA,PRESENCIAL,sim,22,sim,8,31,238,2026-09-01
2021,2021-10-27,36,ORDINARIA,ABERTA,PRESENCIAL,sim,19,sim,8,31,239,2026-09-01
2021,2021-10-28,37,ORDINARIA,ABERTA,PRESENCIAL,sim,10,nao,8,31,240,2026-09-01
2021,2021-11-03,38,ORDINARIA,ABERTA,PRESENCIAL,sim,18,sim,8,31,241,2026-09-01
2021,2021-11-03,66,EXTRAORDINARIA,ABERTA,PRESENCIAL,sim,7,nao,8,31,242,2026-09-01
2021,2021-11-03,67,EXTRAORDINARIA,FECHADA,PRESENCIAL,sim,7,nao,8,31,243,2026-09-01
2021,2021-11-04,39,ORDINARIA,ABERTA,PRESENCIAL,sim,12,nao,8,31,244,2026-09-01
2021,2021-11-09,40,ORDINARIA,ABERTA,PRESENCIAL,sim,21,sim,8,31,245,2026-09-01
2021,2021-11-09,68,EXTRAORDINARIA,ABERTA,PRESENCIAL,sim,15,sim,8,31,246,2026-09-01
2021,2021-11-10,41,ORDINARIA,ABERTA,PRESENCIAL,sim,20,sim,8,31,247,2026-09-01
2021,2021-11-10,68,EXTRAORDINARIA,ABERTA,PRESENCIAL,sim,19,sim,8,31,248,2026-09-01
2021,2021-11-11,42,ORDINARIA,ABERTA,PRESENCIAL,sim,8,nao,8,31,249,2026-09-01
2021,2021-11-16,43,ORDINARIA,ABERTA,PRESENCIAL,sim,16,sim,8,31,250,2026-09-01
2021,2021-11-17,44,ORDINARIA,ABERTA,PRESENCIAL,sim,15,sim,8,31,251,2026-09-01
2021,2021-11-18,45,ORDINARIA,ABERTA,PRESENCIAL,sim,12,nao,8,31,252,2026-09-01
2021,2021-11-23,46,ORDINARIA,ABERTA,PRESENCIAL,sim,21,sim,8,31,253,2026-09-01
2021,2021-11-23,69,EXTRAORDINARIA,ABERTA,PRESENCIAL,sim,19,sim,8,31,254,2026-09-01
2021,2021-11-24,47,ORDINARIA,ABERTA,PRESENCIAL,sim,17,sim,8,31,255,2026-09-01
2021,2021-11-25,48,ORDINARIA,ABERTA,PRESENCIAL,sim,11,nao,8,31,256,2026-09-01
2021,2021-12-01,49,ORDINARIA,ABERTA,PRESENCIAL,sim,20,sim,8,31,257,2026-09-01
2021,2021-12-01,70,EXTRAORDINARIA,ABERTA,PRESENCIAL,sim,15,sim,8,31,258,2026-09-01
2021,2021-12-02,50,ORDINARIA,ABERTA,PRESENCIAL,sim,14,sim,8,31,260,2026-09-01
2021,2021-12-02,71,EXTRAORDINARIA,ABERTA,PRESENCIAL,sim,21,sim,8,31,259,2026-09-01
2021,2021-12-07,51,ORDINARIA,FECHADA,PRESENCIAL,sim,23,sim,8,31,261,2026-09-01
2021,2021-12-07,72,EXTRAORDINARIA,ABERTA,PRESENCIAL,sim,15,sim,8,31,262,2026-09-01
2021,2021-12-08,52,ORDINARIA,ABERTA,PRESENCIAL,sim,22,sim,8,31,263,2026-09-01
2021,2021-12-08,73,EXTRAORDINARIA,ABERTA,PRESENCIAL,sim,15,sim,8,31,264,2026-09-01
2021,2021-12-09,53,ORDINARIA,ABERTA,PRESENCIAL,sim,23,sim,8,31,265,2026-09-01
2021,2021-12-09,74,EXTRAORDINARIA,ABERTA,PRESENCIAL,sim,15,sim,8,31,266,2026-09-01
2021,2021-12-14,54,ORDINARIA,ABERTA,PRESENCIAL,sim,17,sim,8,31,268,2026-09-01
2021,2021-12-14,75,EXTRAORDINARIA,ABERTA,PRESENCIAL,sim,23,sim,8,31,267,2026-09-01
2021,2021-12-14,75,EXTRAORDINARIA,ABERTA,PRESENCIAL,sim,23,sim,8,31,269,2026-09-01
2021,2021-12-14,76,EXTRAORDINARIA,ABERTA,PRESENCIAL,sim,23,sim,8,31,270,2026-09-01
2021,2021-12-14,77,EXTRAORDINARIA,ABERTA,PRESENCIAL,sim,20,sim,8,31,271,2026-09-01
2021,2021-12-15,55,ORDINARIA,ABERTA,PRESENCIAL,sim,3,nao,8,31,272,2026-09-01
2022,2022-02-01,1,ORDINARIA,ABERTA,PRESENCIAL,sim,23,sim,8,32,191,2026-09-01
2022,2022-02-02,2,ORDINARIA,ABERTA,PRESENCIAL,sim,20,sim,8,32,273,2026-09-01
2022,2022-02-03,3,ORDINARIA,ABERTA,PRESENCIAL,sim,9,nao,8,32,274,2026-09-01
2022,2022-02-08,1,EXTRAORDINARIA,ABERTA,PRESENCIAL,sim,16,sim,8,32,276,2026-09-01
2022,2022-02-08,2,EXTRAORDINARIA,ABERTA,PRESENCIAL,sim,15,sim,8,32,277,2026-09-01
2022,2022-02-08,4,ORDINARIA,ABERTA,PRESENCIAL,sim,22,sim,8,32,275,2026-09-01
2022,2022-02-09,5,ORDINARIA,ABERTA,PRESENCIAL,sim,18,sim,8,32,278,2026-09-01
2022,2022-02-10,6,ORDINARIA,ABERTA,PRESENCIAL,sim,14,sim,8,32,279,2026-09-01
2022,2022-02-15,4,EXTRAORDINARIA,ABERTA,PRESENCIAL,sim,22,sim,8,32,281,2026-09-01
2022,2022-02-15,7,ORDINARIA,ABERTA,PRESENCIAL,sim,22,sim,8,32,280,2026-09-01
2022,2022-02-16,4,EXTRAORDINARIA,ABERTA,PRESENCIAL,sim,19,sim,8,32,283,2026-09-01
2022,2022-02-16,8,ORDINARIA,ABERTA,PRESENCIAL,sim,19,sim,8,32,282,2026-09-01
2022,2022-02-17,9,ORDINARIA,ABERTA,PRESENCIAL,sim,8,nao,8,32,284,2026-09-01
2022,2022-02-22,5,EXTRAORDINARIA,ABERTA,PRESENCIAL,sim,20,sim,8,32,286,2026-09-01
2022,2022-02-22,10,ORDINARIA,ABERTA,PRESENCIAL,sim,22,sim,8,32,285,2026-09-01
2022,2022-02-23,11,ORDINARIA,ABERTA,PRESENCIAL,sim,18,sim,8,32,287,2026-09-01
2022,2022-02-24,12,ORDINARIA,ABERTA,PRESENCIAL,sim,7,nao,8,32,289,2026-09-01
2022,2022-03-03,13,ORDINARIA,ABERTA,PRESENCIAL,sim,12,nao,8,32,290,2026-09-01
2022,2022-03-08,6,EXTRAORDINARIA,ABERTA,PRESENCIAL,sim,19,sim,8,32,288,2026-09-01
2022,2022-03-08,14,ORDINARIA,ABERTA,PRESENCIAL,sim,24,sim,8,32,291,2026-09-01
2022,2022-03-09,7,EXTRAORDINARIA,ABERTA,PRESENCIAL,sim,14,sim,8,32,293,2026-09-01
2022,2022-03-09,15,ORDINARIA,ABERTA,PRESENCIAL,sim,19,sim,8,32,292,2026-09-01
2022,2022-03-10,16,ORDINARIA,ABERTA,PRESENCIAL,sim,12,nao,8,32,294,2026-09-01
2022,2022-03-15,8,EXTRAORDINARIA,ABERTA,PRESENCIAL,sim,20,sim,8,32,295,2026-09-01
2022,2022-03-15,17,ORDINARIA,ABERTA,PRESENCIAL,sim,21,sim,8,32,297,2026-09-01
2022,2022-03-16,18,ORDINARIA,ABERTA,PRESENCIAL,sim,15,sim,8,32,298,2026-09-01
2022,2022-03-17,19,ORDINARIA,ABERTA,PRESENCIAL,sim,10,nao,8,32,299,2026-09-01
2022,2022-03-22,20,ORDINARIA,ABERTA,PRESENCIAL,sim,24,sim,8,32,300,2026-09-01
2022,2022-03-23,9,EXTRAORDINARIA,ABERTA,PRESENCIAL,sim,16,sim,8,32,296,2026-09-01
2022,2022-03-23,21,ORDINARIA,ABERTA,PRESENCIAL,sim,19,sim,8,32,301,2026-09-01
2022,2022-03-24,22,ORDINARIA,ABERTA,PRESENCIAL,sim,8,nao,8,32,303,2026-09-01
2022,2022-03-29,10,EXTRAORDINARIA,ABERTA,PRESENCIAL,sim,23,sim,8,32,302,2026-09-01
2022,2022-03-29,23,ORDINARIA,ABERTA,PRESENCIAL,sim,24,sim,8,32,304,2026-09-01
2022,2022-03-30,11,EXTRAORDINARIA,ABERTA,PRESENCIAL,sim,18,sim,8,32,306,2026-09-01
2022,2022-03-30,24,ORDINARIA,ABERTA,PRESENCIAL,sim,22,sim,8,32,305,2026-09-01
2022,2022-03-31,12,EXTRAORDINARIA,ABERTA,PRESENCIAL,sim,8,nao,8,32,307,2026-09-01
2022,2022-03-31,13,EXTRAORDINARIA,ABERTA,PRESENCIAL,sim,21,sim,8,32,309,2026-09-01
2022,2022-03-31,14,EXTRAORDINARIA,ABERTA,PRESENCIAL,sim,15,sim,8,32,310,2026-09-01
2022,2022-03-31,15,EXTRAORDINARIA,ABERTA,PRESENCIAL,sim,15,sim,8,32,311,2026-09-01
2022,2022-03-31,25,ORDINARIA,ABERTA,PRESENCIAL,sim,22,sim,8,32,308,2026-09-01
2022,2022-04-05,26,ORDINARIA,ABERTA,PRESENCIAL,sim,19,sim,8,32,312,2026-09-01
2022,2022-04-06,27,ORDINARIA,ABERTA,PRESENCIAL,sim,5,nao,8,32,314,2026-09-01
2022,2022-04-07,28,ORDINARIA,ABERTA,PRESENCIAL,sim,12,nao,8,32,317,2026-09-01
2022,2022-04-12,16,EXTRAORDINARIA,ABERTA,PRESENCIAL,sim,18,sim,8,32,313,2026-09-01
2022,2022-04-12,17,EXTRAORDINARIA,ABERTA,PRESENCIAL,sim,17,sim,8,32,315,2026-09-01
2022,2022-04-12,29,ORDINARIA,ABERTA,PRESENCIAL,sim,24,sim,8,32,318,2026-09-01
2022,2022-04-13,30,ORDINARIA,ABERTA,PRESENCIAL,sim,6,nao,8,32,319,2026-09-01
2022,2022-04-19,31,ORDINARIA,ABERTA,PRESENCIAL,sim,21,sim,8,32,320,2026-09-01
2022,2022-04-20,32,ORDINARIA,ABERTA,PRESENCIAL,sim,10,nao,8,32,321,2026-09-01
2022,2022-04-26,33,ORDINARIA,ABERTA,PRESENCIAL,sim,17,sim,8,32,322,2026-09-01
2022,2022-04-27,34,ORDINARIA,ABERTA,PRESENCIAL,sim,15,sim,8,32,323,2026-09-01
2022,2022-04-28,35,ORDINARIA,ABERTA,PRESENCIAL,sim,7,nao,8,32,324,2026-09-01
2022,2022-05-03,36,ORDINARIA,ABERTA,PRESENCIAL,sim,21,sim,8,32,325,2026-09-01
2022,2022-05-04,37,ORDINARIA,ABERTA,PRESENCIAL,sim,8,nao,8,32,326,2026-09-01
2022,2022-05-05,38,ORDINARIA,ABERTA,PRESENCIAL,sim,7,nao,8,32,327,2026-09-01
2022,2022-05-10,18,EXTRAORDINARIA,ABERTA,PRESENCIAL,sim,17,sim,8,32,316,2026-09-01
2022,2022-05-10,39,ORDINARIA,ABERTA,PRESENCIAL,sim,19,sim,8,32,328,2026-09-01
2022,2022-05-11,40,ORDINARIA,ABERTA,PRESENCIAL,sim,14,sim,8,32,329,2026-09-01
2022,2022-05-12,41,ORDINARIA,ABERTA,PRESENCIAL,sim,13,sim,8,32,331,2026-09-01
2022,2022-05-12,41,ORDINARIA,ABERTA,PRESENCIAL,sim,6,nao,8,32,333,2026-09-01
2022,2022-05-17,19,EXTRAORDINARIA,ABERTA,PRESENCIAL,sim,20,sim,8,32,330,2026-09-01
2022,2022-05-17,42,ORDINARIA,ABERTA,PRESENCIAL,sim,24,sim,8,32,334,2026-09-01
2022,2022-05-18,43,ORDINARIA,ABERTA,PRESENCIAL,sim,15,sim,8,32,335,2026-09-01
2022,2022-05-19,44,ORDINARIA,ABERTA,PRESENCIAL,sim,4,nao,8,32,336,2026-09-01
2022,2022-05-24,45,ORDINARIA,ABERTA,PRESENCIAL,sim,16,sim,8,32,337,2026-09-01
2022,2022-05-25,46,ORDINARIA,ABERTA,PRESENCIAL,sim,14,sim,8,32,338,2026-09-01
2022,2022-05-26,47,ORDINARIA,ABERTA,PRESENCIAL,sim,13,sim,8,32,339,2026-09-01
2022,2022-05-31,48,ORDINARIA,ABERTA,PRESENCIAL,sim,23,sim,8,32,340,2026-09-01
2022,2022-06-01,49,ORDINARIA,ABERTA,PRESENCIAL,sim,17,sim,8,32,341,2026-09-01
2022,2022-06-02,50,ORDINARIA,ABERTA,PRESENCIAL,sim,12,nao,8,32,342,2026-09-01
2022,2022-06-07,20,EXTRAORDINARIA,ABERTA,PRESENCIAL,sim,17,sim,8,32,332,2026-09-01
2022,2022-06-07,51,ORDINARIA,ABERTA,PRESENCIAL,sim,22,sim,8,32,343,2026-09-01
2022,2022-06-08,52,ORDINARIA,ABERTA,PRESENCIAL,sim,19,sim,8,32,344,2026-09-01
2022,2022-06-09,53,ORDINARIA,ABERTA,PRESENCIAL,sim,5,nao,8,32,346,2026-09-01
2022,2022-06-14,54,ORDINARIA,ABERTA,PRESENCIAL,sim,18,sim,8,32,347,2026-09-01
2022,2022-06-15,55,ORDINARIA,ABERTA,PRESENCIAL,sim,6,nao,8,32,348,2026-09-01
2022,2022-06-21,21,EXTRAORDINARIA,ABERTA,PRESENCIAL,sim,13,sim,8,32,345,2026-09-01
2022,2022-06-21,56,ORDINARIA,ABERTA,PRESENCIAL,sim,22,sim,8,32,349,2026-09-01
2022,2022-06-22,57,ORDINARIA,ABERTA,PRESENCIAL,sim,17,sim,8,32,350,2026-09-01
2022,2022-06-23,58,ORDINARIA,ABERTA,PRESENCIAL,sim,10,nao,8,32,351,2026-09-01
2022,2022-06-28,59,ORDINARIA,ABERTA,PRESENCIAL,sim,24,sim,8,32,352,2026-09-01
2022,2022-06-29,22,EXTRAORDINARIA,ABERTA,PRESENCIAL,sim,22,sim,8,32,353,2026-09-01
2022,2022-06-29,23,EXTRAORDINARIA,ABERTA,PRESENCIAL,sim,15,sim,8,32,355,2026-09-01
2022,2022-06-29,60,ORDINARIA,ABERTA,PRESENCIAL,sim,24,sim,8,32,354,2026-09-01
2022,2022-06-30,61,ORDINARIA,ABERTA,PRESENCIAL,sim,2,nao,8,32,356,2026-09-01
2022,2022-08-02,62,ORDINARIA,ABERTA,PRESENCIAL,sim,17,sim,8,32,357,2026-09-01
2022,2022-08-03,63,ORDINARIA,ABERTA,PRESENCIAL,sim,12,nao,8,32,359,2026-09-01
2022,2022-08-04,64,ORDINARIA,ABERTA,PRESENCIAL,sim,8,nao,8,32,360,2026-09-01
2022,2022-08-09,65,ORDINARIA,ABERTA,PRESENCIAL,sim,20,sim,8,32,361,2026-09-01
2022,2022-08-10,66,ORDINARIA,ABERTA,PRESENCIAL,sim,4,nao,8,32,362,2026-09-01
2022,2022-08-11,67,ORDINARIA,ABERTA,PRESENCIAL,sim,6,nao,8,32,363,2026-09-01
2022,2022-08-16,68,ORDINARIA,ABERTA,PRESENCIAL,sim,19,sim,8,32,364,2026-09-01
2022,2022-08-17,69,ORDINARIA,ABERTA,PRESENCIAL,sim,14,sim,8,32,365,2026-09-01
2022,2022-08-18,70,ORDINARIA,ABERTA,PRESENCIAL,sim,3,nao,8,32,366,2026-09-01
2022,2022-08-23,71,ORDINARIA,ABERTA,PRESENCIAL,sim,18,sim,8,32,367,2026-09-01
2022,2022-08-24,72,ORDINARIA,ABERTA,PRESENCIAL,sim,12,nao,8,32,368,2026-09-01
2022,2022-08-25,73,ORDINARIA,ABERTA,PRESENCIAL,sim,5,nao,8,32,369,2026-09-01
2022,2022-08-30,24,EXTRAORDINARIA,ABERTA,PRESENCIAL,sim,14,sim,8,32,358,2026-09-01
2022,2022-08-30,74,ORDINARIA,ABERTA,PRESENCIAL,sim,21,sim,8,32,370,2026-09-01
2022,2022-08-31,75,ORDINARIA,ABERTA,PRESENCIAL,sim,11,nao,8,32,371,2026-09-01
2022,2022-09-01,76,ORDINARIA,ABERTA,PRESENCIAL,sim,2,nao,8,32,373,2026-09-01
2022,2022-09-08,77,ORDINARIA,ABERTA,PRESENCIAL,sim,5,nao,8,32,374,2026-09-01
2022,2022-09-13,25,EXTRAORDINARIA,ABERTA,PRESENCIAL,sim,13,sim,8,32,372,2026-09-01
2022,2022-09-13,78,ORDINARIA,ABERTA,PRESENCIAL,sim,18,sim,8,32,375,2026-09-01
2022,2022-09-14,79,ORDINARIA,ABERTA,PRESENCIAL,sim,7,nao,8,32,376,2026-09-01
2022,2022-09-15,80,ORDINARIA,ABERTA,PRESENCIAL,sim,6,nao,8,32,377,2026-09-01
2022,2022-09-20,81,ORDINARIA,ABERTA,PRESENCIAL,sim,19,sim,8,32,378,2026-09-01
2022,2022-09-21,82,ORDINARIA,ABERTA,PRESENCIAL,sim,7,nao,8,32,380,2026-09-01
2022,2022-09-22,83,ORDINARIA,ABERTA,PRESENCIAL,sim,2,nao,8,32,381,2026-09-01
2022,2022-09-27,84,ORDINARIA,ABERTA,PRESENCIAL,sim,9,nao,8,32,382,2026-09-01
2022,2022-09-28,85,ORDINARIA,FECHADA,PRESENCIAL,sim,4,nao,8,32,383,2026-09-01
2022,2022-09-29,86,ORDINARIA,ABERTA,PRESENCIAL,sim,3,nao,8,32,384,2026-09-01
2022,2022-10-04,87,ORDINARIA,ABERTA,PRESENCIAL,sim,18,sim,8,32,385,2026-09-01
2022,2022-10-05,88,ORDINARIA,ABERTA,PRESENCIAL,sim,6,nao,8,32,386,2026-09-01
2022,2022-10-06,89,ORDINARIA,ABERTA,PRESENCIAL,sim,6,nao,8,32,387,2026-09-01
2022,2022-10-11,90,ORDINARIA,ABERTA,PRESENCIAL,sim,12,nao,8,32,388,2026-09-01
2022,2022-10-13,91,ORDINARIA,ABERTA,PRESENCIAL,sim,3,nao,8,32,389,2026-09-01
2022,2022-10-18,92,ORDINARIA,ABERTA,PRESENCIAL,sim,5,nao,8,32,390,2026-09-01
2022,2022-10-19,93,ORDINARIA,ABERTA,PRESENCIAL,sim,14,sim,8,32,391,2026-09-01
2022,2022-10-20,94,ORDINARIA,ABERTA,PRESENCIAL,sim,7,nao,8,32,392,2026-09-01
2022,2022-10-25,26,EXTRAORDINARIA,ABERTA,PRESENCIAL,sim,18,sim,8,32,379,2026-09-01
2022,2022-10-25,27,EXTRAORDINARIA,ABERTA,PRESENCIAL,sim,15,sim,8,32,394,2026-09-01
2022,2022-10-25,95,ORDINARIA,ABERTA,PRESENCIAL,sim,20,sim,8,32,393,2026-09-01
2022,2022-10-26,96,ORDINARIA,ABERTA,PRESENCIAL,sim,13,sim,8,32,395,2026-09-01
2022,2022-10-27,97,ORDINARIA,ABERTA,PRESENCIAL,sim,5,nao,8,32,396,2026-09-01
2022,2022-11-03,98,ORDINARIA,ABERTA,PRESENCIAL,sim,7,nao,8,32,397,2026-09-01
2022,2022-11-08,28,EXTRAORDINARIA,ABERTA,PRESENCIAL,sim,18,sim,8,32,399,2026-09-01
2022,2022-11-08,99,ORDINARIA,ABERTA,PRESENCIAL,sim,18,sim,8,32,398,2026-09-01
2022,2022-11-09,100,ORDINARIA,ABERTA,PRESENCIAL,sim,6,nao,8,32,400,2026-09-01
2022,2022-11-10,101,ORDINARIA,ABERTA,PRESENCIAL,sim,6,nao,8,32,402,2026-09-01
2022,2022-11-16,102,ORDINARIA,ABERTA,PRESENCIAL,sim,9,nao,8,32,404,2026-09-01
2022,2022-11-17,103,ORDINARIA,ABERTA,PRESENCIAL,sim,7,nao,8,32,405,2026-09-01
2022,2022-11-22,29,EXTRAORDINARIA,ABERTA,PRESENCIAL,sim,14,sim,8,32,401,2026-09-01
2022,2022-11-22,104,ORDINARIA,ABERTA,PRESENCIAL,sim,20,sim,8,32,406,2026-09-01
2022,2022-11-23,105,ORDINARIA,ABERTA,PRESENCIAL,sim,5,nao,8,32,407,2026-09-01
2022,2022-11-29,106,ORDINARIA,ABERTA,PRESENCIAL,sim,17,sim,8,32,408,2026-09-01
2022,2022-12-01,107,ORDINARIA,ABERTA,PRESENCIAL,sim,8,nao,8,32,409,2026-09-01
2022,2022-12-06,30,EXTRAORDINARIA,ABERTA,PRESENCIAL,sim,13,sim,8,32,403,2026-09-01
2022,2022-12-06,108,ORDINARIA,ABERTA,PRESENCIAL,sim,22,sim,8,32,410,2026-09-01
2022,2022-12-07,31,EXTRAORDINARIA,ABERTA,PRESENCIAL,sim,16,sim,8,32,412,2026-09-01
2022,2022-12-07,109,ORDINARIA,ABERTA,PRESENCIAL,sim,20,sim,8,32,411,2026-09-01
2022,2022-12-08,110,ORDINARIA,ABERTA,PRESENCIAL,sim,8,nao,8,32,413,2026-09-01
2022,2022-12-13,32,EXTRAORDINARIA,ABERTA,PRESENCIAL,sim,17,sim,8,32,415,2026-09-01
2022,2022-12-13,111,ORDINARIA,ABERTA,PRESENCIAL,sim,24,sim,8,32,414,2026-09-01
2022,2022-12-14,112,ORDINARIA,ABERTA,PRESENCIAL,sim,3,nao,8,32,416,2026-09-01
2022,2022-12-15,113,ORDINARIA,ABERTA,PRESENCIAL,sim,2,nao,8,32,417,2026-09-01
2023,2023-02-01,1,ORDINARIA,ABERTA,PRESENCIAL,sim,24,sim,9,33,418,2026-09-01
2023,2023-02-02,2,ORDINARIA,ABERTA,PRESENCIAL,sim,22,sim,9,33,419,2026-09-01
2023,2023-02-07,3,ORDINARIA,ABERTA,PRESENCIAL,sim,23,sim,9,33,420,2026-09-01
2023,2023-02-08,4,ORDINARIA,ABERTA,PRESENCIAL,sim,22,sim,9,33,421,2026-09-01
2023,2023-02-09,5,ORDINARIA,ABERTA,PRESENCIAL,sim,14,sim,9,33,423,2026-09-01
2023,2023-02-14,1,EXTRAORDINARIA,ABERTA,PRESENCIAL,sim,9,nao,9,33,422,2026-09-01
2023,2023-02-14,6,ORDINARIA,ABERTA,PRESENCIAL,sim,22,sim,9,33,425,2026-09-01
2023,2023-02-15,7,ORDINARIA,ABERTA,PRESENCIAL,sim,21,sim,9,33,426,2026-09-01
2023,2023-02-16,2,EXTRAORDINARIA,ABERTA,PRESENCIAL,sim,15,sim,9,33,424,2026-09-01
2023,2023-02-16,8,ORDINARIA,ABERTA,PRESENCIAL,sim,16,sim,9,33,427,2026-09-01
2023,2023-02-23,9,ORDINARIA,ABERTA,PRESENCIAL,sim,12,nao,9,33,428,2026-09-01
2023,2023-02-28,10,ORDINARIA,ABERTA,PRESENCIAL,sim,23,sim,9,33,429,2026-09-01
2023,2023-03-01,11,ORDINARIA,ABERTA,PRESENCIAL,sim,21,sim,9,33,430,2026-09-01
2023,2023-03-02,12,ORDINARIA,ABERTA,PRESENCIAL,sim,13,sim,9,33,432,2026-09-01
2023,2023-03-07,13,ORDINARIA,ABERTA,PRESENCIAL,sim,23,sim,9,33,433,2026-09-01
2023,2023-03-08,14,ORDINARIA,ABERTA,PRESENCIAL,sim,23,sim,9,33,434,2026-09-01
2023,2023-03-09,15,ORDINARIA,ABERTA,PRESENCIAL,sim,12,nao,9,33,435,2026-09-01
2023,2023-03-14,16,ORDINARIA,ABERTA,PRESENCIAL,sim,21,sim,9,33,436,2026-09-01
2023,2023-03-15,17,ORDINARIA,ABERTA,PRESENCIAL,sim,18,sim,9,33,437,2026-09-01
2023,2023-03-16,18,ORDINARIA,ABERTA,PRESENCIAL,sim,15,sim,9,33,438,2026-09-01
2023,2023-03-21,2,EXTRAORDINARIA,ABERTA,PRESENCIAL,sim,16,sim,9,33,431,2026-09-01
2023,2023-03-21,3,EXTRAORDINARIA,ABERTA,PRESENCIAL,sim,14,sim,9,33,442,2026-09-01
2023,2023-03-21,19,ORDINARIA,ABERTA,PRESENCIAL,sim,24,sim,9,33,439,2026-09-01
2023,2023-03-22,20,ORDINARIA,ABERTA,PRESENCIAL,sim,20,sim,9,33,440,2026-09-01
2023,2023-03-23,21,ORDINARIA,ABERTA,PRESENCIAL,sim,13,sim,9,33,441,2026-09-01
2023,2023-03-28,22,ORDINARIA,ABERTA,PRESENCIAL,sim,22,sim,9,33,444,2026-09-01
2023,2023-03-29,23,ORDINARIA,ABERTA,PRESENCIAL,sim,20,sim,9,33,445,2026-09-01
2023,2023-03-30,24,ORDINARIA,ABERTA,PRESENCIAL,sim,14,sim,9,33,446,2026-09-01
2023,2023-04-04,4,EXTRAORDINARIA,ABERTA,PRESENCIAL,sim,18,sim,9,33,443,2026-09-01
2023,2023-04-04,25,ORDINARIA,ABERTA,PRESENCIAL,sim,20,sim,9,33,447,2026-09-01
2023,2023-04-05,26,ORDINARIA,ABERTA,PRESENCIAL,sim,13,sim,9,33,448,2026-09-01
2023,2023-04-11,5,EXTRAORDINARIA,ABERTA,PRESENCIAL,sim,18,sim,9,33,449,2026-09-01
2023,2023-04-11,27,ORDINARIA,ABERTA,PRESENCIAL,sim,22,sim,9,33,450,2026-09-01
2023,2023-04-12,28,ORDINARIA,ABERTA,PRESENCIAL,sim,21,sim,9,33,451,2026-09-01
2023,2023-04-13,29,ORDINARIA,ABERTA,PRESENCIAL,sim,13,sim,9,33,452,2026-09-01
2023,2023-04-18,30,ORDINARIA,ABERTA,PRESENCIAL,sim,24,sim,9,33,453,2026-09-01
2023,2023-04-19,31,ORDINARIA,ABERTA,PRESENCIAL,sim,21,sim,9,33,454,2026-09-01
2023,2023-04-20,32,ORDINARIA,ABERTA,PRESENCIAL,sim,11,nao,9,33,455,2026-09-01
2023,2023-04-25,33,ORDINARIA,ABERTA,PRESENCIAL,sim,24,sim,9,33,456,2026-09-01
2023,2023-04-26,34,ORDINARIA,ABERTA,PRESENCIAL,sim,18,sim,9,33,457,2026-09-01
2023,2023-04-27,35,ORDINARIA,ABERTA,PRESENCIAL,sim,20,sim,9,33,458,2026-09-01
2023,2023-05-02,36,ORDINARIA,ABERTA,PRESENCIAL,sim,23,sim,9,33,459,2026-09-01
2023,2023-05-03,37,ORDINARIA,ABERTA,PRESENCIAL,sim,22,sim,9,33,460,2026-09-01
2023,2023-05-04,38,ORDINARIA,ABERTA,PRESENCIAL,sim,16,sim,9,33,461,2026-09-01
2023,2023-05-09,6,EXTRAORDINARIA,ABERTA,PRESENCIAL,sim,16,sim,9,33,462,2026-09-01
2023,2023-05-09,39,ORDINARIA,ABERTA,PRESENCIAL,sim,20,sim,9,33,463,2026-09-01
2023,2023-05-10,40,ORDINARIA,ABERTA,PRESENCIAL,sim,16,sim,9,33,464,2026-09-01
2023,2023-05-11,41,ORDINARIA,ABERTA,PRESENCIAL,sim,19,sim,9,33,465,2026-09-01
2023,2023-05-16,7,EXTRAORDINARIA,ABERTA,PRESENCIAL,sim,13,sim,9,33,466,2026-09-01
2023,2023-05-16,42,ORDINARIA,ABERTA,PRESENCIAL,sim,20,sim,9,33,467,2026-09-01
2023,2023-05-17,43,ORDINARIA,ABERTA,PRESENCIAL,sim,17,sim,9,33,468,2026-09-01
2023,2023-05-18,44,ORDINARIA,ABERTA,PRESENCIAL,sim,13,sim,9,33,469,2026-09-01
2023,2023-05-23,45,ORDINARIA,ABERTA,PRESENCIAL,sim,20,sim,9,33,470,2026-09-01
2023,2023-05-24,46,ORDINARIA,ABERTA,PRESENCIAL,sim,12,nao,9,33,471,2026-09-01
2023,2023-05-25,47,ORDINARIA,ABERTA,PRESENCIAL,sim,11,nao,9,33,472,2026-09-01
2023,2023-05-30,48,ORDINARIA,ABERTA,PRESENCIAL,sim,23,sim,9,33,473,2026-09-01
2023,2023-05-31,8,EXTRAORDINARIA,ABERTA,PRESENCIAL,sim,15,sim,9,33,474,2026-09-01
2023,2023-05-31,49,ORDINARIA,ABERTA,PRESENCIAL,sim,22,sim,9,33,475,2026-09-01
2023,2023-06-01,50,ORDINARIA,ABERTA,PRESENCIAL,sim,14,sim,9,33,476,2026-09-01
2023,2023-06-06,51,ORDINARIA,ABERTA,PRESENCIAL,sim,24,sim,9,33,477,2026-09-01
2023,2023-06-07,52,ORDINARIA,ABERTA,PRESENCIAL,sim,11,nao,9,33,478,2026-09-01
2023,2023-06-13,53,ORDINARIA,ABERTA,PRESENCIAL,sim,10,nao,9,33,479,2026-09-01
2023,2023-06-14,54,ORDINARIA,ABERTA,PRESENCIAL,sim,16,sim,9,33,480,2026-09-01
2023,2023-06-20,9,EXTRAORDINARIA,ABERTA,PRESENCIAL,sim,23,sim,9,33,481,2026-09-01
2023,2023-06-20,56,ORDINARIA,ABERTA,PRESENCIAL,sim,23,sim,9,33,482,2026-09-01
2023,2023-06-21,57,ORDINARIA,ABERTA,PRESENCIAL,sim,22,sim,9,33,483,2026-09-01
2023,2023-06-22,58,ORDINARIA,ABERTA,PRESENCIAL,sim,18,sim,9,33,484,2026-09-01
2023,2023-06-27,10,EXTRAORDINARIA,ABERTA,PRESENCIAL,sim,21,sim,9,33,485,2026-09-01
2023,2023-06-27,59,ORDINARIA,ABERTA,PRESENCIAL,sim,24,sim,9,33,486,2026-09-01
2023,2023-08-01,60,ORDINARIA,ABERTA,PRESENCIAL,sim,24,sim,9,33,487,2026-09-01
2023,2023-08-02,61,ORDINARIA,ABERTA,PRESENCIAL,sim,24,sim,9,33,488,2026-09-01
2023,2023-08-03,62,ORDINARIA,ABERTA,PRESENCIAL,sim,14,sim,9,33,489,2026-09-01
2023,2023-08-08,63,ORDINARIA,ABERTA,PRESENCIAL,sim,23,sim,9,33,490,2026-09-01
2023,2023-08-09,64,ORDINARIA,ABERTA,PRESENCIAL,sim,21,sim,9,33,491,2026-09-01
2023,2023-08-10,65,ORDINARIA,ABERTA,PRESENCIAL,sim,18,sim,9,33,492,2026-09-01
2023,2023-08-15,11,EXTRAORDINARIA,ABERTA,PRESENCIAL,sim,18,sim,9,33,494,2026-09-01
2023,2023-08-15,66,ORDINARIA,ABERTA,PRESENCIAL,sim,20,sim,9,33,493,2026-09-01
2023,2023-08-16,67,ORDINARIA,ABERTA,PRESENCIAL,sim,17,sim,9,33,495,2026-09-01
2023,2023-08-22,12,EXTRAORDINARIA,ABERTA,PRESENCIAL,sim,22,sim,9,33,497,2026-09-01
2023,2023-08-22,69,ORDINARIA,ABERTA,PRESENCIAL,sim,24,sim,9,33,496,2026-09-01
2023,2023-08-23,70,ORDINARIA,ABERTA,PRESENCIAL,sim,20,sim,9,33,498,2026-09-01
2023,2023-08-24,71,ORDINARIA,ABERTA,PRESENCIAL,sim,12,nao,9,33,499,2026-09-01
2023,2023-08-29,13,EXTRAORDINARIA,ABERTA,PRESENCIAL,sim,21,sim,9,33,501,2026-09-01
2023,2023-08-29,14,EXTRAORDINARIA,ABERTA,PRESENCIAL,sim,19,sim,9,33,502,2026-09-01
2023,2023-08-29,72,ORDINARIA,ABERTA,PRESENCIAL,sim,23,sim,9,33,500,2026-09-01
2023,2023-08-30,73,ORDINARIA,ABERTA,PRESENCIAL,sim,17,sim,9,33,503,2026-09-01
2023,2023-08-31,74,ORDINARIA,ABERTA,PRESENCIAL,sim,12,nao,9,33,504,2026-09-01
2023,2023-09-05,75,ORDINARIA,ABERTA,PRESENCIAL,sim,17,sim,9,33,505,2026-09-01
2023,2023-09-12,76,ORDINARIA,ABERTA,PRESENCIAL,sim,21,sim,9,33,506,2026-09-01
2023,2023-09-13,77,ORDINARIA,ABERTA,PRESENCIAL,sim,20,sim,9,33,507,2026-09-01
2023,2023-09-19,15,EXTRAORDINARIA,ABERTA,PRESENCIAL,sim,18,sim,9,33,508,2026-09-01
2023,2023-09-19,79,ORDINARIA,ABERTA,PRESENCIAL,sim,22,sim,9,33,509,2026-09-01
2023,2023-09-20,80,ORDINARIA,ABERTA,PRESENCIAL,sim,20,sim,9,33,510,2026-09-01
2023,2023-09-21,81,ORDINARIA,ABERTA,PRESENCIAL,sim,10,nao,9,33,511,2026-09-01
2023,2023-09-26,16,EXTRAORDINARIA,ABERTA,PRESENCIAL,sim,18,sim,9,33,512,2026-09-01
2023,2023-09-26,82,ORDINARIA,ABERTA,PRESENCIAL,sim,23,sim,9,33,513,2026-09-01
2023,2023-09-27,83,ORDINARIA,ABERTA,PRESENCIAL,sim,20,sim,9,33,514,2026-09-01
2023,2023-09-28,84,ORDINARIA,ABERTA,PRESENCIAL,sim,21,sim,9,33,515,2026-09-01
2023,2023-10-03,17,EXTRAORDINARIA,ABERTA,PRESENCIAL,sim,23,sim,9,33,516,2026-09-01
2023,2023-10-03,85,ORDINARIA,ABERTA,PRESENCIAL,sim,23,sim,9,33,517,2026-09-01
2023,2023-10-04,86,ORDINARIA,ABERTA,PRESENCIAL,sim,22,sim,9,33,518,2026-09-01
2023,2023-10-05,87,ORDINARIA,ABERTA,PRESENCIAL,sim,16,sim,9,33,519,2026-09-01
2023,2023-10-10,18,EXTRAORDINARIA,ABERTA,PRESENCIAL,sim,23,sim,9,33,521,2026-09-01
2023,2023-10-10,88,ORDINARIA,ABERTA,PRESENCIAL,sim,23,sim,9,33,520,2026-09-01
2023,2023-10-11,89,ORDINARIA,ABERTA,PRESENCIAL,sim,12,nao,9,33,522,2026-09-01
2023,2023-10-17,19,EXTRAORDINARIA,ABERTA,PRESENCIAL,sim,21,sim,9,33,523,2026-09-01
2023,2023-10-17,90,ORDINARIA,ABERTA,PRESENCIAL,sim,23,sim,9,33,524,2026-09-01
2023,2023-10-18,91,ORDINARIA,ABERTA,PRESENCIAL,sim,16,sim,9,33,525,2026-09-01
2023,2023-10-19,92,ORDINARIA,ABERTA,PRESENCIAL,sim,17,sim,9,33,526,2026-09-01
2023,2023-10-24,20,EXTRAORDINARIA,ABERTA,PRESENCIAL,sim,21,sim,9,33,527,2026-09-01
2023,2023-10-24,93,ORDINARIA,ABERTA,PRESENCIAL,sim,22,sim,9,33,528,2026-09-01
2023,2023-10-25,94,ORDINARIA,ABERTA,PRESENCIAL,sim,21,sim,9,33,529,2026-09-01
2023,2023-10-31,21,EXTRAORDINARIA,ABERTA,PRESENCIAL,sim,22,sim,9,33,531,2026-09-01
2023,2023-10-31,96,ORDINARIA,ABERTA,PRESENCIAL,sim,22,sim,9,33,530,2026-09-01
2023,2023-11-01,97,ORDINARIA,ABERTA,PRESENCIAL,sim,22,sim,9,33,532,2026-09-01
2023,2023-11-07,22,EXTRAORDINARIA,ABERTA,PRESENCIAL,sim,17,sim,9,33,534,2026-09-01
2023,2023-11-07,98,ORDINARIA,ABERTA,PRESENCIAL,sim,21,sim,9,33,533,2026-09-01
2023,2023-11-08,99,ORDINARIA,ABERTA,PRESENCIAL,sim,19,sim,9,33,535,2026-09-01
2023,2023-11-09,100,ORDINARIA,ABERTA,PRESENCIAL,sim,13,sim,9,33,536,2026-09-01
2023,2023-11-14,23,EXTRAORDINARIA,ABERTA,PRESENCIAL,sim,20,sim,9,33,537,2026-09-01
2023,2023-11-14,101,ORDINARIA,ABERTA,PRESENCIAL,sim,23,sim,9,33,538,2026-09-01
2023,2023-11-16,102,ORDINARIA,ABERTA,PRESENCIAL,sim,11,nao,9,33,539,2026-09-01
2023,2023-11-21,24,EXTRAORDINARIA,ABERTA,PRESENCIAL,sim,19,sim,9,33,541,2026-09-01
2023,2023-11-21,25,EXTRAORDINARIA,ABERTA,PRESENCIAL,sim,18,sim,9,33,542,2026-09-01
2023,2023-11-21,103,ORDINARIA,ABERTA,PRESENCIAL,sim,22,sim,9,33,540,2026-09-01
2023,2023-11-22,104,ORDINARIA,ABERTA,PRESENCIAL,sim,23,sim,9,33,543,2026-09-01
2023,2023-11-23,105,ORDINARIA,ABERTA,PRESENCIAL,sim,12,nao,9,33,544,2026-09-01
2023,2023-11-28,3,EXTRAORDINARIA,ABERTA,PRESENCIAL,sim,4,nao,9,33,545,2026-09-01
2023,2023-11-28,26,EXTRAORDINARIA,ABERTA,PRESENCIAL,sim,20,sim,9,33,547,2026-09-01
2023,2023-11-28,106,ORDINARIA,ABERTA,PRESENCIAL,sim,22,sim,9,33,546,2026-09-01
2023,2023-12-05,27,EXTRAORDINARIA,ABERTA,PRESENCIAL,sim,22,sim,9,33,549,2026-09-01
2023,2023-12-05,107,ORDINARIA,ABERTA,PRESENCIAL,sim,24,sim,9,33,548,2026-09-01
2023,2023-12-06,108,ORDINARIA,ABERTA,PRESENCIAL,sim,17,sim,9,33,550,2026-09-01
2023,2023-12-07,109,ORDINARIA,ABERTA,PRESENCIAL,sim,14,sim,9,33,551,2026-09-01
2023,2023-12-12,29,EXTRAORDINARIA,ABERTA,PRESENCIAL,sim,23,sim,9,33,552,2026-09-01
2023,2023-12-12,110,ORDINARIA,ABERTA,PRESENCIAL,sim,24,sim,9,33,553,2026-09-01
2023,2023-12-13,30,EXTRAORDINARIA,ABERTA,PRESENCIAL,sim,11,nao,9,33,555,2026-09-01
2023,2023-12-13,31,EXTRAORDINARIA,ABERTA,PRESENCIAL,sim,22,sim,9,33,556,2026-09-01
2023,2023-12-13,111,ORDINARIA,ABERTA,PRESENCIAL,sim,23,sim,9,33,554,2026-09-01
2024,2024-02-01,1,ORDINARIA,ABERTA,PRESENCIAL,sim,22,sim,9,34,557,2026-09-01
2024,2024-02-01,1,EXTRAORDINARIA,ABERTA,PRESENCIAL,sim,20,sim,9,34,558,2026-09-01
2024,2024-02-01,2,EXTRAORDINARIA,ABERTA,PRESENCIAL,sim,21,sim,9,34,559,2026-09-01
2024,2024-02-06,2,ORDINARIA,ABERTA,PRESENCIAL,sim,22,sim,9,34,561,2026-09-01
2024,2024-02-06,3,EXTRAORDINARIA,ABERTA,PRESENCIAL,sim,20,sim,9,34,560,2026-09-01
2024,2024-02-07,3,ORDINARIA,ABERTA,PRESENCIAL,sim,20,sim,9,34,562,2026-09-01
2024,2024-02-08,4,ORDINARIA,ABERTA,PRESENCIAL,sim,10,nao,9,34,563,2026-09-01
2024,2024-02-15,5,ORDINARIA,ABERTA,PRESENCIAL,sim,16,sim,9,34,564,2026-09-01
2024,2024-02-20,4,EXTRAORDINARIA,ABERTA,PRESENCIAL,sim,19,sim,9,34,565,2026-09-01
2024,2024-02-20,6,ORDINARIA,ABERTA,PRESENCIAL,sim,21,sim,9,34,566,2026-09-01
2024,2024-02-21,7,ORDINARIA,ABERTA,PRESENCIAL,sim,20,sim,9,34,567,2026-09-01
2024,2024-02-22,8,ORDINARIA,ABERTA,PRESENCIAL,sim,16,sim,9,34,568,2026-09-01
2024,2024-02-27,5,EXTRAORDINARIA,ABERTA,PRESENCIAL,sim,19,sim,9,34,569,2026-09-01
2024,2024-02-27,6,EXTRAORDINARIA,ABERTA,PRESENCIAL,sim,17,sim,9,34,571,2026-09-01
2024,2024-02-27,7,EXTRAORDINARIA,ABERTA,PRESENCIAL,sim,16,sim,9,34,572,2026-09-01
2024,2024-02-27,9,ORDINARIA,ABERTA,PRESENCIAL,sim,23,sim,9,34,570,2026-09-01
2024,2024-02-28,10,ORDINARIA,ABERTA,PRESENCIAL,sim,20,sim,9,34,573,2026-09-01
2024,2024-02-29,11,ORDINARIA,ABERTA,PRESENCIAL,sim,10,nao,9,34,574,2026-09-01
2024,2024-03-05,8,EXTRAORDINARIA,ABERTA,PRESENCIAL,sim,20,sim,9,34,575,2026-09-01
2024,2024-03-05,12,ORDINARIA,ABERTA,PRESENCIAL,sim,22,sim,9,34,576,2026-09-01
2024,2024-03-06,13,ORDINARIA,ABERTA,PRESENCIAL,sim,13,sim,9,34,577,2026-09-01
2024,2024-03-07,14,ORDINARIA,ABERTA,PRESENCIAL,sim,12,nao,9,34,578,2026-09-01
2024,2024-03-12,9,EXTRAORDINARIA,ABERTA,PRESENCIAL,sim,21,sim,9,34,1709,2026-09-01
2024,2024-03-12,10,EXTRAORDINARIA,ABERTA,PRESENCIAL,sim,13,sim,9,34,1710,2026-09-01
2024,2024-03-12,15,ORDINARIA,ABERTA,PRESENCIAL,sim,20,sim,9,34,1711,2026-09-01
2024,2024-03-13,16,ORDINARIA,ABERTA,PRESENCIAL,sim,21,sim,9,34,579,2026-09-01
2024,2024-03-14,17,ORDINARIA,ABERTA,PRESENCIAL,sim,15,sim,9,34,580,2026-09-01
2024,2024-03-19,11,EXTRAORDINARIA,ABERTA,PRESENCIAL,sim,22,sim,9,34,581,2026-09-01
2024,2024-03-19,18,ORDINARIA,ABERTA,PRESENCIAL,sim,20,sim,9,34,582,2026-09-01
2024,2024-03-20,19,ORDINARIA,ABERTA,PRESENCIAL,sim,20,sim,9,34,583,2026-09-01
2024,2024-03-21,20,ORDINARIA,ABERTA,PRESENCIAL,sim,12,nao,9,34,584,2026-09-01
2024,2024-03-26,12,EXTRAORDINARIA,ABERTA,PRESENCIAL,sim,16,sim,9,34,585,2026-09-01
2024,2024-03-26,21,ORDINARIA,ABERTA,PRESENCIAL,sim,22,sim,9,34,586,2026-09-01
2024,2024-03-27,22,ORDINARIA,ABERTA,PRESENCIAL,sim,20,sim,9,34,587,2026-09-01
2024,2024-04-02,13,EXTRAORDINARIA,ABERTA,PRESENCIAL,sim,24,sim,9,34,588,2026-09-01
2024,2024-04-02,23,ORDINARIA,ABERTA,PRESENCIAL,sim,24,sim,9,34,589,2026-09-01
2024,2024-04-03,24,ORDINARIA,ABERTA,PRESENCIAL,sim,21,sim,9,34,590,2026-09-01
2024,2024-04-04,25,ORDINARIA,ABERTA,PRESENCIAL,sim,16,sim,9,34,591,2026-09-01
2024,2024-04-09,14,EXTRAORDINARIA,FECHADA,PRESENCIAL,sim,18,sim,9,34,593,2026-09-01
2024,2024-04-09,15,EXTRAORDINARIA,FECHADA,PRESENCIAL,sim,15,sim,9,34,596,2026-09-01
2024,2024-04-09,26,ORDINARIA,FECHADA,PRESENCIAL,sim,21,sim,9,34,594,2026-09-01
2024,2024-04-10,27,ORDINARIA,FECHADA,PRESENCIAL,sim,18,sim,9,34,595,2026-09-01
2024,2024-04-11,28,ORDINARIA,FECHADA,PRESENCIAL,sim,6,nao,9,34,597,2026-09-01
2024,2024-04-16,29,ORDINARIA,FECHADA,PRESENCIAL,sim,19,sim,9,34,600,2026-09-01
2024,2024-04-17,30,ORDINARIA,FECHADA,PRESENCIAL,sim,15,sim,9,34,601,2026-09-01
2024,2024-04-18,31,ORDINARIA,FECHADA,PRESENCIAL,sim,10,nao,9,34,602,2026-09-01
2024,2024-04-23,16,EXTRAORDINARIA,FECHADA,PRESENCIAL,sim,19,sim,9,34,598,2026-09-01
2024,2024-04-23,32,ORDINARIA,FECHADA,PRESENCIAL,sim,23,sim,9,34,592,2026-09-01
2024,2024-04-24,33,ORDINARIA,FECHADA,PRESENCIAL,sim,21,sim,9,34,603,2026-09-01
2024,2024-04-25,34,ORDINARIA,FECHADA,PRESENCIAL,sim,13,sim,9,34,604,2026-09-01
2024,2024-04-30,35,ORDINARIA,FECHADA,PRESENCIAL,sim,21,sim,9,34,606,2026-09-01
2024,2024-05-02,36,ORDINARIA,FECHADA,PRESENCIAL,sim,13,sim,9,34,607,2026-09-01
2024,2024-05-07,17,EXTRAORDINARIA,FECHADA,PRESENCIAL,sim,13,sim,9,34,599,2026-09-01
2024,2024-05-07,37,ORDINARIA,FECHADA,PRESENCIAL,sim,21,sim,9,34,608,2026-09-01
2024,2024-05-08,38,ORDINARIA,FECHADA,PRESENCIAL,sim,19,sim,9,34,609,2026-09-01
2024,2024-05-09,39,ORDINARIA,FECHADA,PRESENCIAL,sim,10,nao,9,34,610,2026-09-01
2024,2024-05-14,40,ORDINARIA,FECHADA,PRESENCIAL,sim,18,sim,9,34,612,2026-09-01
2024,2024-05-15,41,ORDINARIA,FECHADA,PRESENCIAL,sim,4,nao,9,34,613,2026-09-01
2024,2024-05-16,42,ORDINARIA,FECHADA,PRESENCIAL,sim,2,nao,9,34,614,2026-09-01
2024,2024-05-21,18,EXTRAORDINARIA,FECHADA,PRESENCIAL,sim,20,sim,9,34,605,2026-09-01
2024,2024-05-21,43,ORDINARIA,FECHADA,PRESENCIAL,sim,23,sim,9,34,615,2026-09-01
2024,2024-05-22,44,ORDINARIA,FECHADA,PRESENCIAL,sim,4,nao,9,34,616,2026-09-01
2024,2024-05-23,45,ORDINARIA,FECHADA,PRESENCIAL,sim,10,nao,9,34,617,2026-09-01
2024,2024-05-28,19,EXTRAORDINARIA,FECHADA,PRESENCIAL,sim,16,sim,9,34,611,2026-09-01
2024,2024-05-28,46,ORDINARIA,FECHADA,PRESENCIAL,sim,17,sim,9,34,618,2026-09-01
2024,2024-05-29,47,ORDINARIA,FECHADA,PRESENCIAL,sim,13,sim,9,34,620,2026-09-01
2024,2024-06-04,20,EXTRAORDINARIA,FECHADA,PRESENCIAL,sim,19,sim,9,34,619,2026-09-01
2024,2024-06-04,21,EXTRAORDINARIA,FECHADA,PRESENCIAL,sim,13,sim,9,34,621,2026-09-01
2024,2024-06-04,48,ORDINARIA,FECHADA,PRESENCIAL,sim,22,sim,9,34,622,2026-09-01
2024,2024-06-05,49,ORDINARIA,FECHADA,PRESENCIAL,sim,15,sim,9,34,623,2026-09-01
2024,2024-06-06,50,ORDINARIA,FECHADA,PRESENCIAL,sim,2,nao,9,34,626,2026-09-01
2024,2024-06-11,22,EXTRAORDINARIA,FECHADA,PRESENCIAL,sim,17,sim,9,34,624,2026-09-01
2024,2024-06-11,51,ORDINARIA,FECHADA,PRESENCIAL,sim,20,sim,9,34,627,2026-09-01
2024,2024-06-12,52,ORDINARIA,FECHADA,PRESENCIAL,sim,19,sim,9,34,628,2026-09-01
2024,2024-06-13,53,ORDINARIA,FECHADA,PRESENCIAL,sim,10,nao,9,34,629,2026-09-01
2024,2024-06-18,23,EXTRAORDINARIA,FECHADA,PRESENCIAL,sim,20,sim,9,34,625,2026-09-01
2024,2024-06-18,24,EXTRAORDINARIA,FECHADA,PRESENCIAL,sim,19,sim,9,34,633,2026-09-01
2024,2024-06-18,54,ORDINARIA,FECHADA,PRESENCIAL,sim,22,sim,9,34,630,2026-09-01
2024,2024-06-19,25,EXTRAORDINARIA,FECHADA,PRESENCIAL,sim,24,sim,9,34,634,2026-09-01
2024,2024-06-19,55,ORDINARIA,FECHADA,PRESENCIAL,sim,24,sim,9,34,631,2026-09-01
2024,2024-06-20,56,ORDINARIA,FECHADA,PRESENCIAL,sim,16,sim,9,34,632,2026-09-01
2024,2024-06-25,26,EXTRAORDINARIA,FECHADA,PRESENCIAL,sim,22,sim,9,34,635,2026-09-01
2024,2024-06-25,57,ORDINARIA,FECHADA,PRESENCIAL,sim,22,sim,9,34,636,2026-09-01
2024,2024-08-01,58,ORDINARIA,FECHADA,PRESENCIAL,sim,17,sim,9,34,637,2026-09-01
2024,2024-08-06,59,ORDINARIA,FECHADA,PRESENCIAL,sim,20,sim,9,34,638,2026-09-01
2024,2024-08-07,-1,EXTRAORDINARIA,FECHADA,PRESENCIAL,sim,23,sim,9,34,642,2026-09-01
2024,2024-08-07,27,EXTRAORDINARIA,FECHADA,PRESENCIAL,sim,23,sim,9,34,639,2026-09-01
2024,2024-08-07,28,EXTRAORDINARIA,FECHADA,PRESENCIAL,sim,19,sim,9,34,640,2026-09-01
2024,2024-08-07,60,ORDINARIA,FECHADA,PRESENCIAL,sim,23,sim,9,34,641,2026-09-01
2024,2024-08-08,61,ORDINARIA,FECHADA,PRESENCIAL,sim,3,nao,9,34,643,2026-09-01
2024,2024-08-14,29,EXTRAORDINARIA,FECHADA,PRESENCIAL,sim,14,sim,9,34,646,2026-09-01
2024,2024-08-14,62,ORDINARIA,FECHADA,PRESENCIAL,sim,20,sim,9,34,644,2026-09-01
2024,2024-08-15,63,ORDINARIA,FECHADA,PRESENCIAL,sim,10,nao,9,34,645,2026-09-01
2024,2024-08-20,64,ORDINARIA,ABERTA,PRESENCIAL,sim,21,sim,9,34,647,2026-09-01
2024,2024-08-21,65,ORDINARIA,ABERTA,PRESENCIAL,sim,20,sim,9,34,648,2026-09-01
2024,2024-08-27,30,EXTRAORDINARIA,ABERTA,PRESENCIAL,sim,18,sim,9,34,668,2026-09-01
2024,2024-08-27,67,ORDINARIA,ABERTA,PRESENCIAL,sim,20,sim,9,34,649,2026-09-01
2024,2024-08-28,68,ORDINARIA,ABERTA,PRESENCIAL,sim,20,sim,9,34,650,2026-09-01
2024,2024-08-29,69,ORDINARIA,ABERTA,PRESENCIAL,sim,10,nao,9,34,651,2026-09-01
2024,2024-09-03,31,EXTRAORDINARIA,ABERTA,PRESENCIAL,sim,14,sim,9,34,652,2026-09-01
2024,2024-09-03,70,ORDINARIA,ABERTA,PRESENCIAL,sim,19,sim,9,34,653,2026-09-01
2024,2024-09-04,71,ORDINARIA,ABERTA,PRESENCIAL,sim,15,sim,9,34,654,2026-09-01
2024,2024-09-05,72,ORDINARIA,ABERTA,PRESENCIAL,sim,9,nao,9,34,655,2026-09-01
2024,2024-09-10,32,EXTRAORDINARIA,ABERTA,PRESENCIAL,sim,16,sim,9,34,656,2026-09-01
2024,2024-09-10,73,ORDINARIA,ABERTA,PRESENCIAL,sim,21,sim,9,34,657,2026-09-01
2024,2024-09-11,74,ORDINARIA,ABERTA,PRESENCIAL,sim,20,sim,9,34,658,2026-09-01
2024,2024-09-12,75,ORDINARIA,ABERTA,PRESENCIAL,sim,2,nao,9,34,659,2026-09-01
2024,2024-09-17,33,EXTRAORDINARIA,ABERTA,PRESENCIAL,sim,20,sim,9,34,661,2026-09-01
2024,2024-09-17,76,ORDINARIA,ABERTA,PRESENCIAL,sim,22,sim,9,34,660,2026-09-01
2024,2024-09-18,77,ORDINARIA,ABERTA,PRESENCIAL,sim,15,sim,9,34,662,2026-09-01
2024,2024-09-19,78,ORDINARIA,ABERTA,PRESENCIAL,sim,10,nao,9,34,663,2026-09-01
2024,2024-09-24,34,EXTRAORDINARIA,ABERTA,PRESENCIAL,sim,13,sim,9,34,664,2026-09-01
2024,2024-09-24,79,ORDINARIA,ABERTA,PRESENCIAL,sim,17,sim,9,34,665,2026-09-01
2024,2024-09-25,80,ORDINARIA,ABERTA,PRESENCIAL,sim,14,sim,9,34,666,2026-09-01
2024,2024-09-26,81,ORDINARIA,ABERTA,PRESENCIAL,sim,8,nao,9,34,667,2026-09-01
2024,2024-10-01,35,EXTRAORDINARIA,ABERTA,PRESENCIAL,sim,14,sim,9,34,669,2026-09-01
2024,2024-10-01,82,ORDINARIA,ABERTA,PRESENCIAL,sim,18,sim,9,34,670,2026-09-01
2024,2024-10-02,83,ORDINARIA,ABERTA,PRESENCIAL,sim,15,sim,9,34,671,2026-09-01
2024,2024-10-03,84,ORDINARIA,ABERTA,PRESENCIAL,sim,9,nao,9,34,672,2026-09-01
2024,2024-10-08,36,EXTRAORDINARIA,ABERTA,PRESENCIAL,sim,23,sim,9,34,673,2026-09-01
2024,2024-10-08,85,ORDINARIA,ABERTA,PRESENCIAL,sim,24,sim,9,34,674,2026-09-01
2024,2024-10-09,86,ORDINARIA,ABERTA,PRESENCIAL,sim,22,sim,9,34,675,2026-09-01
2024,2024-10-10,87,ORDINARIA,ABERTA,PRESENCIAL,sim,3,nao,9,34,676,2026-09-01
2024,2024-10-15,88,ORDINARIA,ABERTA,PRESENCIAL,sim,19,sim,9,34,677,2026-09-01
2024,2024-10-16,89,ORDINARIA,ABERTA,PRESENCIAL,sim,19,sim,9,34,678,2026-09-01
2024,2024-10-17,90,ORDINARIA,ABERTA,PRESENCIAL,sim,1,nao,9,34,679,2026-09-01
2024,2024-10-22,37,EXTRAORDINARIA,ABERTA,PRESENCIAL,sim,20,sim,9,34,680,2026-09-01
2024,2024-10-22,91,ORDINARIA,ABERTA,PRESENCIAL,sim,23,sim,9,34,681,2026-09-01
2024,2024-10-23,92,ORDINARIA,ABERTA,PRESENCIAL,sim,21,sim,9,34,682,2026-09-01
2024,2024-10-24,93,ORDINARIA,ABERTA,PRESENCIAL,sim,1,nao,9,34,683,2026-09-01
2024,2024-10-29,38,EXTRAORDINARIA,ABERTA,PRESENCIAL,sim,14,sim,9,34,684,2026-09-01
2024,2024-10-29,94,ORDINARIA,ABERTA,PRESENCIAL,sim,24,sim,9,34,685,2026-09-01
2024,2024-10-30,37,EXTRAORDINARIA,ABERTA,PRESENCIAL,sim,12,nao,9,34,687,2026-09-01
2024,2024-10-30,95,ORDINARIA,ABERTA,PRESENCIAL,sim,23,sim,9,34,686,2026-09-01
2024,2024-10-31,96,ORDINARIA,ABERTA,PRESENCIAL,sim,1,nao,9,34,688,2026-09-01
2024,2024-11-05,39,EXTRAORDINARIA,ABERTA,PRESENCIAL,sim,22,sim,9,34,690,2026-09-01
2024,2024-11-05,97,ORDINARIA,ABERTA,PRESENCIAL,sim,23,sim,9,34,689,2026-09-01
2024,2024-11-06,98,ORDINARIA,ABERTA,PRESENCIAL,sim,22,sim,9,34,691,2026-09-01
2024,2024-11-07,99,ORDINARIA,ABERTA,PRESENCIAL,sim,12,nao,9,34,692,2026-09-01
2024,2024-11-12,40,EXTRAORDINARIA,ABERTA,PRESENCIAL,sim,21,sim,9,34,693,2026-09-01
2024,2024-11-12,100,ORDINARIA,ABERTA,PRESENCIAL,sim,22,sim,9,34,694,2026-09-01
2024,2024-11-13,101,ORDINARIA,ABERTA,PRESENCIAL,sim,19,sim,9,34,1693,2026-09-01
2024,2024-11-14,102,ORDINARIA,ABERTA,PRESENCIAL,sim,2,nao,9,34,1694,2026-09-01
2024,2024-11-19,103,ORDINARIA,ABERTA,PRESENCIAL,sim,19,sim,9,34,1695,2026-09-01
2024,2024-11-26,41,EXTRAORDINARIA,ABERTA,PRESENCIAL,sim,19,sim,9,34,1696,2026-09-01
2024,2024-11-26,42,EXTRAORDINARIA,ABERTA,PRESENCIAL,sim,18,sim,9,34,1698,2026-09-01
2024,2024-11-26,105,ORDINARIA,ABERTA,PRESENCIAL,sim,21,sim,9,34,1697,2026-09-01
2024,2024-11-27,43,EXTRAORDINARIA,ABERTA,PRESENCIAL,sim,15,sim,9,34,1700,2026-09-01
2024,2024-11-27,105,ORDINARIA,ABERTA,PRESENCIAL,sim,20,sim,9,34,1699,2026-09-01
2024,2024-11-28,106,ORDINARIA,ABERTA,PRESENCIAL,sim,1,nao,9,34,1701,2026-09-01
2024,2024-12-03,44,EXTRAORDINARIA,ABERTA,PRESENCIAL,sim,23,sim,9,34,1703,2026-09-01
2024,2024-12-03,107,ORDINARIA,ABERTA,PRESENCIAL,sim,23,sim,9,34,1702,2026-09-01
2024,2024-12-04,45,EXTRAORDINARIA,ABERTA,PRESENCIAL,sim,16,sim,9,34,1704,2026-09-01
2024,2024-12-04,108,ORDINARIA,ABERTA,PRESENCIAL,sim,23,sim,9,34,1705,2026-09-01
2024,2024-12-10,46,EXTRAORDINARIA,ABERTA,PRESENCIAL,sim,22,sim,9,34,1706,2026-09-01
2024,2024-12-10,47,EXTRAORDINARIA,ABERTA,PRESENCIAL,sim,22,sim,9,34,1708,2026-09-01
2024,2024-12-10,109,ORDINARIA,ABERTA,PRESENCIAL,sim,22,sim,9,34,1707,2026-09-01
2025,2025-02-10,1,SOLENE,FECHADA,PRESENCIAL,nao,,,9,35,1712,2026-09-01
2025,2025-02-11,1,ORDINARIA,FECHADA,PRESENCIAL,sim,22,sim,9,35,1713,2026-09-01
2025,2025-02-12,2,SOLENE,FECHADA,PRESENCIAL,nao,,,9,35,1714,2026-09-01
2025,2025-02-12,5,ORDINARIA,FECHADA,PRESENCIAL,sim,17,sim,9,35,1715,2026-09-01
2025,2025-02-13,3,SOLENE,FECHADA,PRESENCIAL,nao,,,9,35,1718,2026-09-01
2025,2025-02-13,6,ORDINARIA,FECHADA,PRESENCIAL,sim,1,nao,9,35,1716,2026-09-01
2025,2025-02-18,7,ORDINARIA,FECHADA,PRESENCIAL,sim,24,sim,9,35,1717,2026-09-01
2025,2025-02-19,8,ORDINARIA,FECHADA,PRESENCIAL,sim,21,sim,9,35,1719,2026-09-01
2025,2025-02-20,4,SOLENE,FECHADA,PRESENCIAL,nao,,,9,35,1722,2026-09-01
2025,2025-02-20,9,ORDINARIA,FECHADA,PRESENCIAL,sim,1,nao,9,35,1721,2026-09-01
2025,2025-02-24,5,SOLENE,FECHADA,PRESENCIAL,nao,,,9,35,1723,2026-09-01
2025,2025-02-25,10,ORDINARIA,FECHADA,PRESENCIAL,sim,17,sim,9,35,1720,2026-09-01
2025,2025-02-26,6,SOLENE,FECHADA,PRESENCIAL,nao,,,9,35,1725,2026-09-01
2025,2025-02-26,11,ORDINARIA,FECHADA,PRESENCIAL,sim,15,sim,9,35,1724,2026-09-01
2025,2025-02-27,6,SOLENE,FECHADA,PRESENCIAL,nao,,,9,35,1726,2026-09-01
2025,2025-02-27,7,SOLENE,FECHADA,PRESENCIAL,nao,,,9,35,1728,2026-09-01
2025,2025-02-27,12,ORDINARIA,FECHADA,PRESENCIAL,sim,1,nao,9,35,1727,2026-09-01
2025,2025-02-28,8,SOLENE,FECHADA,PRESENCIAL,nao,,,9,35,1729,2026-09-01
2025,2025-03-06,13,ORDINARIA,FECHADA,PRESENCIAL,sim,2,nao,9,35,1730,2026-09-01
2025,2025-03-10,9,SOLENE,FECHADA,PRESENCIAL,nao,,,9,35,1731,2026-09-01
2025,2025-03-11,1,EXTRAORDINARIA,FECHADA,PRESENCIAL,sim,17,sim,9,35,1734,2026-09-01
2025,2025-03-11,10,SOLENE,FECHADA,PRESENCIAL,nao,,,9,35,1732,2026-09-01
2025,2025-03-11,14,ORDINARIA,FECHADA,PRESENCIAL,sim,22,sim,9,35,1733,2026-09-01
2025,2025-03-12,11,SOLENE,FECHADA,PRESENCIAL,nao,,,9,35,1735,2026-09-01
2025,2025-03-12,15,ORDINARIA,FECHADA,PRESENCIAL,sim,19,sim,9,35,1736,2026-09-01
2025,2025-03-13,13,SOLENE,FECHADA,PRESENCIAL,nao,,,9,35,1737,2026-09-01
2025,2025-03-13,16,ORDINARIA,FECHADA,PRESENCIAL,sim,16,sim,9,35,1739,2026-09-01
2025,2025-03-14,12,SOLENE,FECHADA,PRESENCIAL,nao,,,9,35,1738,2026-09-01
2025,2025-03-18,1,EXTRAORDINARIA,FECHADA,PRESENCIAL,sim,5,nao,9,35,1740,2026-09-01
2025,2025-03-18,2,EXTRAORDINARIA,FECHADA,PRESENCIAL,sim,20,sim,9,35,1742,2026-09-01
2025,2025-03-18,3,EXTRAORDINARIA,FECHADA,PRESENCIAL,sim,15,sim,9,35,1743,2026-09-01
2025,2025-03-18,17,ORDINARIA,FECHADA,PRESENCIAL,sim,23,sim,9,35,1741,2026-09-01
2025,2025-03-19,13,SOLENE,FECHADA,PRESENCIAL,nao,,,9,35,1745,2026-09-01
2025,2025-03-19,18,ORDINARIA,FECHADA,PRESENCIAL,sim,22,sim,9,35,1744,2026-09-01
2025,2025-03-20,19,ORDINARIA,FECHADA,PRESENCIAL,sim,13,sim,9,35,1746,2026-09-01
2025,2025-03-21,14,SOLENE,FECHADA,PRESENCIAL,nao,,,9,35,1747,2026-09-01
2025,2025-03-21,15,SOLENE,FECHADA,PRESENCIAL,nao,,,9,35,1748,2026-09-01
2025,2025-03-24,15,SOLENE,FECHADA,PRESENCIAL,nao,,,9,35,1749,2026-09-01
2025,2025-03-24,16,SOLENE,FECHADA,PRESENCIAL,nao,,,9,35,1750,2026-09-01
2025,2025-03-25,4,EXTRAORDINARIA,FECHADA,PRESENCIAL,sim,18,sim,9,35,1754,2026-09-01
2025,2025-03-25,17,SOLENE,FECHADA,PRESENCIAL,nao,,,9,35,1751,2026-09-01
2025,2025-03-25,20,ORDINARIA,FECHADA,PRESENCIAL,sim,23,sim,9,35,1752,2026-09-01
2025,2025-03-26,18,SOLENE,FECHADA,PRESENCIAL,nao,,,9,35,1753,2026-09-01
2025,2025-03-26,21,ORDINARIA,FECHADA,PRESENCIAL,sim,20,sim,9,35,1755,2026-09-01
2025,2025-03-27,19,SOLENE,FECHADA,PRESENCIAL,nao,,,9,35,1758,2026-09-01
2025,2025-03-27,22,ORDINARIA,FECHADA,PRESENCIAL,sim,2,nao,9,35,1757,2026-09-01
2025,2025-03-31,20,SOLENE,FECHADA,PRESENCIAL,nao,,,9,35,1760,2026-09-01
2025,2025-04-01,21,SOLENE,FECHADA,PRESENCIAL,nao,,,9,35,1761,2026-09-01
2025,2025-04-01,23,ORDINARIA,FECHADA,PRESENCIAL,sim,20,sim,9,35,1759,2026-09-01
2025,2025-04-02,5,EXTRAORDINARIA,FECHADA,PRESENCIAL,sim,18,sim,9,35,1756,2026-09-01
2025,2025-04-02,22,SOLENE,FECHADA,PRESENCIAL,nao,,,9,35,1764,2026-09-01
2025,2025-04-02,24,ORDINARIA,FECHADA,PRESENCIAL,sim,19,sim,9,35,1762,2026-09-01
2025,2025-04-03,1,ORDINARIA,FECHADA,PRESENCIAL,sim,3,nao,9,35,1763,2026-09-01
2025,2025-04-03,23,SOLENE,FECHADA,PRESENCIAL,nao,,,9,35,1767,2026-09-01
2025,2025-04-03,25,ORDINARIA,FECHADA,PRESENCIAL,sim,4,nao,9,35,1765,2026-09-01
2025,2025-04-04,23,SOLENE,FECHADA,PRESENCIAL,nao,,,9,35,1766,2026-09-01
2025,2025-04-07,24,SOLENE,FECHADA,PRESENCIAL,nao,,,9,35,1768,2026-09-01
2025,2025-04-08,6,EXTRAORDINARIA,FECHADA,PRESENCIAL,sim,19,sim,9,35,1770,2026-09-01
2025,2025-04-08,25,SOLENE,FECHADA,PRESENCIAL,nao,,,9,35,1771,2026-09-01
2025,2025-04-08,26,ORDINARIA,FECHADA,PRESENCIAL,sim,22,sim,9,35,1769,2026-09-01
2025,2025-04-09,26,SOLENE,FECHADA,PRESENCIAL,nao,,,9,35,1772,2026-09-01
2025,2025-04-09,27,ORDINARIA,FECHADA,PRESENCIAL,sim,20,sim,9,35,1773,2026-09-01
2025,2025-04-09,27,SOLENE,FECHADA,PRESENCIAL,nao,,,9,35,1774,2026-09-01
2025,2025-04-10,2,ORDINARIA,FECHADA,PRESENCIAL,sim,2,nao,9,35,1775,2026-09-01
2025,2025-04-10,28,ORDINARIA,FECHADA,PRESENCIAL,sim,2,nao,9,35,1776,2026-09-01
2025,2025-04-11,28,SOLENE,FECHADA,PRESENCIAL,nao,,,9,35,1777,2026-09-01
2025,2025-04-11,29,SOLENE,FECHADA,PRESENCIAL,nao,,,9,35,1778,2026-09-01
2025,2025-04-11,30,SOLENE,FECHADA,PRESENCIAL,nao,,,9,35,1779,2026-09-01
2025,2025-04-14,31,SOLENE,FECHADA,PRESENCIAL,nao,,,9,35,1781,2026-09-01
2025,2025-04-15,29,ORDINARIA,FECHADA,PRESENCIAL,sim,19,sim,9,35,1780,2026-09-01
2025,2025-04-15,32,SOLENE,FECHADA,PRESENCIAL,nao,,,9,35,1782,2026-09-01
2025,2025-04-16,30,ORDINARIA,FECHADA,PRESENCIAL,sim,11,nao,9,35,1783,2026-09-01
2025,2025-04-22,31,ORDINARIA,FECHADA,PRESENCIAL,sim,20,sim,9,35,1785,2026-09-01
2025,2025-04-22,33,SOLENE,FECHADA,PRESENCIAL,nao,,,9,35,1784,2026-09-01
2025,2025-04-23,32,ORDINARIA,FECHADA,PRESENCIAL,sim,19,sim,9,35,1786,2026-09-01
2025,2025-04-23,34,SOLENE,FECHADA,PRESENCIAL,nao,,,9,35,1787,2026-09-01
2025,2025-04-24,3,ORDINARIA,FECHADA,PRESENCIAL,sim,2,nao,9,35,1788,2026-09-01
2025,2025-04-24,33,ORDINARIA,FECHADA,PRESENCIAL,sim,1,nao,9,35,1789,2026-09-01
2025,2025-04-29,34,ORDINARIA,FECHADA,PRESENCIAL,sim,17,sim,9,35,1790,2026-09-01
2025,2025-04-30,1,SOLENE,FECHADA,PRESENCIAL,nao,,,9,35,1791,2026-09-01
2025,2025-04-30,35,ORDINARIA,FECHADA,PRESENCIAL,sim,13,sim,9,35,1792,2026-09-01
2025,2025-05-05,2,SOLENE,FECHADA,PRESENCIAL,nao,,,9,35,1793,2026-09-01
2025,2025-05-06,7,EXTRAORDINARIA,FECHADA,PRESENCIAL,sim,16,sim,9,35,1795,2026-09-01
2025,2025-05-06,36,ORDINARIA,FECHADA,PRESENCIAL,sim,22,sim,9,35,1794,2026-09-01
2025,2025-05-07,37,ORDINARIA,FECHADA,PRESENCIAL,sim,20,sim,9,35,1796,2026-09-01
2025,2025-05-08,4,ORDINARIA,FECHADA,PRESENCIAL,sim,5,nao,9,35,1798,2026-09-01
2025,2025-05-08,38,ORDINARIA,FECHADA,PRESENCIAL,sim,1,nao,9,35,1799,2026-09-01
2025,2025-05-12,3,SOLENE,FECHADA,PRESENCIAL,nao,,,9,35,1800,2026-09-01
2025,2025-05-12,4,SOLENE,FECHADA,PRESENCIAL,nao,,,9,35,1801,2026-09-01
2025,2025-05-13,8,EXTRAORDINARIA,FECHADA,PRESENCIAL,sim,20,sim,9,35,1797,2026-09-01
2025,2025-05-13,39,ORDINARIA,FECHADA,PRESENCIAL,sim,23,sim,9,35,1802,2026-09-01
2025,2025-05-14,5,SOLENE,FECHADA,PRESENCIAL,nao,,,9,35,1804,2026-09-01
2025,2025-05-14,6,SOLENE,FECHADA,PRESENCIAL,nao,,,9,35,1808,2026-09-01
2025,2025-05-14,40,ORDINARIA,FECHADA,PRESENCIAL,sim,21,sim,9,35,1805,2026-09-01
2025,2025-05-15,7,SOLENE,FECHADA,PRESENCIAL,nao,,,9,35,1809,2026-09-01
2025,2025-05-15,8,SOLENE,FECHADA,PRESENCIAL,nao,,,9,35,1810,2026-09-01
2025,2025-05-15,41,ORDINARIA,FECHADA,PRESENCIAL,nao,,,9,35,1806,2026-09-01
2025,2025-05-16,9,SOLENE,FECHADA,PRESENCIAL,nao,,,9,35,1811,2026-09-01
2025,2025-05-19,10,SOLENE,FECHADA,PRESENCIAL,nao,,,9,35,1812,2026-09-01
2025,2025-05-19,11,SOLENE,FECHADA,PRESENCIAL,nao,,,9,35,1814,2026-09-01
2025,2025-05-20,9,EXTRAORDINARIA,FECHADA,PRESENCIAL,sim,19,sim,9,35,1803,2026-09-01
2025,2025-05-20,12,SOLENE,FECHADA,PRESENCIAL,nao,,,9,35,1815,2026-09-01
2025,2025-05-20,13,SOLENE,FECHADA,PRESENCIAL,nao,,,9,35,1816,2026-09-01
2025,2025-05-20,42,ORDINARIA,FECHADA,PRESENCIAL,sim,23,sim,9,35,1813,2026-09-01
2025,2025-05-21,14,SOLENE,FECHADA,PRESENCIAL,nao,,,9,35,1818,2026-09-01
2025,2025-05-21,43,ORDINARIA,FECHADA,PRESENCIAL,sim,13,sim,9,35,1817,2026-09-01
2025,2025-05-22,44,ORDINARIA,FECHADA,PRESENCIAL,sim,1,nao,9,35,1819,2026-09-01
2025,2025-05-26,15,SOLENE,FECHADA,PRESENCIAL,nao,,,9,35,1821,2026-09-01
2025,2025-05-26,16,SOLENE,FECHADA,PRESENCIAL,nao,,,9,35,1822,2026-09-01
2025,2025-05-27,10,EXTRAORDINARIA,FECHADA,PRESENCIAL,sim,22,sim,9,35,1807,2026-09-01
2025,2025-05-27,11,EXTRAORDINARIA,FECHADA,PRESENCIAL,sim,16,sim,9,35,1825,2026-09-01
2025,2025-05-27,16,SOLENE,FECHADA,PRESENCIAL,nao,,,9,35,1823,2026-09-01
2025,2025-05-27,17,SOLENE,FECHADA,PRESENCIAL,nao,,,9,35,1824,2026-09-01
2025,2025-05-27,18,SOLENE,FECHADA,PRESENCIAL,nao,,,9,35,1826,2026-09-01
2025,2025-05-27,45,ORDINARIA,FECHADA,PRESENCIAL,sim,22,sim,9,35,1820,2026-09-01
2025,2025-05-28,19,SOLENE,FECHADA,PRESENCIAL,nao,,,9,35,1828,2026-09-01
2025,2025-05-28,46,ORDINARIA,FECHADA,PRESENCIAL,sim,12,nao,9,35,1827,2026-09-01
2025,2025-05-29,6,ORDINARIA,FECHADA,PRESENCIAL,sim,2,nao,9,35,1829,2026-09-01
2025,2025-05-29,47,ORDINARIA,FECHADA,PRESENCIAL,sim,1,nao,9,35,1830,2026-09-01
2025,2025-05-30,20,SOLENE,FECHADA,PRESENCIAL,nao,,,9,35,1831,2026-09-01
2025,2025-05-30,21,SOLENE,FECHADA,PRESENCIAL,nao,,,9,35,1832,2026-09-01
2025,2025-06-03,22,SOLENE,FECHADA,PRESENCIAL,nao,,,9,35,1835,2026-09-01
2025,2025-06-03,48,ORDINARIA,FECHADA,PRESENCIAL,sim,20,sim,9,35,1833,2026-09-01
2025,2025-06-04,23,SOLENE,FECHADA,PRESENCIAL,nao,,,9,35,1837,2026-09-01
2025,2025-06-04,49,ORDINARIA,FECHADA,PRESENCIAL,sim,17,sim,9,35,1836,2026-09-01
2025,2025-06-05,24,SOLENE,FECHADA,PRESENCIAL,nao,,,9,35,1839,2026-09-01
2025,2025-06-05,50,ORDINARIA,FECHADA,PRESENCIAL,sim,9,nao,9,35,1838,2026-09-01
2025,2025-06-06,25,SOLENE,FECHADA,PRESENCIAL,nao,,,9,35,1840,2026-09-01
2025,2025-06-06,26,SOLENE,FECHADA,PRESENCIAL,nao,,,9,35,1841,2026-09-01
2025,2025-06-10,27,SOLENE,FECHADA,PRESENCIAL,nao,,,9,35,1843,2026-09-01
2025,2025-06-10,51,ORDINARIA,FECHADA,PRESENCIAL,sim,19,sim,9,35,1842,2026-09-01
2025,2025-06-11,28,SOLENE,FECHADA,PRESENCIAL,nao,,,9,35,1845,2026-09-01
2025,2025-06-11,52,ORDINARIA,FECHADA,PRESENCIAL,sim,17,sim,9,35,1844,2026-09-01
2025,2025-06-12,7,ORDINARIA,FECHADA,PRESENCIAL,sim,3,nao,9,35,1847,2026-09-01
2025,2025-06-12,53,ORDINARIA,FECHADA,PRESENCIAL,sim,1,nao,9,35,1846,2026-09-01
2025,2025-06-16,29,SOLENE,FECHADA,PRESENCIAL,nao,,,9,35,1849,2026-09-01
2025,2025-06-16,30,SOLENE,FECHADA,PRESENCIAL,nao,,,9,35,1850,2026-09-01
2025,2025-06-17,12,EXTRAORDINARIA,FECHADA,PRESENCIAL,sim,20,sim,9,35,1834,2026-09-01
2025,2025-06-17,13,EXTRAORDINARIA,FECHADA,PRESENCIAL,sim,16,sim,9,35,1851,2026-09-01
2025,2025-06-17,31,SOLENE,FECHADA,PRESENCIAL,nao,,,9,35,1852,2026-09-01
2025,2025-06-17,54,ORDINARIA,FECHADA,PRESENCIAL,sim,21,sim,9,35,1848,2026-09-01
2025,2025-06-18,32,SOLENE,FECHADA,PRESENCIAL,nao,,,9,35,1853,2026-09-01
2025,2025-06-18,55,ORDINARIA,FECHADA,PRESENCIAL,sim,13,sim,9,35,1854,2026-09-01
2025,2025-06-23,33,SOLENE,FECHADA,PRESENCIAL,nao,,,9,35,1855,2026-09-01
2025,2025-06-24,14,EXTRAORDINARIA,FECHADA,PRESENCIAL,sim,19,sim,9,35,1858,2026-09-01
2025,2025-06-24,34,SOLENE,FECHADA,PRESENCIAL,nao,,,9,35,1857,2026-09-01
2025,2025-06-24,56,ORDINARIA,FECHADA,PRESENCIAL,sim,21,sim,9,35,1856,2026-09-01
2025,2025-06-25,35,SOLENE,FECHADA,PRESENCIAL,nao,,,9,35,1860,2026-09-01
2025,2025-06-25,35,SOLENE,FECHADA,PRESENCIAL,nao,,,9,35,1861,2026-09-01
2025,2025-06-25,36,SOLENE,FECHADA,PRESENCIAL,nao,,,9,35,1863,2026-09-01
2025,2025-06-25,57,ORDINARIA,FECHADA,PRESENCIAL,sim,1,nao,9,35,1862,2026-09-01
2025,2025-06-26,8,ORDINARIA,FECHADA,PRESENCIAL,sim,3,nao,9,35,1864,2026-09-01
2025,2025-06-26,58,ORDINARIA,FECHADA,PRESENCIAL,sim,1,nao,9,35,1865,2026-09-01
2025,2025-06-30,37,SOLENE,FECHADA,PRESENCIAL,nao,,,9,35,1866,2026-09-01
2025,2025-06-30,38,SOLENE,FECHADA,PRESENCIAL,nao,,,9,35,1867,2026-09-01
2025,2025-08-04,39,SOLENE,FECHADA,PRESENCIAL,nao,,,9,35,1868,2026-09-01
2025,2025-08-04,40,SOLENE,FECHADA,PRESENCIAL,nao,,,9,35,1869,2026-09-01
2025,2025-08-05,41,SOLENE,FECHADA,PRESENCIAL,nao,,,9,35,1871,2026-09-01
2025,2025-08-05,59,ORDINARIA,FECHADA,PRESENCIAL,sim,15,sim,9,35,1870,2026-09-01
2025,2025-08-06,42,SOLENE,FECHADA,PRESENCIAL,nao,,,9,35,1872,2026-09-01
2025,2025-08-06,60,ORDINARIA,FECHADA,PRESENCIAL,sim,15,sim,9,35,1873,2026-09-01
2025,2025-08-07,15,EXTRAORDINARIA,FECHADA,PRESENCIAL,sim,16,sim,9,35,1859,2026-09-01
2025,2025-08-07,16,EXTRAORDINARIA,FECHADA,PRESENCIAL,sim,15,sim,9,35,1876,2026-09-01
2025,2025-08-07,43,SOLENE,FECHADA,PRESENCIAL,nao,,,9,35,1874,2026-09-01
2025,2025-08-07,44,SOLENE,FECHADA,PRESENCIAL,nao,,,9,35,1877,2026-09-01
2025,2025-08-07,61,ORDINARIA,FECHADA,PRESENCIAL,sim,6,nao,9,35,1875,2026-09-01
2025,2025-08-08,45,SOLENE,FECHADA,PRESENCIAL,nao,,,9,35,1878,2026-09-01
2025,2025-08-12,17,EXTRAORDINARIA,FECHADA,PRESENCIAL,sim,17,sim,9,35,1880,2026-09-01
2025,2025-08-12,62,ORDINARIA,FECHADA,PRESENCIAL,sim,18,sim,9,35,1879,2026-09-01
2025,2025-08-13,46,SOLENE,FECHADA,PRESENCIAL,nao,,,9,35,1881,2026-09-01
2025,2025-08-13,47,SOLENE,FECHADA,PRESENCIAL,nao,,,9,35,1883,2026-09-01
2025,2025-08-13,63,ORDINARIA,FECHADA,PRESENCIAL,sim,16,sim,9,35,1882,2026-09-01
2025,2025-08-14,9,ORDINARIA,FECHADA,PRESENCIAL,sim,4,nao,9,35,1884,2026-09-01
2025,2025-08-14,48,SOLENE,FECHADA,PRESENCIAL,nao,,,9,35,1886,2026-09-01
2025,2025-08-14,64,ORDINARIA,FECHADA,PRESENCIAL,sim,4,nao,9,35,1885,2026-09-01
2025,2025-08-18,48,SOLENE,FECHADA,PRESENCIAL,nao,,,9,35,1887,2026-09-01
2025,2025-08-18,49,SOLENE,FECHADA,PRESENCIAL,nao,,,9,35,1888,2026-09-01
2025,2025-08-18,50,SOLENE,FECHADA,PRESENCIAL,nao,,,9,35,1889,2026-09-01
2025,2025-08-19,18,EXTRAORDINARIA,FECHADA,PRESENCIAL,sim,22,sim,9,35,1892,2026-09-01
2025,2025-08-19,51,SOLENE,FECHADA,PRESENCIAL,nao,,,9,35,1890,2026-09-01
2025,2025-08-19,52,SOLENE,FECHADA,PRESENCIAL,nao,,,9,35,1893,2026-09-01
2025,2025-08-19,65,ORDINARIA,FECHADA,PRESENCIAL,sim,22,sim,9,35,1891,2026-09-01
2025,2025-08-20,53,SOLENE,FECHADA,PRESENCIAL,nao,,,9,35,1894,2026-09-01
2025,2025-08-20,66,ORDINARIA,FECHADA,PRESENCIAL,sim,19,sim,9,35,1895,2026-09-01
2025,2025-08-21,54,SOLENE,FECHADA,PRESENCIAL,sim,2,nao,9,35,1897,2026-09-01
2025,2025-08-22,55,SOLENE,FECHADA,PRESENCIAL,nao,,,9,35,1898,2026-09-01
2025,2025-08-22,56,SOLENE,FECHADA,PRESENCIAL,sim,1,nao,9,35,1899,2026-09-01
2025,2025-08-22,57,SOLENE,FECHADA,PRESENCIAL,nao,,,9,35,1900,2026-09-01
2025,2025-08-25,58,SOLENE,FECHADA,PRESENCIAL,nao,,,9,35,1901,2026-09-01
2025,2025-08-25,59,SOLENE,FECHADA,PRESENCIAL,nao,,,9,35,1902,2026-09-01
2025,2025-08-26,19,EXTRAORDINARIA,FECHADA,PRESENCIAL,sim,18,sim,9,35,1896,2026-09-01
2025,2025-08-26,68,ORDINARIA,FECHADA,PRESENCIAL,sim,23,sim,9,35,1903,2026-09-01
2025,2025-08-27,69,ORDINARIA,FECHADA,PRESENCIAL,sim,21,sim,9,35,1904,2026-09-01
2025,2025-08-28,10,ORDINARIA,FECHADA,PRESENCIAL,sim,3,nao,9,35,1906,2026-09-01
2025,2025-08-28,70,ORDINARIA,FECHADA,PRESENCIAL,sim,1,nao,9,35,1907,2026-09-01
2025,2025-08-29,60,SOLENE,FECHADA,PRESENCIAL,nao,,,9,35,1908,2026-09-01
2025,2025-09-01,61,SOLENE,FECHADA,PRESENCIAL,nao,,,9,35,1909,2026-09-01
2025,2025-09-02,62,SOLENE,FECHADA,PRESENCIAL,nao,,,9,35,1910,2026-09-01
2025,2025-09-02,71,ORDINARIA,FECHADA,PRESENCIAL,sim,22,sim,9,35,1911,2026-09-01
2025,2025-09-03,63,SOLENE,FECHADA,PRESENCIAL,nao,,,9,35,1912,2026-09-01
2025,2025-09-03,72,ORDINARIA,FECHADA,PRESENCIAL,sim,16,sim,9,35,1913,2026-09-01
2025,2025-09-04,11,ORDINARIA,FECHADA,PRESENCIAL,sim,1,nao,9,35,1915,2026-09-01
2025,2025-09-04,73,ORDINARIA,FECHADA,PRESENCIAL,sim,1,nao,9,35,1914,2026-09-01
2025,2025-09-09,20,EXTRAORDINARIA,FECHADA,PRESENCIAL,sim,16,sim,9,35,1905,2026-09-01
2025,2025-09-09,74,ORDINARIA,FECHADA,PRESENCIAL,sim,20,sim,9,35,1916,2026-09-01
2025,2025-09-10,64,SOLENE,FECHADA,PRESENCIAL,nao,,,9,35,1918,2026-09-01
2025,2025-09-10,75,ORDINARIA,FECHADA,PRESENCIAL,sim,18,sim,9,35,1917,2026-09-01
2025,2025-09-11,12,ORDINARIA,FECHADA,PRESENCIAL,sim,4,nao,9,35,1919,2026-09-01
2025,2025-09-11,65,SOLENE,FECHADA,PRESENCIAL,nao,,,9,35,1921,2026-09-01
2025,2025-09-11,76,ORDINARIA,FECHADA,PRESENCIAL,sim,4,nao,9,35,1920,2026-09-01
2025,2025-09-12,66,SOLENE,FECHADA,PRESENCIAL,nao,,,9,35,1922,2026-09-01
2025,2025-09-12,67,SOLENE,FECHADA,PRESENCIAL,nao,,,9,35,1923,2026-09-01
2025,2025-09-15,68,SOLENE,FECHADA,PRESENCIAL,nao,,,9,35,1924,2026-09-01
2025,2025-09-15,69,SOLENE,FECHADA,PRESENCIAL,nao,,,9,35,1925,2026-09-01
2025,2025-09-16,21,EXTRAORDINARIA,FECHADA,PRESENCIAL,sim,17,sim,9,35,1928,2026-09-01
2025,2025-09-16,70,SOLENE,FECHADA,PRESENCIAL,nao,,,9,35,1926,2026-09-01
2025,2025-09-16,77,ORDINARIA,FECHADA,PRESENCIAL,sim,22,sim,9,35,1927,2026-09-01
2025,2025-09-17,71,SOLENE,FECHADA,PRESENCIAL,nao,,,9,35,1931,2026-09-01
2025,2025-09-17,78,ORDINARIA,FECHADA,PRESENCIAL,sim,19,sim,9,35,1930,2026-09-01
2025,2025-09-18,13,ORDINARIA,FECHADA,PRESENCIAL,sim,3,nao,9,35,1932,2026-09-01
2025,2025-09-18,72,SOLENE,FECHADA,PRESENCIAL,nao,,,9,35,1934,2026-09-01
2025,2025-09-18,79,ORDINARIA,FECHADA,PRESENCIAL,sim,1,nao,9,35,1933,2026-09-01
2025,2025-09-19,73,SOLENE,FECHADA,PRESENCIAL,nao,,,9,35,1935,2026-09-01
2025,2025-09-22,74,SOLENE,FECHADA,PRESENCIAL,nao,,,9,35,1936,2026-09-01
2025,2025-09-22,74,SOLENE,FECHADA,PRESENCIAL,nao,,,9,35,1937,2026-09-01
2025,2025-09-23,22,EXTRAORDINARIA,FECHADA,PRESENCIAL,sim,13,sim,9,35,1929,2026-09-01
2025,2025-09-23,75,SOLENE,FECHADA,PRESENCIAL,nao,,,9,35,1938,2026-09-01
2025,2025-09-23,76,SOLENE,FECHADA,PRESENCIAL,nao,,,9,35,1940,2026-09-01
2025,2025-09-23,80,ORDINARIA,FECHADA,PRESENCIAL,sim,23,sim,9,35,1939,2026-09-01
2025,2025-09-24,77,SOLENE,FECHADA,PRESENCIAL,nao,,,9,35,1943,2026-09-01
2025,2025-09-24,81,ORDINARIA,FECHADA,PRESENCIAL,sim,19,sim,9,35,1941,2026-09-01
2025,2025-09-25,14,ORDINARIA,FECHADA,PRESENCIAL,sim,3,nao,9,35,1944,2026-09-01
2025,2025-09-25,82,ORDINARIA,FECHADA,PRESENCIAL,sim,1,nao,9,35,1945,2026-09-01
2025,2025-09-26,78,SOLENE,FECHADA,PRESENCIAL,nao,,,9,35,1946,2026-09-01
2025,2025-09-26,79,SOLENE,FECHADA,PRESENCIAL,nao,,,9,35,1947,2026-09-01
2025,2025-09-29,23,EXTRAORDINARIA,FECHADA,PRESENCIAL,nao,,,9,35,1942,2026-09-01
2025,2025-09-29,80,SOLENE,FECHADA,PRESENCIAL,nao,,,9,35,1948,2026-09-01
2025,2025-09-29,81,SOLENE,FECHADA,PRESENCIAL,nao,,,9,35,1949,2026-09-01
2025,2025-09-30,23,EXTRAORDINARIA,FECHADA,PRESENCIAL,sim,21,sim,9,35,1951,2026-09-01
2025,2025-09-30,82,SOLENE,FECHADA,PRESENCIAL,nao,,,9,35,1952,2026-09-01
2025,2025-09-30,83,ORDINARIA,FECHADA,PRESENCIAL,sim,21,sim,9,35,1950,2026-09-01
2025,2025-10-01,83,SOLENE,FECHADA,PRESENCIAL,nao,,,9,35,1953,2026-09-01
2025,2025-10-01,84,ORDINARIA,FECHADA,PRESENCIAL,sim,1,nao,9,35,1954,2026-09-01
2025,2025-10-01,84,SOLENE,FECHADA,PRESENCIAL,nao,,,9,35,1955,2026-09-01
2025,2025-10-02,85,ORDINARIA,FECHADA,PRESENCIAL,sim,1,nao,9,35,1956,2026-09-01
2025,2025-10-02,85,SOLENE,FECHADA,PRESENCIAL,nao,,,9,35,1957,2026-09-01
2025,2025-10-03,86,SOLENE,FECHADA,PRESENCIAL,nao,,,9,35,1958,2026-09-01
2025,2025-10-06,87,SOLENE,FECHADA,PRESENCIAL,nao,,,9,35,1959,2026-09-01
2025,2025-10-06,88,SOLENE,FECHADA,PRESENCIAL,nao,,,9,35,1960,2026-09-01
2025,2025-10-06,89,SOLENE,FECHADA,PRESENCIAL,nao,,,9,35,1961,2026-09-01
2025,2025-10-07,86,ORDINARIA,FECHADA,PRESENCIAL,sim,16,sim,9,35,1963,2026-09-01
2025,2025-10-07,90,SOLENE,FECHADA,PRESENCIAL,nao,,,9,35,1962,2026-09-01
2025,2025-10-08,24,EXTRAORDINARIA,FECHADA,PRESENCIAL,sim,19,sim,9,35,1964,2026-09-01
2025,2025-10-08,87,ORDINARIA,FECHADA,PRESENCIAL,sim,22,sim,9,35,1966,2026-09-01
2025,2025-10-08,91,SOLENE,FECHADA,PRESENCIAL,nao,,,9,35,1965,2026-09-01
2025,2025-10-09,15,ORDINARIA,FECHADA,PRESENCIAL,sim,3,nao,9,35,1967,2026-09-01
2025,2025-10-09,88,ORDINARIA,FECHADA,PRESENCIAL,sim,1,nao,9,35,1968,2026-09-01
2025,2025-10-09,92,SOLENE,FECHADA,PRESENCIAL,nao,,,9,35,1969,2026-09-01
2025,2025-10-10,93,SOLENE,FECHADA,PRESENCIAL,nao,,,9,35,1970,2026-09-01
2025,2025-10-10,94,SOLENE,FECHADA,PRESENCIAL,nao,,,9,35,1971,2026-09-01
2025,2025-10-10,95,SOLENE,FECHADA,PRESENCIAL,nao,,,9,35,1972,2026-09-01
2025,2025-10-13,95,SOLENE,FECHADA,PRESENCIAL,nao,,,9,35,1973,2026-09-01
2025,2025-10-14,89,ORDINARIA,FECHADA,PRESENCIAL,sim,20,sim,9,35,1974,2026-09-01
2025,2025-10-14,96,SOLENE,FECHADA,PRESENCIAL,nao,,,9,35,1976,2026-09-01
2025,2025-10-15,25,EXTRAORDINARIA,FECHADA,PRESENCIAL,sim,13,sim,9,35,1975,2026-09-01
2025,2025-10-15,90,ORDINARIA,FECHADA,PRESENCIAL,sim,20,sim,9,35,1977,2026-09-01
2025,2025-10-15,97,SOLENE,FECHADA,PRESENCIAL,nao,,,9,35,1978,2026-09-01
2025,2025-10-16,91,ORDINARIA,FECHADA,PRESENCIAL,sim,1,nao,9,35,1979,2026-09-01
2025,2025-10-16,98,SOLENE,FECHADA,PRESENCIAL,nao,,,9,35,1980,2026-09-01
2025,2025-10-17,99,SOLENE,FECHADA,PRESENCIAL,nao,,,9,35,1981,2026-09-01
2025,2025-10-17,100,SOLENE,FECHADA,PRESENCIAL,nao,,,9,35,1982,2026-09-01
2025,2025-10-20,101,SOLENE,FECHADA,PRESENCIAL,nao,,,9,35,1983,2026-09-01
2025,2025-10-21,26,EXTRAORDINARIA,FECHADA,PRESENCIAL,sim,20,sim,9,35,1986,2026-09-01
2025,2025-10-21,92,ORDINARIA,FECHADA,PRESENCIAL,sim,21,sim,9,35,1985,2026-09-01
2025,2025-10-21,102,SOLENE,FECHADA,PRESENCIAL,nao,,,9,35,1984,2026-09-01
2025,2025-10-22,93,ORDINARIA,FECHADA,PRESENCIAL,sim,12,nao,9,35,1988,2026-09-01
2025,2025-10-22,103,SOLENE,FECHADA,PRESENCIAL,nao,,,9,35,1987,2026-09-01
2025,2025-10-23,94,ORDINARIA,FECHADA,PRESENCIAL,sim,1,nao,9,35,1990,2026-09-01
2025,2025-10-24,104,SOLENE,FECHADA,PRESENCIAL,nao,,,9,35,1991,2026-09-01
2025,2025-10-29,95,ORDINARIA,FECHADA,PRESENCIAL,sim,19,sim,9,35,1992,2026-09-01
2025,2025-10-29,105,SOLENE,FECHADA,PRESENCIAL,nao,,,9,35,1993,2026-09-01
2025,2025-10-30,16,ORDINARIA,FECHADA,PRESENCIAL,sim,5,nao,9,35,1994,2026-09-01
2025,2025-10-30,96,ORDINARIA,FECHADA,PRESENCIAL,sim,3,nao,9,35,1995,2026-09-01
2025,2025-10-30,106,SOLENE,FECHADA,PRESENCIAL,nao,,,9,35,1996,2026-09-01
2025,2025-10-31,107,SOLENE,FECHADA,PRESENCIAL,nao,,,9,35,1997,2026-09-01
2025,2025-11-03,108,SOLENE,FECHADA,PRESENCIAL,nao,,,9,35,1998,2026-09-01
2025,2025-11-04,27,EXTRAORDINARIA,FECHADA,PRESENCIAL,sim,20,sim,9,35,1989,2026-09-01
2025,2025-11-04,97,ORDINARIA,FECHADA,PRESENCIAL,sim,23,sim,9,35,2000,2026-09-01
2025,2025-11-04,109,SOLENE,FECHADA,PRESENCIAL,nao,,,9,35,1999,2026-09-01
2025,2025-11-04,110,SOLENE,FECHADA,PRESENCIAL,nao,,,9,35,2001,2026-09-01
2025,2025-11-05,98,ORDINARIA,FECHADA,PRESENCIAL,sim,21,sim,9,35,2003,2026-09-01
2025,2025-11-05,111,SOLENE,FECHADA,PRESENCIAL,nao,,,9,35,2002,2026-09-01
2025,2025-11-05,112,SOLENE,FECHADA,PRESENCIAL,nao,,,9,35,2005,2026-09-01
2025,2025-11-06,99,ORDINARIA,FECHADA,PRESENCIAL,sim,1,nao,9,35,2006,2026-09-01
2025,2025-11-06,113,SOLENE,FECHADA,PRESENCIAL,nao,,,9,35,2007,2026-09-01
2025,2025-11-07,114,SOLENE,FECHADA,PRESENCIAL,nao,,,9,35,2008,2026-09-01
2025,2025-11-07,115,SOLENE,FECHADA,PRESENCIAL,nao,,,9,35,2009,2026-09-01
2025,2025-11-10,116,SOLENE,FECHADA,PRESENCIAL,nao,,,9,35,2010,2026-09-01
2025,2025-11-10,117,SOLENE,FECHADA,PRESENCIAL,nao,,,9,35,2011,2026-09-01
2025,2025-11-11,28,EXTRAORDINARIA,FECHADA,PRESENCIAL,sim,20,sim,9,35,2004,2026-09-01
2025,2025-11-11,29,EXTRAORDINARIA,FECHADA,PRESENCIAL,sim,20,sim,9,35,2014,2026-09-01
2025,2025-11-11,30,EXTRAORDINARIA,FECHADA,PRESENCIAL,sim,14,sim,9,35,2015,2026-09-01
2025,2025-11-11,100,ORDINARIA,FECHADA,PRESENCIAL,sim,21,sim,9,35,2013,2026-09-01
2025,2025-11-11,118,SOLENE,FECHADA,PRESENCIAL,nao,,,9,35,2012,2026-09-01
2025,2025-11-11,119,SOLENE,FECHADA,PRESENCIAL,nao,,,9,35,2016,2026-09-01
2025,2025-11-12,101,ORDINARIA,FECHADA,PRESENCIAL,sim,15,sim,9,35,2018,2026-09-01
2025,2025-11-12,120,SOLENE,FECHADA,PRESENCIAL,nao,,,9,35,2017,2026-09-01
2025,2025-11-12,121,SOLENE,FECHADA,PRESENCIAL,nao,,,9,35,2019,2026-09-01
2025,2025-11-13,102,ORDINARIA,FECHADA,PRESENCIAL,sim,2,nao,9,35,2020,2026-09-01
2025,2025-11-14,122,SOLENE,FECHADA,PRESENCIAL,nao,,,9,35,2021,2026-09-01
2025,2025-11-17,123,SOLENE,FECHADA,PRESENCIAL,nao,,,9,35,2022,2026-09-01
2025,2025-11-17,124,SOLENE,FECHADA,PRESENCIAL,nao,,,9,35,2023,2026-09-01
2025,2025-11-17,125,SOLENE,FECHADA,PRESENCIAL,nao,,,9,35,2024,2026-09-01
2025,2025-11-17,126,SOLENE,FECHADA,PRESENCIAL,nao,,,9,35,2025,2026-09-01
2025,2025-11-18,103,ORDINARIA,FECHADA,PRESENCIAL,sim,16,sim,9,35,2027,2026-09-01
2025,2025-11-18,127,SOLENE,FECHADA,PRESENCIAL,nao,,,9,35,2026,2026-09-01
2025,2025-11-18,128,SOLENE,FECHADA,PRESENCIAL,nao,,,9,35,2029,2026-09-01
2025,2025-11-19,104,ORDINARIA,FECHADA,PRESENCIAL,sim,11,nao,9,35,2030,2026-09-01
2025,2025-11-19,129,SOLENE,FECHADA,PRESENCIAL,nao,,,9,35,2031,2026-09-01
2025,2025-11-24,130,SOLENE,FECHADA,PRESENCIAL,nao,,,9,35,2032,2026-09-01
2025,2025-11-24,131,SOLENE,FECHADA,PRESENCIAL,nao,,,9,35,2033,2026-09-01
2025,2025-11-25,31,EXTRAORDINARIA,FECHADA,PRESENCIAL,sim,23,sim,9,35,2028,2026-09-01
2025,2025-11-25,105,ORDINARIA,FECHADA,PRESENCIAL,sim,24,sim,9,35,2034,2026-09-01
2025,2025-11-26,32,EXTRAORDINARIA,FECHADA,PRESENCIAL,sim,13,sim,9,35,2035,2026-09-01
2025,2025-11-26,33,EXTRAORDINARIA,FECHADA,PRESENCIAL,sim,13,sim,9,35,2038,2026-09-01
2025,2025-11-26,106,ORDINARIA,FECHADA,PRESENCIAL,sim,20,sim,9,35,2037,2026-09-01
2025,2025-11-26,132,SOLENE,FECHADA,PRESENCIAL,nao,,,9,35,2036,2026-09-01
2025,2025-11-27,17,ORDINARIA,FECHADA,PRESENCIAL,sim,1,nao,9,35,2039,2026-09-01
2025,2025-11-27,107,ORDINARIA,FECHADA,PRESENCIAL,sim,2,nao,9,35,2040,2026-09-01
2025,2025-11-28,133,SOLENE,FECHADA,PRESENCIAL,nao,,,9,35,2041,2026-09-01
2025,2025-11-28,134,SOLENE,FECHADA,PRESENCIAL,nao,,,9,35,2042,2026-09-01
2025,2025-12-01,135,SOLENE,FECHADA,PRESENCIAL,nao,,,9,35,2043,2026-09-01
2025,2025-12-02,34,EXTRAORDINARIA,FECHADA,PRESENCIAL,sim,16,sim,9,35,2046,2026-09-01
2025,2025-12-02,108,ORDINARIA,FECHADA,PRESENCIAL,sim,22,sim,9,35,2045,2026-09-01
2025,2025-12-02,135,SOLENE,FECHADA,PRESENCIAL,nao,,,9,35,2044,2026-09-01
2025,2025-12-02,136,SOLENE,FECHADA,PRESENCIAL,nao,,,9,35,2048,2026-09-01
2025,2025-12-03,35,EXTRAORDINARIA,FECHADA,PRESENCIAL,sim,20,sim,9,35,2047,2026-09-01
2025,2025-12-03,109,ORDINARIA,FECHADA,PRESENCIAL,sim,21,sim,9,35,2050,2026-09-01
2025,2025-12-03,137,SOLENE,FECHADA,PRESENCIAL,nao,,,9,35,2049,2026-09-01
2025,2025-12-03,138,SOLENE,FECHADA,PRESENCIAL,nao,,,9,35,2051,2026-09-01
2025,2025-12-04,110,ORDINARIA,FECHADA,PRESENCIAL,sim,1,nao,9,35,2053,2026-09-01
2025,2025-12-04,139,SOLENE,FECHADA,PRESENCIAL,nao,,,9,35,2052,2026-09-01
2025,2025-12-04,140,SOLENE,FECHADA,PRESENCIAL,nao,,,9,35,2054,2026-09-01
2025,2025-12-05,141,SOLENE,FECHADA,PRESENCIAL,nao,,,9,35,2055,2026-09-01
2025,2025-12-08,142,SOLENE,FECHADA,PRESENCIAL,nao,,,9,35,2056,2026-09-01
2025,2025-12-09,36,EXTRAORDINARIA,FECHADA,PRESENCIAL,sim,23,sim,9,35,2058,2026-09-01
2025,2025-12-09,111,ORDINARIA,FECHADA,PRESENCIAL,sim,24,sim,9,35,2057,2026-09-01
2025,2025-12-09,143,SOLENE,FECHADA,PRESENCIAL,nao,,,9,35,2059,2026-09-01
2025,2025-12-10,37,EXTRAORDINARIA,FECHADA,PRESENCIAL,sim,24,sim,9,35,2060,2026-09-01
2025,2025-12-10,38,EXTRAORDINARIA,FECHADA,PRESENCIAL,sim,24,sim,9,35,2061,2026-09-01
2025,2025-12-10,39,EXTRAORDINARIA,FECHADA,PRESENCIAL,sim,21,sim,9,35,2062,2026-09-01
2025,2025-12-11,144,SOLENE,FECHADA,PRESENCIAL,nao,,,9,35,2063,2026-09-01
2025,2025-12-11,145,SOLENE,FECHADA,PRESENCIAL,nao,,,9,35,2064,2026-09-01
2025,2025-12-15,18,ORDINARIA,FECHADA,PRESENCIAL,sim,5,nao,9,35,2065,2026-09-01
2025,2025-12-23,1,EXTRAORDINARIA,FECHADA,PRESENCIAL,sim,24,sim,9,35,2066,2026-09-01
2025,2025-12-23,2,EXTRAORDINARIA,FECHADA,PRESENCIAL,sim,23,sim,9,35,2067,2026-09-01
2026,2026-02-02,146,SOLENE,FECHADA,PRESENCIAL,nao,,,9,36,2068,2026-09-01
2026,2026-02-03,1,ORDINARIA,FECHADA,PRESENCIAL,sim,21,sim,9,36,2069,2026-09-01
2026,2026-02-04,2,ORDINARIA,FECHADA,PRESENCIAL,sim,19,sim,9,36,2070,2026-09-01
2026,2026-02-04,147,SOLENE,FECHADA,PRESENCIAL,nao,,,9,36,2071,2026-09-01
2026,2026-02-05,3,ORDINARIA,FECHADA,PRESENCIAL,sim,1,nao,9,36,2072,2026-09-01
2026,2026-02-06,148,SOLENE,FECHADA,PRESENCIAL,nao,,,9,36,2073,2026-09-01
2026,2026-02-10,1,EXTRAORDINARIA,FECHADA,PRESENCIAL,sim,16,sim,9,36,2075,2026-09-01
2026,2026-02-10,4,ORDINARIA,FECHADA,PRESENCIAL,sim,22,sim,9,36,2074,2026-09-01
2026,2026-02-10,149,SOLENE,FECHADA,PRESENCIAL,nao,,,9,36,2076,2026-09-01
2026,2026-02-11,5,ORDINARIA,FECHADA,PRESENCIAL,sim,10,nao,9,36,2078,2026-09-01
2026,2026-02-11,150,SOLENE,FECHADA,PRESENCIAL,nao,,,9,36,2077,2026-09-01
2026,2026-02-11,151,SOLENE,FECHADA,PRESENCIAL,nao,,,9,36,2080,2026-09-01
2026,2026-02-12,6,ORDINARIA,FECHADA,PRESENCIAL,sim,5,nao,9,36,2081,2026-09-01
2026,2026-02-19,7,ORDINARIA,FECHADA,PRESENCIAL,sim,9,nao,9,36,2082,2026-09-01
2026,2026-02-24,8,ORDINARIA,FECHADA,PRESENCIAL,sim,21,sim,9,36,2084,2026-09-01
2026,2026-02-24,152,SOLENE,FECHADA,PRESENCIAL,nao,,,9,36,2083,2026-09-01
2026,2026-02-25,9,ORDINARIA,FECHADA,PRESENCIAL,sim,19,sim,9,36,2085,2026-09-01
2026,2026-02-25,153,SOLENE,FECHADA,PRESENCIAL,nao,,,9,36,2086,2026-09-01
2026,2026-02-26,10,ORDINARIA,FECHADA,PRESENCIAL,sim,8,nao,9,36,2088,2026-09-01
2026,2026-02-26,154,SOLENE,FECHADA,PRESENCIAL,nao,,,9,36,2087,2026-09-01
2026,2026-02-26,155,SOLENE,FECHADA,PRESENCIAL,nao,,,9,36,2089,2026-09-01
2026,2026-02-27,156,SOLENE,FECHADA,PRESENCIAL,nao,,,9,36,2090,2026-09-01
2026,2026-03-02,157,SOLENE,FECHADA,PRESENCIAL,nao,,,9,36,2091,2026-09-01
2026,2026-03-03,2,EXTRAORDINARIA,FECHADA,PRESENCIAL,sim,24,sim,9,36,2079,2026-09-01
2026,2026-03-03,11,ORDINARIA,FECHADA,PRESENCIAL,sim,24,sim,9,36,2092,2026-09-01
2026,2026-03-04,12,ORDINARIA,FECHADA,PRESENCIAL,sim,16,sim,9,36,2093,2026-09-01
2026,2026-03-04,158,SOLENE,FECHADA,PRESENCIAL,nao,,,9,36,2094,2026-09-01
2026,2026-03-05,158,SOLENE,FECHADA,PRESENCIAL,nao,,,9,36,2095,2026-09-01
2026,2026-03-05,159,SOLENE,FECHADA,PRESENCIAL,sim,4,nao,9,36,2096,2026-09-01
2026,2026-03-05,160,SOLENE,FECHADA,PRESENCIAL,nao,,,9,36,2097,2026-09-01
2026,2026-03-10,13,ORDINARIA,FECHADA,PRESENCIAL,sim,18,sim,9,36,2171,2026-09-01
2026,2026-03-11,15,ORDINARIA,FECHADA,PRESENCIAL,sim,15,sim,9,36,2173,2026-09-01
2026,2026-03-11,161,SOLENE,FECHADA,PRESENCIAL,nao,,,9,36,2174,2026-09-01
2026,2026-03-12,16,ORDINARIA,FECHADA,PRESENCIAL,sim,1,nao,9,36,2176,2026-09-01
2026,2026-03-12,162,SOLENE,FECHADA,PRESENCIAL,nao,,,9,36,2175,2026-09-01
2026,2026-03-12,163,SOLENE,FECHADA,PRESENCIAL,nao,,,9,36,2177,2026-09-01
2026,2026-03-12,164,SOLENE,FECHADA,PRESENCIAL,nao,,,9,36,2178,2026-09-01
2026,2026-03-13,165,SOLENE,FECHADA,PRESENCIAL,nao,,,9,36,2179,2026-09-01
2026,2026-03-13,166,SOLENE,FECHADA,PRESENCIAL,nao,,,9,36,2180,2026-09-01
2026,2026-03-16,167,SOLENE,FECHADA,PRESENCIAL,nao,,,9,36,2181,2026-09-01
2026,2026-03-17,3,EXTRAORDINARIA,FECHADA,PRESENCIAL,sim,16,sim,9,36,2172,2026-09-01
2026,2026-03-17,17,ORDINARIA,FECHADA,PRESENCIAL,sim,20,sim,9,36,2126,2026-09-01
2026,2026-03-17,168,SOLENE,FECHADA,PRESENCIAL,nao,,,9,36,2182,2026-09-01
2026,2026-03-18,18,ORDINARIA,FECHADA,PRESENCIAL,sim,16,sim,9,36,2127,2026-09-01
2026,2026-03-18,169,SOLENE,FECHADA,PRESENCIAL,nao,,,9,36,2129,2026-09-01
2026,2026-03-19,19,ORDINARIA,FECHADA,PRESENCIAL,sim,4,nao,9,36,2131,2026-09-01
2026,2026-03-19,170,SOLENE,FECHADA,PRESENCIAL,nao,,,9,36,2130,2026-09-01
2026,2026-03-20,171,SOLENE,FECHADA,PRESENCIAL,nao,,,9,36,2132,2026-09-01
2026,2026-03-23,172,SOLENE,FECHADA,PRESENCIAL,nao,,,9,36,2133,2026-09-01
2026,2026-03-23,173,SOLENE,FECHADA,PRESENCIAL,nao,,,9,36,2134,2026-09-01
2026,2026-03-23,173,SOLENE,FECHADA,PRESENCIAL,nao,,,9,36,2135,2026-09-01
2026,2026-03-24,20,ORDINARIA,FECHADA,PRESENCIAL,sim,22,sim,9,36,2136,2026-09-01
2026,2026-03-24,174,SOLENE,FECHADA,PRESENCIAL,nao,,,9,36,2137,2026-09-01
2026,2026-03-25,4,EXTRAORDINARIA,FECHADA,PRESENCIAL,sim,21,sim,9,36,2128,2026-09-01
2026,2026-03-25,5,EXTRAORDINARIA,FECHADA,PRESENCIAL,sim,18,sim,9,36,2139,2026-09-01
2026,2026-03-25,21,ORDINARIA,FECHADA,PRESENCIAL,sim,23,sim,9,36,2138,2026-09-01
2026,2026-03-25,175,SOLENE,FECHADA,PRESENCIAL,nao,,,9,36,2140,2026-09-01
2026,2026-03-26,22,ORDINARIA,FECHADA,PRESENCIAL,sim,3,nao,9,36,2141,2026-09-01
2026,2026-03-27,176,SOLENE,FECHADA,PRESENCIAL,nao,,,9,36,2142,2026-09-01
2026,2026-03-27,177,SOLENE,FECHADA,PRESENCIAL,nao,,,9,36,2099,2026-09-01
2026,2026-03-30,178,SOLENE,FECHADA,PRESENCIAL,nao,,,9,36,2098,2026-09-01
2026,2026-03-30,179,SOLENE,FECHADA,PRESENCIAL,nao,,,9,36,2100,2026-09-01
2026,2026-03-31,6,EXTRAORDINARIA,FECHADA,PRESENCIAL,sim,19,sim,9,36,2101,2026-09-01
2026,2026-03-31,7,EXTRAORDINARIA,FECHADA,PRESENCIAL,sim,17,sim,9,36,2102,2026-09-01
2026,2026-03-31,23,ORDINARIA,FECHADA,PRESENCIAL,sim,21,sim,9,36,2143,2026-09-01
2026,2026-04-01,24,ORDINARIA,FECHADA,PRESENCIAL,sim,12,nao,9,36,2103,2026-09-01
2026,2026-04-01,180,SOLENE,FECHADA,PRESENCIAL,nao,,,9,36,2104,2026-09-01
2026,2026-04-07,25,ORDINARIA,FECHADA,PRESENCIAL,sim,23,sim,9,36,2106,2026-09-01
2026,2026-04-07,181,SOLENE,FECHADA,PRESENCIAL,nao,,,9,36,2105,2026-09-01
2026,2026-04-08,8,EXTRAORDINARIA,FECHADA,PRESENCIAL,sim,15,sim,9,36,2107,2026-09-01
2026,2026-04-08,26,ORDINARIA,FECHADA,PRESENCIAL,sim,16,sim,9,36,2108,2026-09-01
2026,2026-04-09,27,ORDINARIA,FECHADA,PRESENCIAL,sim,1,nao,9,36,2109,2026-09-01
2026,2026-04-09,182,SOLENE,FECHADA,PRESENCIAL,nao,,,9,36,2110,2026-09-01
2026,2026-04-10,183,SOLENE,FECHADA,PRESENCIAL,nao,,,9,36,2111,2026-09-01
2026,2026-04-14,9,EXTRAORDINARIA,FECHADA,PRESENCIAL,sim,13,sim,9,36,2113,2026-09-01
2026,2026-04-14,28,ORDINARIA,FECHADA,PRESENCIAL,sim,21,sim,9,36,2112,2026-09-01
2026,2026-04-15,29,ORDINARIA,FECHADA,PRESENCIAL,sim,13,sim,9,36,2114,2026-09-01
2026,2026-04-16,30,ORDINARIA,FECHADA,PRESENCIAL,sim,1,nao,9,36,2116,2026-09-01
2026,2026-04-17,184,SOLENE,FECHADA,PRESENCIAL,nao,,,9,36,2117,2026-09-01
2026,2026-04-22,31,ORDINARIA,FECHADA,PRESENCIAL,sim,14,sim,9,36,2118,2026-09-01
2026,2026-04-23,32,ORDINARIA,FECHADA,PRESENCIAL,sim,1,nao,9,36,2119,2026-09-01
2026,2026-04-24,185,SOLENE,FECHADA,PRESENCIAL,nao,,,9,36,2120,2026-09-01
2026,2026-04-27,186,SOLENE,FECHADA,PRESENCIAL,nao,,,9,36,2121,2026-09-01
2026,2026-04-28,33,ORDINARIA,FECHADA,PRESENCIAL,sim,17,sim,9,36,2122,2026-09-01
2026,2026-04-28,187,SOLENE,FECHADA,PRESENCIAL,nao,,,9,36,2123,2026-09-01
2026,2026-04-29,10,EXTRAORDINARIA,FECHADA,PRESENCIAL,sim,17,sim,9,36,2115,2026-09-01
2026,2026-04-29,34,ORDINARIA,FECHADA,PRESENCIAL,sim,20,sim,9,36,2125,2026-09-01
2026,2026-04-29,188,SOLENE,FECHADA,PRESENCIAL,nao,,,9,36,2124,2026-09-01
2026,2026-04-29,189,SOLENE,FECHADA,PRESENCIAL,nao,,,9,36,2144,2026-09-01
2026,2026-04-30,35,ORDINARIA,FECHADA,PRESENCIAL,sim,1,nao,9,36,2145,2026-09-01
2026,2026-05-04,190,SOLENE,FECHADA,PRESENCIAL,nao,,,9,36,2146,2026-09-01
2026,2026-05-04,191,SOLENE,FECHADA,PRESENCIAL,nao,,,9,36,2147,2026-09-01
2026,2026-05-05,36,ORDINARIA,FECHADA,PRESENCIAL,sim,23,sim,9,36,2148,2026-09-01
2026,2026-05-06,37,ORDINARIA,FECHADA,PRESENCIAL,sim,15,sim,9,36,2150,2026-09-01
2026,2026-05-06,192,SOLENE,FECHADA,PRESENCIAL,nao,,,9,36,2151,2026-09-01
2026,2026-05-07,38,ORDINARIA,FECHADA,PRESENCIAL,sim,2,nao,9,36,2152,2026-09-01
2026,2026-05-07,193,SOLENE,FECHADA,PRESENCIAL,nao,,,9,36,2153,2026-09-01
2026,2026-05-11,194,SOLENE,FECHADA,PRESENCIAL,nao,,,9,36,2154,2026-09-01
2026,2026-05-11,194,SOLENE,FECHADA,PRESENCIAL,nao,,,9,36,2155,2026-09-01
2026,2026-05-11,194,SOLENE,FECHADA,PRESENCIAL,nao,,,9,36,2156,2026-09-01
2026,2026-05-11,195,SOLENE,FECHADA,PRESENCIAL,nao,,,9,36,2157,2026-09-01
2026,2026-05-12,11,EXTRAORDINARIA,FECHADA,PRESENCIAL,sim,18,sim,9,36,2149,2026-09-01
2026,2026-05-12,39,ORDINARIA,FECHADA,PRESENCIAL,sim,23,sim,9,36,2159,2026-09-01
2026,2026-05-12,196,SOLENE,FECHADA,PRESENCIAL,nao,,,9,36,2158,2026-09-01
2026,2026-05-12,197,SOLENE,FECHADA,PRESENCIAL,nao,,,9,36,2160,2026-09-01
2026,2026-05-13,40,ORDINARIA,FECHADA,PRESENCIAL,sim,14,sim,9,36,2161,2026-09-01
2026,2026-05-13,198,SOLENE,FECHADA,PRESENCIAL,nao,,,9,36,2162,2026-09-01
2026,2026-05-14,41,ORDINARIA,FECHADA,PRESENCIAL,sim,1,nao,9,36,2163,2026-09-01
2026,2026-05-14,199,SOLENE,FECHADA,PRESENCIAL,nao,,,9,36,2164,2026-09-01
2026,2026-05-18,200,SOLENE,FECHADA,PRESENCIAL,nao,,,9,36,2165,2026-09-01
2026,2026-05-18,201,SOLENE,FECHADA,PRESENCIAL,nao,,,9,36,2166,2026-09-01
2026,2026-05-18,202,SOLENE,FECHADA,PRESENCIAL,nao,,,9,36,2167,2026-09-01
2026,2026-05-19,12,EXTRAORDINARIA,FECHADA,PRESENCIAL,sim,15,sim,9,36,2183,2026-09-01
2026,2026-05-19,42,ORDINARIA,FECHADA,PRESENCIAL,sim,19,sim,9,36,2170,2026-09-01
2026,2026-05-19,203,SOLENE,FECHADA,PRESENCIAL,nao,,,9,36,2168,2026-09-01
2026,2026-05-19,203,SOLENE,FECHADA,PRESENCIAL,nao,,,9,36,2169,2026-09-01
2026,2026-05-19,204,SOLENE,FECHADA,PRESENCIAL,nao,,,9,36,2184,2026-09-01
2026,2026-05-20,43,ORDINARIA,FECHADA,PRESENCIAL,sim,15,sim,9,36,2185,2026-09-01
2026,2026-05-20,205,SOLENE,FECHADA,PRESENCIAL,nao,,,9,36,2187,2026-09-01
2026,2026-05-21,44,ORDINARIA,FECHADA,PRESENCIAL,sim,1,nao,9,36,2188,2026-09-01
2026,2026-05-22,206,SOLENE,FECHADA,PRESENCIAL,nao,,,9,36,2189,2026-09-01
2026,2026-05-22,207,SOLENE,FECHADA,PRESENCIAL,nao,,,9,36,2190,2026-09-01
2026,2026-05-26,45,ORDINARIA,FECHADA,PRESENCIAL,sim,21,sim,9,36,2191,2026-09-01
2026,2026-05-27,46,ORDINARIA,FECHADA,PRESENCIAL,sim,14,sim,9,36,2192,2026-09-01
2026,2026-05-28,47,ORDINARIA,FECHADA,PRESENCIAL,sim,1,nao,9,36,2193,2026-09-01
2026,2026-05-29,208,SOLENE,FECHADA,PRESENCIAL,nao,,,9,36,2194,2026-09-01
2026,2026-05-29,209,SOLENE,FECHADA,PRESENCIAL,nao,,,9,36,2195,2026-09-01
2026,2026-06-01,210,SOLENE,FECHADA,PRESENCIAL,nao,,,9,36,2196,2026-09-01
2026,2026-06-01,211,SOLENE,FECHADA,PRESENCIAL,nao,,,9,36,2197,2026-09-01
2026,2026-06-02,48,ORDINARIA,FECHADA,PRESENCIAL,sim,16,sim,9,36,2199,2026-09-01
2026,2026-06-02,212,SOLENE,FECHADA,PRESENCIAL,nao,,,9,36,2198,2026-09-01
2026,2026-06-03,49,ORDINARIA,FECHADA,PRESENCIAL,sim,12,nao,9,36,2200,2026-09-01
2026,2026-06-08,213,SOLENE,FECHADA,PRESENCIAL,nao,,,9,36,2201,2026-09-01
2026,2026-06-08,214,SOLENE,FECHADA,PRESENCIAL,nao,,,9,36,2202,2026-09-01
2026,2026-06-09,13,EXTRAORDINARIA,FECHADA,PRESENCIAL,sim,21,sim,9,36,2186,2026-09-01
2026,2026-06-09,50,ORDINARIA,FECHADA,PRESENCIAL,sim,22,sim,9,36,2203,2026-09-01
2026,2026-06-10,51,ORDINARIA,FECHADA,PRESENCIAL,sim,15,sim,9,36,2204,2026-09-01
2026,2026-06-11,52,ORDINARIA,FECHADA,PRESENCIAL,sim,1,nao,9,36,2205,2026-09-01
2026,2026-06-11,215,SOLENE,FECHADA,PRESENCIAL,nao,,,9,36,2206,2026-09-01
2026,2026-06-11,215,SOLENE,FECHADA,PRESENCIAL,nao,,,9,36,2207,2026-09-01
2026,2026-06-12,216,SOLENE,FECHADA,PRESENCIAL,nao,,,9,36,2230,2026-09-01
2026,2026-06-12,217,SOLENE,FECHADA,PRESENCIAL,nao,,,9,36,2231,2026-09-01
2026,2026-06-16,14,EXTRAORDINARIA,FECHADA,PRESENCIAL,sim,15,sim,9,36,2234,2026-09-01
2026,2026-06-16,53,ORDINARIA,FECHADA,PRESENCIAL,sim,23,sim,9,36,2233,2026-09-01
2026,2026-06-16,218,SOLENE,FECHADA,PRESENCIAL,nao,,,9,36,2232,2026-09-01
2026,2026-06-17,54,ORDINARIA,FECHADA,PRESENCIAL,sim,16,sim,9,36,2237,2026-09-01
2026,2026-06-17,219,SOLENE,FECHADA,PRESENCIAL,nao,,,9,36,2236,2026-09-01
2026,2026-06-17,220,SOLENE,FECHADA,PRESENCIAL,nao,,,9,36,2238,2026-09-01
2026,2026-06-18,55,ORDINARIA,FECHADA,PRESENCIAL,sim,2,nao,9,36,2239,2026-09-01
2026,2026-06-18,221,SOLENE,FECHADA,PRESENCIAL,nao,,,9,36,2240,2026-09-01
2026,2026-06-19,222,SOLENE,FECHADA,PRESENCIAL,nao,,,9,36,2208,2026-09-01
2026,2026-06-19,223,SOLENE,FECHADA,PRESENCIAL,nao,,,9,36,2209,2026-09-01
2026,2026-06-22,224,SOLENE,FECHADA,PRESENCIAL,nao,,,9,36,2210,2026-09-01
2026,2026-06-22,225,SOLENE,FECHADA,PRESENCIAL,nao,,,9,36,2211,2026-09-01
2026,2026-06-23,56,ORDINARIA,FECHADA,PRESENCIAL,sim,18,sim,9,36,2213,2026-09-01
2026,2026-06-23,226,SOLENE,FECHADA,PRESENCIAL,nao,,,9,36,2212,2026-09-01
2026,2026-06-24,227,SOLENE,FECHADA,PRESENCIAL,nao,,,9,36,2214,2026-09-01
2026,2026-06-25,228,SOLENE,FECHADA,PRESENCIAL,nao,,,9,36,2215,2026-09-01
2026,2026-06-26,229,SOLENE,FECHADA,PRESENCIAL,nao,,,9,36,2216,2026-09-01
2026,2026-06-26,230,SOLENE,FECHADA,PRESENCIAL,nao,,,9,36,2217,2026-09-01
2026,2026-06-30,15,EXTRAORDINARIA,FECHADA,PRESENCIAL,sim,22,sim,9,36,2235,2026-09-01
2026,2026-06-30,16,EXTRAORDINARIA,FECHADA,PRESENCIAL,sim,20,sim,9,36,2219,2026-09-01
2026,2026-06-30,17,EXTRAORDINARIA,FECHADA,PRESENCIAL,sim,21,sim,9,36,2220,2026-09-01
2026,2026-06-30,57,ORDINARIA,FECHADA,PRESENCIAL,sim,22,sim,9,36,2218,2026-09-01
2026,2026-07-01,231,SOLENE,FECHADA,PRESENCIAL,nao,,,9,36,2221,2026-09-01
2026,2026-07-02,232,SOLENE,FECHADA,PRESENCIAL,nao,,,9,36,2222,2026-09-01
2026,2026-08-03,233,SOLENE,FECHADA,PRESENCIAL,nao,,,9,36,2223,2026-09-01
2026,2026-08-04,58,ORDINARIA,FECHADA,PRESENCIAL,sim,20,sim,9,36,2225,2026-09-01
2026,2026-08-04,234,SOLENE,FECHADA,PRESENCIAL,nao,,,9,36,2224,2026-09-01
2026,2026-08-04,235,SOLENE,FECHADA,PRESENCIAL,nao,,,9,36,2226,2026-09-01
2026,2026-08-05,59,ORDINARIA,FECHADA,PRESENCIAL,sim,7,nao,9,36,2228,2026-09-01
2026,2026-08-05,236,SOLENE,FECHADA,PRESENCIAL,nao,,,9,36,2227,2026-09-01
2026,2026-08-06,60,ORDINARIA,FECHADA,PRESENCIAL,sim,1,nao,9,36,2229,2026-09-01
2026,2026-08-11,61,ORDINARIA,FECHADA,PRESENCIAL,sim,20,sim,9,36,2241,2026-09-01
2026,2026-08-11,237,SOLENE,FECHADA,PRESENCIAL,nao,,,9,36,2243,2026-09-01
2026,2026-08-12,62,ORDINARIA,FECHADA,PRESENCIAL,sim,12,nao,9,36,2244,2026-09-01
2026,2026-08-13,63,ORDINARIA,FECHADA,PRESENCIAL,sim,1,nao,9,36,2245,2026-09-01
2026,2026-08-14,238,SOLENE,FECHADA,PRESENCIAL,nao,,,9,36,2246,2026-09-01
2026,2026-08-17,239,SOLENE,FECHADA,PRESENCIAL,nao,,,9,36,2248,2026-09-01
2026,2026-08-18,64,ORDINARIA,FECHADA,PRESENCIAL,sim,21,sim,9,36,2250,2026-09-01
2026,2026-08-18,240,SOLENE,FECHADA,PRESENCIAL,nao,,,9,36,2249,2026-09-01
2026,2026-08-18,241,SOLENE,FECHADA,PRESENCIAL,nao,,,9,36,2251,2026-09-01
2026,2026-08-19,65,ORDINARIA,FECHADA,PRESENCIAL,sim,8,nao,9,36,2253,2026-09-01
2026,2026-08-19,242,SOLENE,FECHADA,PRESENCIAL,nao,,,9,36,2252,2026-09-01
2026,2026-08-20,66,ORDINARIA,FECHADA,PRESENCIAL,sim,1,nao,9,36,2255,2026-09-01
2026,2026-08-20,243,SOLENE,FECHADA,PRESENCIAL,nao,,,9,36,2254,2026-09-01
2026,2026-08-24,244,SOLENE,FECHADA,PRESENCIAL,nao,,,9,36,2256,2026-09-01
2026,2026-08-24,245,SOLENE,FECHADA,PRESENCIAL,nao,,,9,36,2257,2026-09-01
2026,2026-08-25,67,ORDINARIA,FECHADA,PRESENCIAL,sim,19,sim,9,36,2258,2026-09-01
2026,2026-08-26,68,ORDINARIA,FECHADA,PRESENCIAL,nao,,,9,36,2259,2026-09-01
2026,2026-08-26,246,SOLENE,FECHADA,PRESENCIAL,nao,,,9,36,2260,2026-09-01
2026,2026-08-27,69,ORDINARIA,FECHADA,PRESENCIAL,nao,,,9,36,2261,2026-09-01
2026,2026-08-27,247,SOLENE,FECHADA,PRESENCIAL,nao,,,9,36,2262,2026-09-01
