competencia,cargo,quantidade
2023-08,AJUDANTE GERAL,3
2023-08,BOMBEIRO CIVIL,9
2023-08,BOMBEIRO CIVIL LID,2
2023-08,BOMBEIRO CIVIL NOTURNO,7
2023-08,BOMBEIRO HIDRAULICO,2
2023-08,CONTROLADOR DE PROGRAMAÇÃO,2
2023-08,COPEIRA,7
2023-08,DIRETOR DE IMAGENS (COMISSÕES),4
2023-08,DIRETOR DE IMAGENS (PLENÁRIO/ESTÚDIO),3
2023-08,EDITOR DE MÍDIA AUDIOVISUAL,3
2023-08,EDITOR DE MÍDIA AUDIOVISUAL (PÓS-PRODUÇÃO),2
2023-08,ELETRICISTA,2
2023-08,ELETRICISTA AR COND,1
2023-08,ENCARREGADO AR COND,1
2023-08,ENCARREGADO DE LIMPEZA,2
2023-08,ENCARREGADO DE MANUTENÇÃO,1
2023-08,ENGENHEIRO CIVIL,1
2023-08,ENGENHEIRO MECÂNICO,1
2023-08,GARÇOM,2
2023-08,GARÇONETE,3
2023-08,GERENTE DE PROJETOS TV DIGITAL,1
2023-08,MARCENEIRO,1
2023-08,MECÂNICO VRF,1
2023-08,MECÂNICO ÁGUA GELADA,3
2023-08,OPERADOR CONTROLE MESTRE,3
2023-08,OPERADOR DE CAMÊRA UPE,8
2023-08,OPERADOR DE MÍDIA AUDIOVISUAL,4
2023-08,PEDREIRO,1
2023-08,PINTOR,1
2023-08,PRODUTOR DE TV,5
2023-08,RECEPCIONISTA,7
2023-08,SERVENTE,33
2023-08,SERVENTE COM INSALUBRIDADE,3
2023-08,SUPERVISOR 1,1
2023-08,SUPERVISOR 2,1
2023-08,SUPERVISOR DE ATENDIMENTO,1
2023-08,SUPERVISOR TÉCNICO,1
2023-08,TÉCNICO DE SISTEMAS AUDIOVISUAIS,4
2023-08,TÉCNICO DE SUPORTE,3
2023-08,TÉCNICO TELECOMUNICAÇÕES,1
2023-08,VIGILANTE DIURNO,42
2023-08,VIGILANTE NOTURNO,8
2023-08,WEB DESIGNER EM TV,1
2023-09,AJUDANTE GERAL,3
2023-09,BOMBEIRO CIVIL,9
2023-09,BOMBEIRO CIVIL LID,2
2023-09,BOMBEIRO CIVIL NOTURNO,7
2023-09,BOMBEIRO HIDRAULICO,2
2023-09,CONTROLADOR DE PROGRAMAÇÃO,2
2023-09,COPEIRA,7
2023-09,DIRETOR DE IMAGENS (COMISSÕES),4
2023-09,DIRETOR DE IMAGENS (PLENÁRIO/ESTÚDIO),3
2023-09,EDITOR DE MÍDIA AUDIOVISUAL,3
2023-09,EDITOR DE MÍDIA AUDIOVISUAL (PÓS-PRODUÇÃO),2
2023-09,ELETRICISTA,2
2023-09,ELETRICISTA AR COND,1
2023-09,ENCARREGADO AR COND,1
2023-09,ENCARREGADO DE LIMPEZA,2
2023-09,ENCARREGADO DE MANUTENÇÃO,1
2023-09,ENGENHEIRO CIVIL,1
2023-09,ENGENHEIRO MECÂNICO,1
2023-09,GARÇOM,2
2023-09,GARÇONETE,3
2023-09,GERENTE DE PROJETOS TV DIGITAL,1
2023-09,MARCENEIRO,1
2023-09,MECÂNICO VRF,1
2023-09,MECÂNICO ÁGUA GELADA,3
2023-09,OPERADOR CONTROLE MESTRE,3
2023-09,OPERADOR DE CAMÊRA UPE,8
2023-09,OPERADOR DE MÍDIA AUDIOVISUAL,4
2023-09,PEDREIRO,1
2023-09,PINTOR,1
2023-09,PRODUTOR DE TV,5
2023-09,RECEPCIONISTA,7
2023-09,SERVENTE,33
2023-09,SERVENTE COM INSALUBRIDADE,3
2023-09,SUPERVISOR 1,1
2023-09,SUPERVISOR 2,1
2023-09,SUPERVISOR DE ATENDIMENTO,1
2023-09,SUPERVISOR TÉCNICO,1
2023-09,TÉCNICO DE SISTEMAS AUDIOVISUAIS,4
2023-09,TÉCNICO DE SUPORTE,3
2023-09,TÉCNICO TELECOMUNICAÇÕES,1
2023-09,VIGILANTE DIURNO,42
2023-09,VIGILANTE NOTURNO,8
2023-09,WEB DESIGNER EM TV,1
2023-10,AJUDANTE GERAL,3
2023-10,BOMBEIRO CIVIL,9
2023-10,BOMBEIRO CIVIL LID,2
2023-10,BOMBEIRO CIVIL NOTURNO,7
2023-10,BOMBEIRO HIDRAULICO,2
2023-10,CONTROLADOR DE PROGRAMAÇÃO,2
2023-10,COPEIRA,7
2023-10,DIRETOR DE IMAGENS (COMISSÕES),4
2023-10,DIRETOR DE IMAGENS (PLENÁRIO/ESTÚDIO),3
2023-10,EDITOR DE MÍDIA AUDIOVISUAL,3
2023-10,EDITOR DE MÍDIA AUDIOVISUAL (PÓS-PRODUÇÃO),2
2023-10,ELETRICISTA,2
2023-10,ELETRICISTA AR COND,1
2023-10,ENCARREGADO AR COND,1
2023-10,ENCARREGADO DE LIMPEZA,2
2023-10,ENCARREGADO DE MANUTENÇÃO,1
2023-10,ENGENHEIRO CIVIL,1
2023-10,ENGENHEIRO MECÂNICO,1
2023-10,GARÇOM,2
2023-10,GARÇONETE,3
2023-10,GERENTE DE PROJETOS TV DIGITAL,1
2023-10,MARCENEIRO,1
2023-10,MECÂNICO VRF,1
2023-10,MECÂNICO ÁGUA GELADA,3
2023-10,OPERADOR CONTROLE MESTRE,3
2023-10,OPERADOR DE CAMÊRA UPE,8
2023-10,OPERADOR DE MÍDIA AUDIOVISUAL,4
2023-10,PEDREIRO,1
2023-10,PINTOR,1
2023-10,PRODUTOR DE TV,5
2023-10,RECEPCIONISTA,7
2023-10,SERVENTE,33
2023-10,SERVENTE COM INSALUBRIDADE,3
2023-10,SUPERVISOR 1,1
2023-10,SUPERVISOR 2,1
2023-10,SUPERVISOR DE ATENDIMENTO,1
2023-10,SUPERVISOR TÉCNICO,1
2023-10,TÉCNICO DE SISTEMAS AUDIOVISUAIS,4
2023-10,TÉCNICO DE SUPORTE,3
2023-10,TÉCNICO TELECOMUNICAÇÕES,1
2023-10,VIGILANTE DIURNO,42
2023-10,VIGILANTE NOTURNO,8
2023-10,WEB DESIGNER EM TV,1
2023-11,AJUDANTE GERAL,3
2023-11,BOMBEIRO CIVIL,9
2023-11,BOMBEIRO CIVIL LID,2
2023-11,BOMBEIRO CIVIL NOTURNO,7
2023-11,BOMBEIRO HIDRAULICO,2
2023-11,CONTROLADOR DE PROGRAMAÇÃO,2
2023-11,COPEIRA,7
2023-11,DIRETOR DE IMAGENS (COMISSÕES),4
2023-11,DIRETOR DE IMAGENS (PLENÁRIO/ESTÚDIO),3
2023-11,EDITOR DE MÍDIA AUDIOVISUAL,3
2023-11,EDITOR DE MÍDIA AUDIOVISUAL (PÓS-PRODUÇÃO),2
2023-11,ELETRICISTA,2
2023-11,ELETRICISTA AR COND,1
2023-11,ENCARREGADO AR COND,1
2023-11,ENCARREGADO DE LIMPEZA,2
2023-11,ENCARREGADO DE MANUTENÇÃO,1
2023-11,ENGENHEIRO CIVIL,1
2023-11,ENGENHEIRO MECÂNICO,1
2023-11,GARÇOM,2
2023-11,GARÇONETE,3
2023-11,GERENTE DE PROJETOS TV DIGITAL,1
2023-11,MARCENEIRO,1
2023-11,MECÂNICO VRF,1
2023-11,MECÂNICO ÁGUA GELADA,3
2023-11,OPERADOR CONTROLE MESTRE,3
2023-11,OPERADOR DE CAMÊRA UPE,8
2023-11,OPERADOR DE MÍDIA AUDIOVISUAL,4
2023-11,PEDREIRO,1
2023-11,PINTOR,1
2023-11,PRODUTOR DE TV,5
2023-11,RECEPCIONISTA,7
2023-11,SERVENTE,33
2023-11,SERVENTE COM INSALUBRIDADE,3
2023-11,SUPERVISOR 1,1
2023-11,SUPERVISOR 2,1
2023-11,SUPERVISOR DE ATENDIMENTO,1
2023-11,SUPERVISOR TÉCNICO,1
2023-11,TÉCNICO DE SISTEMAS AUDIOVISUAIS,4
2023-11,TÉCNICO DE SUPORTE,3
2023-11,TÉCNICO TELECOMUNICAÇÕES,1
2023-11,VIGILANTE DIURNO,42
2023-11,VIGILANTE NOTURNO,8
2023-11,WEB DESIGNER EM TV,1
2023-12,AJUDANTE GERAL,3
2023-12,BOMBEIRO CIVIL,9
2023-12,BOMBEIRO CIVIL LID,2
2023-12,BOMBEIRO CIVIL NOTURNO,7
2023-12,BOMBEIRO HIDRAULICO,2
2023-12,CONTROLADOR DE PROGRAMAÇÃO,2
2023-12,COPEIRA,7
2023-12,DIRETOR DE IMAGENS (COMISSÕES),4
2023-12,DIRETOR DE IMAGENS (PLENÁRIO/ESTÚDIO),3
2023-12,EDITOR DE MÍDIA AUDIOVISUAL,3
2023-12,EDITOR DE MÍDIA AUDIOVISUAL (PÓS-PRODUÇÃO),2
2023-12,ELETRICISTA,2
2023-12,ELETRICISTA AR COND,1
2023-12,ENCARREGADO AR COND,1
2023-12,ENCARREGADO DE LIMPEZA,2
2023-12,ENCARREGADO DE MANUTENÇÃO,1
2023-12,ENGENHEIRO CIVIL,1
2023-12,ENGENHEIRO MECÂNICO,1
2023-12,GARÇOM,2
2023-12,GARÇONETE,3
2023-12,GERENTE DE PROJETOS TV DIGITAL,1
2023-12,MARCENEIRO,1
2023-12,MECÂNICO VRF,1
2023-12,MECÂNICO ÁGUA GELADA,3
2023-12,OPERADOR CONTROLE MESTRE,3
2023-12,OPERADOR DE CAMÊRA UPE,8
2023-12,OPERADOR DE MÍDIA AUDIOVISUAL,4
2023-12,PEDREIRO,1
2023-12,PINTOR,1
2023-12,PRODUTOR DE TV,5
2023-12,RECEPCIONISTA,7
2023-12,SERVENTE,33
2023-12,SERVENTE COM INSALUBRIDADE,3
2023-12,SUPERVISOR 1,1
2023-12,SUPERVISOR 2,1
2023-12,SUPERVISOR DE ATENDIMENTO,1
2023-12,SUPERVISOR TÉCNICO,1
2023-12,TÉCNICO DE SISTEMAS AUDIOVISUAIS,4
2023-12,TÉCNICO DE SUPORTE,3
2023-12,TÉCNICO TELECOMUNICAÇÕES,1
2023-12,VIGILANTE DIURNO,42
2023-12,VIGILANTE NOTURNO,8
2023-12,WEB DESIGNER EM TV,1
2024-01,AJUDANTE GERAL,3
2024-01,BOMBEIRO CIVIL,9
2024-01,BOMBEIRO CIVIL LID,2
2024-01,BOMBEIRO CIVIL NOTURNO,7
2024-01,BOMBEIRO HIDRAULICO,2
2024-01,CONTROLADOR DE PROGRAMAÇÃO,2
2024-01,COPEIRA,7
2024-01,DIRETOR DE IMAGENS (COMISSÕES),4
2024-01,DIRETOR DE IMAGENS (PLENÁRIO/ESTÚDIO),3
2024-01,EDITOR DE MÍDIA AUDIOVISUAL,3
2024-01,EDITOR DE MÍDIA AUDIOVISUAL (PÓS-PRODUÇÃO),2
2024-01,ELETRICISTA,2
2024-01,ELETRICISTA AR COND,1
2024-01,ENCARREGADO AR COND,1
2024-01,ENCARREGADO DE LIMPEZA,2
2024-01,ENCARREGADO DE MANUTENÇÃO,1
2024-01,ENGENHEIRO CIVIL,1
2024-01,ENGENHEIRO MECÂNICO,1
2024-01,GARÇOM,2
2024-01,GARÇONETE,3
2024-01,GERENTE DE PROJETOS TV DIGITAL,1
2024-01,MARCENEIRO,1
2024-01,MECÂNICO VRF,1
2024-01,MECÂNICO ÁGUA GELADA,3
2024-01,OPERADOR CONTROLE MESTRE,3
2024-01,OPERADOR DE CAMÊRA UPE,8
2024-01,OPERADOR DE MÍDIA AUDIOVISUAL,4
2024-01,PEDREIRO,1
2024-01,PINTOR,1
2024-01,PRODUTOR DE TV,5
2024-01,RECEPCIONISTA,7
2024-01,SERVENTE,33
2024-01,SERVENTE COM INSALUBRIDADE,3
2024-01,SUPERVISOR 1,1
2024-01,SUPERVISOR 2,1
2024-01,SUPERVISOR DE ATENDIMENTO,1
2024-01,SUPERVISOR TÉCNICO,1
2024-01,TÉCNICO DE SISTEMAS AUDIOVISUAIS,4
2024-01,TÉCNICO DE SUPORTE,3
2024-01,TÉCNICO TELECOMUNICAÇÕES,1
2024-01,VIGILANTE DIURNO,42
2024-01,VIGILANTE NOTURNO,8
2024-01,WEB DESIGNER EM TV,1
2024-02,AJUDANTE GERAL,3
2024-02,BOMBEIRO CIVIL,10
2024-02,BOMBEIRO CIVIL LID,2
2024-02,BOMBEIRO CIVIL NOTURNO,6
2024-02,BOMBEIRO HIDRAULICO,2
2024-02,CONTROLADOR DE PROGRAMAÇÃO,2
2024-02,COPEIRA,7
2024-02,DIRETOR DE IMAGENS (COMISSÕES),4
2024-02,DIRETOR DE IMAGENS (PLENÁRIO/ESTÚDIO),3
2024-02,EDITOR DE MÍDIA AUDIOVISUAL,3
2024-02,EDITOR DE MÍDIA AUDIOVISUAL (PÓS-PRODUÇÃO),2
2024-02,ELETRICISTA,2
2024-02,ELETRICISTA AR COND,1
2024-02,ENCARREGADO AR COND,1
2024-02,ENCARREGADO DE LIMPEZA,2
2024-02,ENCARREGADO DE MANUTENÇÃO,1
2024-02,ENGENHEIRO CIVIL,1
2024-02,ENGENHEIRO MECÂNICO,1
2024-02,GARÇOM,2
2024-02,GARÇONETE,3
2024-02,GERENTE DE PROJETOS TV DIGITAL,1
2024-02,MARCENEIRO,1
2024-02,MECÂNICO VRF,1
2024-02,MECÂNICO ÁGUA GELADA,3
2024-02,OPERADOR CONTROLE MESTRE,3
2024-02,OPERADOR DE CAMÊRA UPE,8
2024-02,OPERADOR DE MÍDIA AUDIOVISUAL,4
2024-02,PEDREIRO,1
2024-02,PINTOR,1
2024-02,PRODUTOR DE TV,5
2024-02,RECEPCIONISTA,7
2024-02,SERVENTE,33
2024-02,SERVENTE COM INSALUBRIDADE,3
2024-02,SUPERVISOR 1,1
2024-02,SUPERVISOR 2,1
2024-02,SUPERVISOR DE ATENDIMENTO,1
2024-02,SUPERVISOR TÉCNICO,1
2024-02,TÉCNICO DE SISTEMAS AUDIOVISUAIS,4
2024-02,TÉCNICO DE SUPORTE,3
2024-02,TÉCNICO TELECOMUNICAÇÕES,1
2024-02,VIGILANTE DIURNO,42
2024-02,VIGILANTE NOTURNO,8
2024-02,WEB DESIGNER EM TV,1
2024-03,AJUDANTE GERAL,3
2024-03,BOMBEIRO CIVIL,10
2024-03,BOMBEIRO CIVIL LID,2
2024-03,BOMBEIRO CIVIL NOTURNO,6
2024-03,BOMBEIRO HIDRAULICO,2
2024-03,CONTROLADOR DE PROGRAMAÇÃO,2
2024-03,COPEIRA,7
2024-03,DIRETOR DE IMAGENS (COMISSÕES),4
2024-03,DIRETOR DE IMAGENS (PLENÁRIO/ESTÚDIO),3
2024-03,EDITOR DE MÍDIA AUDIOVISUAL,3
2024-03,EDITOR DE MÍDIA AUDIOVISUAL (PÓS-PRODUÇÃO),2
2024-03,ELETRICISTA,2
2024-03,ELETRICISTA AR COND,1
2024-03,ENCARREGADO AR COND,1
2024-03,ENCARREGADO DE LIMPEZA,2
2024-03,ENCARREGADO DE MANUTENÇÃO,1
2024-03,ENGENHEIRO CIVIL,1
2024-03,ENGENHEIRO MECÂNICO,1
2024-03,GARÇOM,2
2024-03,GARÇONETE,3
2024-03,GERENTE DE PROJETOS TV DIGITAL,1
2024-03,MARCENEIRO,1
2024-03,MECÂNICO VRF,1
2024-03,MECÂNICO ÁGUA GELADA,3
2024-03,OPERADOR CONTROLE MESTRE,3
2024-03,OPERADOR DE CAMÊRA UPE,8
2024-03,OPERADOR DE MÍDIA AUDIOVISUAL,4
2024-03,PEDREIRO,1
2024-03,PINTOR,1
2024-03,PRODUTOR DE TV,5
2024-03,RECEPCIONISTA,7
2024-03,SERVENTE,33
2024-03,SERVENTE COM INSALUBRIDADE,3
2024-03,SUPERVISOR 1,1
2024-03,SUPERVISOR 2,1
2024-03,SUPERVISOR DE ATENDIMENTO,1
2024-03,SUPERVISOR TÉCNICO,1
2024-03,TÉCNICO DE SISTEMAS AUDIOVISUAIS,4
2024-03,TÉCNICO DE SUPORTE,3
2024-03,TÉCNICO TELECOMUNICAÇÕES,1
2024-03,VIGILANTE DIURNO,42
2024-03,VIGILANTE NOTURNO,8
2024-03,WEB DESIGNER EM TV,1
2024-04,AJUDANTE GERAL,3
2024-04,BOMBEIRO CIVIL,10
2024-04,BOMBEIRO CIVIL LID,2
2024-04,BOMBEIRO CIVIL NOTURNO,6
2024-04,BOMBEIRO HIDRAULICO,2
2024-04,CONTROLADOR DE PROGRAMAÇÃO,2
2024-04,COPEIRA,7
2024-04,DIRETOR DE IMAGENS (COMISSÕES),4
2024-04,DIRETOR DE IMAGENS (PLENÁRIO/ESTÚDIO),3
2024-04,EDITOR DE MÍDIA AUDIOVISUAL,3
2024-04,EDITOR DE MÍDIA AUDIOVISUAL (PÓS-PRODUÇÃO),2
2024-04,ELETRICISTA,2
2024-04,ELETRICISTA AR COND,1
2024-04,ENCARREGADO AR COND,1
2024-04,ENCARREGADO DE LIMPEZA,2
2024-04,ENCARREGADO DE MANUTENÇÃO,1
2024-04,ENGENHEIRO CIVIL,1
2024-04,ENGENHEIRO MECÂNICO,1
2024-04,GARÇOM,2
2024-04,GARÇONETE,3
2024-04,GERENTE DE PROJETOS TV DIGITAL,1
2024-04,MARCENEIRO,1
2024-04,MECÂNICO VRF,1
2024-04,MECÂNICO ÁGUA GELADA,3
2024-04,OPERADOR CONTROLE MESTRE,3
2024-04,OPERADOR DE CAMÊRA UPE,8
2024-04,OPERADOR DE MÍDIA AUDIOVISUAL,4
2024-04,PEDREIRO,1
2024-04,PINTOR,1
2024-04,PRODUTOR DE TV,5
2024-04,RECEPCIONISTA,7
2024-04,SERVENTE,33
2024-04,SERVENTE COM INSALUBRIDADE,3
2024-04,SUPERVISOR 1,1
2024-04,SUPERVISOR 2,1
2024-04,SUPERVISOR DE ATENDIMENTO,1
2024-04,SUPERVISOR TÉCNICO,1
2024-04,TÉCNICO DE SISTEMAS AUDIOVISUAIS,4
2024-04,TÉCNICO DE SUPORTE,3
2024-04,TÉCNICO TELECOMUNICAÇÕES,1
2024-04,VIGILANTE DIURNO,42
2024-04,VIGILANTE NOTURNO,8
2024-04,WEB DESIGNER EM TV,1
2024-05,AJUDANTE GERAL,3
2024-05,BOMBEIRO CIVIL,10
2024-05,BOMBEIRO CIVIL LID,2
2024-05,BOMBEIRO CIVIL NOTURNO,6
2024-05,BOMBEIRO HIDRAULICO,2
2024-05,CONTROLADOR DE PROGRAMAÇÃO,2
2024-05,COPEIRA,7
2024-05,DIRETOR DE IMAGENS (COMISSÕES),4
2024-05,DIRETOR DE IMAGENS (PLENÁRIO/ESTÚDIO),3
2024-05,EDITOR DE MÍDIA AUDIOVISUAL,3
2024-05,EDITOR DE MÍDIA AUDIOVISUAL (PÓS-PRODUÇÃO),2
2024-05,ELETRICISTA,2
2024-05,ELETRICISTA AR COND,1
2024-05,ENCARREGADO AR COND,1
2024-05,ENCARREGADO DE LIMPEZA,2
2024-05,ENCARREGADO DE MANUTENÇÃO,1
2024-05,ENGENHEIRO CIVIL,1
2024-05,ENGENHEIRO MECÂNICO,1
2024-05,GARÇOM,2
2024-05,GARÇONETE,3
2024-05,GERENTE DE PROJETOS TV DIGITAL,1
2024-05,MARCENEIRO,1
2024-05,MECÂNICO VRF,1
2024-05,MECÂNICO ÁGUA GELADA,3
2024-05,OPERADOR CONTROLE MESTRE,3
2024-05,OPERADOR DE CAMÊRA UPE,8
2024-05,OPERADOR DE MÍDIA AUDIOVISUAL,4
2024-05,PEDREIRO,1
2024-05,PINTOR,1
2024-05,PRODUTOR DE TV,5
2024-05,RECEPCIONISTA,7
2024-05,SERVENTE,33
2024-05,SERVENTE COM INSALUBRIDADE,3
2024-05,SUPERVISOR 1,1
2024-05,SUPERVISOR 2,1
2024-05,SUPERVISOR DE ATENDIMENTO,1
2024-05,SUPERVISOR TÉCNICO,1
2024-05,TÉCNICO DE SISTEMAS AUDIOVISUAIS,4
2024-05,TÉCNICO DE SUPORTE,3
2024-05,TÉCNICO TELECOMUNICAÇÕES,1
2024-05,VIGILANTE DIURNO,42
2024-05,VIGILANTE NOTURNO,8
2024-05,WEB DESIGNER EM TV,1
2024-06,AJUDANTE GERAL,3
2024-06,BOMBEIRO CIVIL,10
2024-06,BOMBEIRO CIVIL LID,2
2024-06,BOMBEIRO CIVIL NOTURNO,6
2024-06,BOMBEIRO HIDRAULICO,2
2024-06,CONTROLADOR DE PROGRAMAÇÃO,2
2024-06,COPEIRA,7
2024-06,DIRETOR DE IMAGENS (COMISSÕES),4
2024-06,DIRETOR DE IMAGENS (PLENÁRIO/ESTÚDIO),3
2024-06,EDITOR DE MÍDIA AUDIOVISUAL,3
2024-06,EDITOR DE MÍDIA AUDIOVISUAL (PÓS-PRODUÇÃO),2
2024-06,ELETRICISTA,2
2024-06,ELETRICISTA AR COND,1
2024-06,ENCARREGADO AR COND,1
2024-06,ENCARREGADO DE LIMPEZA,2
2024-06,ENCARREGADO DE MANUTENÇÃO,1
2024-06,ENGENHEIRO CIVIL,1
2024-06,ENGENHEIRO MECÂNICO,1
2024-06,GARÇOM,2
2024-06,GARÇONETE,3
2024-06,GERENTE DE PROJETOS TV DIGITAL,1
2024-06,MARCENEIRO,1
2024-06,MECÂNICO VRF,1
2024-06,MECÂNICO ÁGUA GELADA,3
2024-06,OPERADOR CONTROLE MESTRE,3
2024-06,OPERADOR DE CAMÊRA UPE,8
2024-06,OPERADOR DE MÍDIA AUDIOVISUAL,4
2024-06,PEDREIRO,1
2024-06,PINTOR,1
2024-06,PRODUTOR DE TV,5
2024-06,RECEPCIONISTA,7
2024-06,SERVENTE,33
2024-06,SERVENTE COM INSALUBRIDADE,3
2024-06,SUPERVISOR 1,1
2024-06,SUPERVISOR 2,1
2024-06,SUPERVISOR DE ATENDIMENTO,1
2024-06,SUPERVISOR TÉCNICO,1
2024-06,TÉCNICO DE SISTEMAS AUDIOVISUAIS,4
2024-06,TÉCNICO DE SUPORTE,3
2024-06,TÉCNICO TELECOMUNICAÇÕES,1
2024-06,VIGILANTE DIURNO,42
2024-06,VIGILANTE NOTURNO,8
2024-06,WEB DESIGNER EM TV,1
2024-07,AJUDANTE GERAL,3
2024-07,BOMBEIRO CIVIL,10
2024-07,BOMBEIRO CIVIL LID,2
2024-07,BOMBEIRO CIVIL NOTURNO,6
2024-07,BOMBEIRO HIDRAULICO,2
2024-07,CONTROLADOR DE PROGRAMAÇÃO,2
2024-07,COPEIRA,7
2024-07,DIRETOR DE IMAGENS (COMISSÕES),4
2024-07,DIRETOR DE IMAGENS (PLENÁRIO/ESTÚDIO),3
2024-07,EDITOR DE MÍDIA AUDIOVISUAL,3
2024-07,EDITOR DE MÍDIA AUDIOVISUAL (PÓS-PRODUÇÃO),2
2024-07,ELETRICISTA,2
2024-07,ELETRICISTA AR COND,1
2024-07,ENCARREGADO AR COND,1
2024-07,ENCARREGADO DE LIMPEZA,2
2024-07,ENCARREGADO DE MANUTENÇÃO,1
2024-07,ENGENHEIRO CIVIL,1
2024-07,ENGENHEIRO MECÂNICO,1
2024-07,GARÇOM,2
2024-07,GARÇONETE,3
2024-07,GERENTE DE PROJETOS TV DIGITAL,1
2024-07,MARCENEIRO,1
2024-07,MECÂNICO VRF,1
2024-07,MECÂNICO ÁGUA GELADA,3
2024-07,OPERADOR CONTROLE MESTRE,3
2024-07,OPERADOR DE CAMÊRA UPE,8
2024-07,OPERADOR DE MÍDIA AUDIOVISUAL,4
2024-07,PEDREIRO,1
2024-07,PINTOR,1
2024-07,PRODUTOR DE TV,5
2024-07,RECEPCIONISTA,7
2024-07,SERVENTE,33
2024-07,SERVENTE COM INSALUBRIDADE,3
2024-07,SUPERVISOR 1,1
2024-07,SUPERVISOR 2,1
2024-07,SUPERVISOR DE ATENDIMENTO,1
2024-07,SUPERVISOR TÉCNICO,1
2024-07,TÉCNICO DE SISTEMAS AUDIOVISUAIS,4
2024-07,TÉCNICO DE SUPORTE,3
2024-07,TÉCNICO TELECOMUNICAÇÕES,1
2024-07,VIGILANTE DIURNO,42
2024-07,VIGILANTE NOTURNO,8
2024-07,WEB DESIGNER EM TV,1
2024-08,AJUDANTE GERAL,3
2024-08,BOMBEIRO CIVIL,10
2024-08,BOMBEIRO CIVIL LID,2
2024-08,BOMBEIRO CIVIL NOTURNO,6
2024-08,BOMBEIRO HIDRAULICO,2
2024-08,CONTROLADOR DE PROGRAMAÇÃO,2
2024-08,COPEIRA,7
2024-08,DIRETOR DE IMAGENS (COMISSÕES),4
2024-08,DIRETOR DE IMAGENS (PLENÁRIO/ESTÚDIO),3
2024-08,EDITOR DE MÍDIA AUDIOVISUAL,3
2024-08,EDITOR DE MÍDIA AUDIOVISUAL (PÓS-PRODUÇÃO),2
2024-08,ELETRICISTA,2
2024-08,ELETRICISTA AR COND,1
2024-08,ENCARREGADO AR COND,1
2024-08,ENCARREGADO DE LIMPEZA,2
2024-08,ENCARREGADO DE MANUTENÇÃO,1
2024-08,ENGENHEIRO CIVIL,1
2024-08,GARÇOM,2
2024-08,GARÇONETE,3
2024-08,GERENTE DE PROJETOS TV DIGITAL,1
2024-08,MARCENEIRO,1
2024-08,MECÂNICO VRF,1
2024-08,MECÂNICO ÁGUA GELADA,4
2024-08,OPERADOR CONTROLE MESTRE,3
2024-08,OPERADOR DE CAMÊRA UPE,8
2024-08,OPERADOR DE MÍDIA AUDIOVISUAL,4
2024-08,PEDREIRO,1
2024-08,PINTOR,1
2024-08,PRODUTOR DE TV,5
2024-08,RECEPCIONISTA,7
2024-08,SERVENTE,33
2024-08,SERVENTE COM INSALUBRIDADE,3
2024-08,SUPERVISOR 1,1
2024-08,SUPERVISOR 2,1
2024-08,SUPERVISOR DE ATENDIMENTO,1
2024-08,SUPERVISOR TÉCNICO,1
2024-08,TÉCNICO DE SISTEMAS AUDIOVISUAIS,4
2024-08,TÉCNICO DE SUPORTE,3
2024-08,TÉCNICO TELECOMUNICAÇÕES,1
2024-08,VIGILANTE DIURNO,42
2024-08,VIGILANTE NOTURNO,8
2024-08,WEB DESIGNER EM TV,1
2024-09,AJUDANTE GERAL,3
2024-09,BOMBEIRO CIVIL,10
2024-09,BOMBEIRO CIVIL LID,2
2024-09,BOMBEIRO CIVIL NOTURNO,6
2024-09,BOMBEIRO HIDRAULICO,2
2024-09,CONTROLADOR DE PROGRAMAÇÃO,2
2024-09,COPEIRA,7
2024-09,DIRETOR DE IMAGENS (COMISSÕES),4
2024-09,DIRETOR DE IMAGENS (PLENÁRIO/ESTÚDIO),3
2024-09,EDITOR DE MÍDIA AUDIOVISUAL,3
2024-09,EDITOR DE MÍDIA AUDIOVISUAL (PÓS-PRODUÇÃO),2
2024-09,ELETRICISTA,2
2024-09,ELETRICISTA AR COND,1
2024-09,ENCARREGADO AR COND,1
2024-09,ENCARREGADO DE LIMPEZA,2
2024-09,ENCARREGADO DE MANUTENÇÃO,1
2024-09,ENGENHEIRO CIVIL,1
2024-09,ENGENHEIRO MECÂNICO,1
2024-09,GARÇOM,2
2024-09,GARÇONETE,3
2024-09,GERENTE DE PROJETOS TV DIGITAL,1
2024-09,MARCENEIRO,1
2024-09,MECÂNICO VRF,1
2024-09,MECÂNICO ÁGUA GELADA,3
2024-09,OPERADOR CONTROLE MESTRE,3
2024-09,OPERADOR DE CAMÊRA UPE,8
2024-09,OPERADOR DE MÍDIA AUDIOVISUAL,4
2024-09,PEDREIRO,1
2024-09,PINTOR,1
2024-09,PRODUTOR DE TV,5
2024-09,RECEPCIONISTA,7
2024-09,SERVENTE,33
2024-09,SERVENTE COM INSALUBRIDADE,3
2024-09,SUPERVISOR 1,1
2024-09,SUPERVISOR 2,1
2024-09,SUPERVISOR DE ATENDIMENTO,1
2024-09,SUPERVISOR TÉCNICO,1
2024-09,TÉCNICO DE SISTEMAS AUDIOVISUAIS,4
2024-09,TÉCNICO DE SUPORTE,3
2024-09,TÉCNICO TELECOMUNICAÇÕES,1
2024-09,VIGILANTE DIURNO,42
2024-09,VIGILANTE NOTURNO,8
2024-09,WEB DESIGNER EM TV,1
2024-10,AJUDANTE GERAL,3
2024-10,BOMBEIRO CIVIL,10
2024-10,BOMBEIRO CIVIL LID,2
2024-10,BOMBEIRO CIVIL NOTURNO,6
2024-10,BOMBEIRO HIDRAULICO,2
2024-10,CONTROLADOR DE PROGRAMAÇÃO,2
2024-10,COPEIRA,7
2024-10,DIRETOR DE IMAGENS (COMISSÕES),4
2024-10,DIRETOR DE IMAGENS (PLENÁRIO/ESTÚDIO),3
2024-10,EDITOR DE MÍDIA AUDIOVISUAL,3
2024-10,EDITOR DE MÍDIA AUDIOVISUAL (PÓS-PRODUÇÃO),2
2024-10,ELETRICISTA,2
2024-10,ELETRICISTA AR COND,1
2024-10,ENCARREGADO AR COND,1
2024-10,ENCARREGADO DE LIMPEZA,2
2024-10,ENCARREGADO DE MANUTENÇÃO,1
2024-10,ENGENHEIRO CIVIL,1
2024-10,ENGENHEIRO MECÂNICO,1
2024-10,GARÇOM,2
2024-10,GARÇONETE,3
2024-10,GERENTE DE PROJETOS TV DIGITAL,1
2024-10,MARCENEIRO,1
2024-10,MECÂNICO VRF,1
2024-10,MECÂNICO ÁGUA GELADA,3
2024-10,OPERADOR CONTROLE MESTRE,3
2024-10,OPERADOR DE CAMÊRA UPE,8
2024-10,OPERADOR DE MÍDIA AUDIOVISUAL,4
2024-10,PEDREIRO,1
2024-10,PINTOR,1
2024-10,PRODUTOR DE TV,5
2024-10,RECEPCIONISTA,7
2024-10,SERVENTE,33
2024-10,SERVENTE COM INSALUBRIDADE,3
2024-10,SUPERVISOR 1,1
2024-10,SUPERVISOR 2,1
2024-10,SUPERVISOR DE ATENDIMENTO,1
2024-10,SUPERVISOR TÉCNICO,1
2024-10,TÉCNICO DE SISTEMAS AUDIOVISUAIS,4
2024-10,TÉCNICO DE SUPORTE,3
2024-10,TÉCNICO TELECOMUNICAÇÕES,1
2024-10,VIGILANTE DIURNO,42
2024-10,VIGILANTE NOTURNO,8
2024-10,WEB DESIGNER EM TV,1
2024-11,AJUDANTE GERAL,3
2024-11,BOMBEIRO CIVIL,10
2024-11,BOMBEIRO CIVIL LID,2
2024-11,BOMBEIRO CIVIL NOTURNO,6
2024-11,BOMBEIRO HIDRAULICO,2
2024-11,CONTROLADOR DE PROGRAMAÇÃO,2
2024-11,COPEIRA,7
2024-11,DIRETOR DE IMAGENS (COMISSÕES),4
2024-11,DIRETOR DE IMAGENS (PLENÁRIO/ESTÚDIO),3
2024-11,EDITOR DE MÍDIA AUDIOVISUAL,3
2024-11,EDITOR DE MÍDIA AUDIOVISUAL (PÓS-PRODUÇÃO),2
2024-11,ELETRICISTA,2
2024-11,ELETRICISTA AR COND,1
2024-11,ENCARREGADO AR COND,1
2024-11,ENCARREGADO DE LIMPEZA,2
2024-11,ENCARREGADO DE MANUTENÇÃO,1
2024-11,ENGENHEIRO CIVIL,1
2024-11,ENGENHEIRO MECÂNICO,1
2024-11,GARÇOM,2
2024-11,GARÇONETE,3
2024-11,GERENTE DE PROJETOS TV DIGITAL,1
2024-11,MARCENEIRO,1
2024-11,MECÂNICO VRF,1
2024-11,MECÂNICO ÁGUA GELADA,3
2024-11,OPERADOR CONTROLE MESTRE,3
2024-11,OPERADOR DE CAMÊRA UPE,8
2024-11,OPERADOR DE MÍDIA AUDIOVISUAL,4
2024-11,PEDREIRO,1
2024-11,PINTOR,1
2024-11,PRODUTOR DE TV,5
2024-11,RECEPCIONISTA,7
2024-11,SERVENTE,33
2024-11,SERVENTE COM INSALUBRIDADE,3
2024-11,SUPERVISOR 1,1
2024-11,SUPERVISOR 2,1
2024-11,SUPERVISOR DE ATENDIMENTO,1
2024-11,SUPERVISOR TÉCNICO,1
2024-11,TÉCNICO DE SISTEMAS AUDIOVISUAIS,4
2024-11,TÉCNICO DE SUPORTE,3
2024-11,TÉCNICO TELECOMUNICAÇÕES,1
2024-11,VIGILANTE DIURNO,42
2024-11,VIGILANTE NOTURNO,8
2024-11,WEB DESIGNER EM TV,1
2024-12,AJUDANTE GERAL,3
2024-12,BOMBEIRO CIVIL,10
2024-12,BOMBEIRO CIVIL LID,2
2024-12,BOMBEIRO CIVIL NOTURNO,6
2024-12,BOMBEIRO HIDRAULICO,2
2024-12,CONTROLADOR DE PROGRAMAÇÃO,2
2024-12,COPEIRA,7
2024-12,DIRETOR DE IMAGENS (COMISSÕES),4
2024-12,DIRETOR DE IMAGENS (PLENÁRIO/ESTÚDIO),3
2024-12,EDITOR DE MÍDIA AUDIOVISUAL,3
2024-12,EDITOR DE MÍDIA AUDIOVISUAL (PÓS-PRODUÇÃO),2
2024-12,ELETRICISTA,2
2024-12,ELETRICISTA AR COND,1
2024-12,ENCARREGADO AR COND,1
2024-12,ENCARREGADO DE LIMPEZA,2
2024-12,ENCARREGADO DE MANUTENÇÃO,1
2024-12,ENGENHEIRO CIVIL,1
2024-12,ENGENHEIRO MECÂNICO,1
2024-12,GARÇOM,2
2024-12,GARÇONETE,3
2024-12,GERENTE DE PROJETOS TV DIGITAL,1
2024-12,MARCENEIRO,1
2024-12,MECÂNICO VRF,1
2024-12,MECÂNICO ÁGUA GELADA,3
2024-12,OPERADOR CONTROLE MESTRE,3
2024-12,OPERADOR DE CAMÊRA UPE,8
2024-12,OPERADOR DE MÍDIA AUDIOVISUAL,4
2024-12,PEDREIRO,1
2024-12,PINTOR,1
2024-12,PRODUTOR DE TV,5
2024-12,RECEPCIONISTA,7
2024-12,SERVENTE,33
2024-12,SERVENTE COM INSALUBRIDADE,3
2024-12,SUPERVISOR 1,1
2024-12,SUPERVISOR 2,1
2024-12,SUPERVISOR DE ATENDIMENTO,1
2024-12,SUPERVISOR TÉCNICO,1
2024-12,TÉCNICO DE SISTEMAS AUDIOVISUAIS,4
2024-12,TÉCNICO DE SUPORTE,3
2024-12,TÉCNICO TELECOMUNICAÇÕES,1
2024-12,VIGILANTE DIURNO,42
2024-12,VIGILANTE NOTURNO,8
2024-12,WEB DESIGNER EM TV,1
2025-01,AJUDANTE GERAL,3
2025-01,BOMBEIRO CIVIL,10
2025-01,BOMBEIRO CIVIL LID,2
2025-01,BOMBEIRO CIVIL NOTURNO,6
2025-01,BOMBEIRO HIDRAULICO,2
2025-01,CONTROLADOR DE PROGRAMAÇÃO,2
2025-01,COPEIRA,7
2025-01,DIRETOR DE IMAGENS (COMISSÕES),4
2025-01,DIRETOR DE IMAGENS (PLENÁRIO/ESTÚDIO),3
2025-01,EDITOR DE MÍDIA AUDIOVISUAL,3
2025-01,EDITOR DE MÍDIA AUDIOVISUAL (PÓS-PRODUÇÃO),2
2025-01,ELETRICISTA,2
2025-01,ELETRICISTA AR COND,1
2025-01,ENCARREGADO AR COND,1
2025-01,ENCARREGADO DE LIMPEZA,2
2025-01,ENCARREGADO DE MANUTENÇÃO,1
2025-01,ENGENHEIRO CIVIL,1
2025-01,ENGENHEIRO MECÂNICO,1
2025-01,GARÇOM,2
2025-01,GARÇONETE,3
2025-01,GERENTE DE PROJETOS TV DIGITAL,1
2025-01,MARCENEIRO,1
2025-01,MECÂNICO VRF,1
2025-01,MECÂNICO ÁGUA GELADA,3
2025-01,OPERADOR CONTROLE MESTRE,3
2025-01,OPERADOR DE CAMÊRA UPE,8
2025-01,OPERADOR DE MÍDIA AUDIOVISUAL,4
2025-01,PEDREIRO,1
2025-01,PINTOR,1
2025-01,PRODUTOR DE TV,5
2025-01,RECEPCIONISTA,7
2025-01,SERVENTE,33
2025-01,SERVENTE COM INSALUBRIDADE,3
2025-01,SUPERVISOR 1,1
2025-01,SUPERVISOR 2,1
2025-01,SUPERVISOR DE ATENDIMENTO,1
2025-01,SUPERVISOR TÉCNICO,1
2025-01,TÉCNICO DE SISTEMAS AUDIOVISUAIS,4
2025-01,TÉCNICO DE SUPORTE,3
2025-01,TÉCNICO TELECOMUNICAÇÕES,1
2025-01,VIGILANTE DIURNO,42
2025-01,VIGILANTE NOTURNO,8
2025-01,WEB DESIGNER EM TV,1
2025-02,AJUDANTE GERAL,3
2025-02,BOMBEIRO CIVIL,10
2025-02,BOMBEIRO CIVIL LID,2
2025-02,BOMBEIRO CIVIL NOTURNO,6
2025-02,BOMBEIRO HIDRAULICO,2
2025-02,CONTROLADOR DE PROGRAMAÇÃO,2
2025-02,COPEIRA,9
2025-02,DIRETOR DE IMAGENS (COMISSÕES),4
2025-02,DIRETOR DE IMAGENS (PLENÁRIO/ESTÚDIO),3
2025-02,EDITOR DE MÍDIA AUDIOVISUAL,3
2025-02,EDITOR DE MÍDIA AUDIOVISUAL (PÓS-PRODUÇÃO),2
2025-02,ELETRICISTA,2
2025-02,ELETRICISTA AR COND,1
2025-02,ENCARREGADO AR COND,1
2025-02,ENCARREGADO DE LIMPEZA,2
2025-02,ENCARREGADO DE MANUTENÇÃO,1
2025-02,ENGENHEIRO CIVIL,1
2025-02,ENGENHEIRO MECÂNICO,1
2025-02,GARÇOM,3
2025-02,GARÇONETE,3
2025-02,GERENTE DE PROJETOS TV DIGITAL,1
2025-02,MARCENEIRO,1
2025-02,MECÂNICO VRF,1
2025-02,MECÂNICO ÁGUA GELADA,3
2025-02,OPERADOR CONTROLE MESTRE,3
2025-02,OPERADOR DE CAMÊRA UPE,8
2025-02,OPERADOR DE MÍDIA AUDIOVISUAL,4
2025-02,PEDREIRO,1
2025-02,PINTOR,1
2025-02,PRODUTOR DE TV,5
2025-02,RECEPCIONISTA,7
2025-02,SERVENTE,33
2025-02,SERVENTE COM INSALUBRIDADE,3
2025-02,SUPERVISOR 1,1
2025-02,SUPERVISOR 2,1
2025-02,SUPERVISOR DE ATENDIMENTO,1
2025-02,SUPERVISOR TÉCNICO,1
2025-02,TÉCNICO DE SISTEMAS AUDIOVISUAIS,4
2025-02,TÉCNICO DE SUPORTE,3
2025-02,TÉCNICO TELECOMUNICAÇÕES,1
2025-02,VIGILANTE DIURNO,42
2025-02,VIGILANTE NOTURNO,8
2025-02,WEB DESIGNER EM TV,1
2025-03,AJUDANTE GERAL,3
2025-03,BOMBEIRO CIVIL,10
2025-03,BOMBEIRO CIVIL LID,2
2025-03,BOMBEIRO CIVIL NOTURNO,6
2025-03,BOMBEIRO HIDRAULICO,2
2025-03,CONTROLADOR DE PROGRAMAÇÃO,2
2025-03,COPEIRA,9
2025-03,DIRETOR DE IMAGENS (COMISSÕES),4
2025-03,DIRETOR DE IMAGENS (PLENÁRIO/ESTÚDIO),3
2025-03,EDITOR DE MÍDIA AUDIOVISUAL,3
2025-03,EDITOR DE MÍDIA AUDIOVISUAL (PÓS-PRODUÇÃO),2
2025-03,ELETRICISTA,2
2025-03,ELETRICISTA AR COND,1
2025-03,ENCARREGADO AR COND,1
2025-03,ENCARREGADO DE LIMPEZA,2
2025-03,ENCARREGADO DE MANUTENÇÃO,1
2025-03,ENGENHEIRO CIVIL,1
2025-03,ENGENHEIRO MECÂNICO,1
2025-03,GARÇOM,3
2025-03,GARÇONETE,3
2025-03,GERENTE DE PROJETOS TV DIGITAL,1
2025-03,MARCENEIRO,1
2025-03,MECÂNICO VRF,1
2025-03,MECÂNICO ÁGUA GELADA,3
2025-03,OPERADOR CONTROLE MESTRE,3
2025-03,OPERADOR DE CAMÊRA UPE,8
2025-03,OPERADOR DE MÍDIA AUDIOVISUAL,4
2025-03,PEDREIRO,1
2025-03,PINTOR,1
2025-03,PRODUTOR DE TV,5
2025-03,RECEPCIONISTA,7
2025-03,SERVENTE,33
2025-03,SERVENTE COM INSALUBRIDADE,3
2025-03,SUPERVISOR 1,1
2025-03,SUPERVISOR 2,1
2025-03,SUPERVISOR DE ATENDIMENTO,1
2025-03,SUPERVISOR TÉCNICO,1
2025-03,TÉCNICO DE SISTEMAS AUDIOVISUAIS,4
2025-03,TÉCNICO DE SUPORTE,3
2025-03,TÉCNICO TELECOMUNICAÇÕES,1
2025-03,VIGILANTE DIURNO,42
2025-03,VIGILANTE NOTURNO,8
2025-03,WEB DESIGNER EM TV,1
2025-04,AJUDANTE GERAL,3
2025-04,BOMBEIRO CIVIL,10
2025-04,BOMBEIRO CIVIL LID,2
2025-04,BOMBEIRO CIVIL NOTURNO,6
2025-04,BOMBEIRO HIDRAULICO,2
2025-04,CONTROLADOR DE PROGRAMAÇÃO,2
2025-04,COPEIRA,9
2025-04,DIRETOR DE IMAGENS (COMISSÕES),4
2025-04,DIRETOR DE IMAGENS (PLENÁRIO/ESTÚDIO),3
2025-04,EDITOR DE MÍDIA AUDIOVISUAL,3
2025-04,EDITOR DE MÍDIA AUDIOVISUAL (PÓS-PRODUÇÃO),2
2025-04,ELETRICISTA,2
2025-04,ELETRICISTA AR COND,1
2025-04,ENCARREGADO AR COND,1
2025-04,ENCARREGADO DE LIMPEZA,2
2025-04,ENCARREGADO DE MANUTENÇÃO,1
2025-04,ENGENHEIRO CIVIL,1
2025-04,ENGENHEIRO MECÂNICO,1
2025-04,GARÇOM,3
2025-04,GARÇONETE,3
2025-04,GERENTE DE PROJETOS TV DIGITAL,1
2025-04,MARCENEIRO,1
2025-04,MECÂNICO VRF,1
2025-04,MECÂNICO ÁGUA GELADA,3
2025-04,OPERADOR CONTROLE MESTRE,3
2025-04,OPERADOR DE CAMÊRA UPE,8
2025-04,OPERADOR DE MÍDIA AUDIOVISUAL,4
2025-04,PEDREIRO,1
2025-04,PINTOR,1
2025-04,PRODUTOR DE TV,5
2025-04,RECEPCIONISTA,7
2025-04,SERVENTE,33
2025-04,SERVENTE COM INSALUBRIDADE,3
2025-04,SUPERVISOR 1,1
2025-04,SUPERVISOR 2,1
2025-04,SUPERVISOR DE ATENDIMENTO,1
2025-04,SUPERVISOR TÉCNICO,1
2025-04,TÉCNICO DE SISTEMAS AUDIOVISUAIS,4
2025-04,TÉCNICO DE SUPORTE,3
2025-04,TÉCNICO TELECOMUNICAÇÕES,1
2025-04,VIGILANTE DIURNO,42
2025-04,VIGILANTE NOTURNO,8
2025-04,WEB DESIGNER EM TV,1
2025-05,AJUDANTE GERAL,3
2025-05,BOMBEIRO CIVIL,10
2025-05,BOMBEIRO CIVIL LID,2
2025-05,BOMBEIRO CIVIL NOTURNO,6
2025-05,BOMBEIRO HIDRAULICO,2
2025-05,CONTROLADOR DE PROGRAMAÇÃO,2
2025-05,COPEIRA,9
2025-05,DIRETOR DE IMAGENS (COMISSÕES),4
2025-05,DIRETOR DE IMAGENS (PLENÁRIO/ESTÚDIO),3
2025-05,EDITOR DE MÍDIA AUDIOVISUAL,3
2025-05,EDITOR DE MÍDIA AUDIOVISUAL (PÓS-PRODUÇÃO),2
2025-05,ELETRICISTA,2
2025-05,ELETRICISTA AR COND,1
2025-05,ENCARREGADO AR COND,1
2025-05,ENCARREGADO DE LIMPEZA,2
2025-05,ENCARREGADO DE MANUTENÇÃO,1
2025-05,ENGENHEIRO CIVIL,1
2025-05,ENGENHEIRO MECÂNICO,1
2025-05,GARÇOM,3
2025-05,GARÇONETE,3
2025-05,GERENTE DE PROJETOS TV DIGITAL,1
2025-05,MARCENEIRO,1
2025-05,MECÂNICO VRF,1
2025-05,MECÂNICO ÁGUA GELADA,3
2025-05,OPERADOR CONTROLE MESTRE,3
2025-05,OPERADOR DE CAMÊRA UPE,8
2025-05,OPERADOR DE MÍDIA AUDIOVISUAL,4
2025-05,PEDREIRO,1
2025-05,PINTOR,1
2025-05,PRODUTOR DE TV,5
2025-05,RECEPCIONISTA,7
2025-05,SERVENTE,33
2025-05,SERVENTE COM INSALUBRIDADE,3
2025-05,SUPERVISOR 1,1
2025-05,SUPERVISOR 2,1
2025-05,SUPERVISOR DE ATENDIMENTO,1
2025-05,SUPERVISOR TÉCNICO,1
2025-05,TÉCNICO DE SISTEMAS AUDIOVISUAIS,4
2025-05,TÉCNICO DE SUPORTE,3
2025-05,TÉCNICO TELECOMUNICAÇÕES,1
2025-05,VIGILANTE DIURNO,42
2025-05,VIGILANTE NOTURNO,8
2025-05,WEB DESIGNER EM TV,1
2025-06,AJUDANTE GERAL,3
2025-06,BOMBEIRO CIVIL,14
2025-06,BOMBEIRO CIVIL LID,2
2025-06,BOMBEIRO CIVIL NOTURNO,6
2025-06,BOMBEIRO HIDRAULICO,2
2025-06,CONTROLADOR DE PROGRAMAÇÃO,2
2025-06,COPEIRA,9
2025-06,DIRETOR DE IMAGENS (COMISSÕES),4
2025-06,DIRETOR DE IMAGENS (PLENÁRIO/ESTÚDIO),3
2025-06,EDITOR DE MÍDIA AUDIOVISUAL,3
2025-06,EDITOR DE MÍDIA AUDIOVISUAL (PÓS-PRODUÇÃO),2
2025-06,ELETRICISTA,2
2025-06,ELETRICISTA AR COND,1
2025-06,ENCARREGADO AR COND,1
2025-06,ENCARREGADO DE LIMPEZA,2
2025-06,ENCARREGADO DE MANUTENÇÃO,1
2025-06,ENGENHEIRO CIVIL,1
2025-06,ENGENHEIRO MECÂNICO,1
2025-06,GARÇOM,3
2025-06,GARÇONETE,3
2025-06,GERENTE DE PROJETOS TV DIGITAL,1
2025-06,MARCENEIRO,1
2025-06,MECÂNICO VRF,1
2025-06,MECÂNICO ÁGUA GELADA,3
2025-06,OPERADOR CONTROLE MESTRE,3
2025-06,OPERADOR DE CAMÊRA UPE,8
2025-06,OPERADOR DE MÍDIA AUDIOVISUAL,3
2025-06,PEDREIRO,1
2025-06,PINTOR,1
2025-06,PRODUTOR DE TV,5
2025-06,RECEPCIONISTA,7
2025-06,SERVENTE,33
2025-06,SERVENTE COM INSALUBRIDADE,3
2025-06,SUPERVISOR 1,1
2025-06,SUPERVISOR 2,1
2025-06,SUPERVISOR DE ATENDIMENTO,1
2025-06,SUPERVISOR TÉCNICO,1
2025-06,TÉCNICO DE SISTEMAS AUDIOVISUAIS,3
2025-06,TÉCNICO DE SUPORTE,3
2025-06,TÉCNICO TELECOMUNICAÇÕES,1
2025-06,VIGILANTE DIURNO,40
2025-06,VIGILANTE NOTURNO,8
2025-06,WEB DESIGNER EM TV,1
2025-07,AJUDANTE GERAL,3
2025-07,BOMBEIRO CIVIL,14
2025-07,BOMBEIRO CIVIL LID,2
2025-07,BOMBEIRO CIVIL NOTURNO,6
2025-07,BOMBEIRO HIDRAULICO,2
2025-07,CONTROLADOR DE PROGRAMAÇÃO,2
2025-07,COPEIRA,9
2025-07,DIRETOR DE IMAGENS (COMISSÕES),4
2025-07,DIRETOR DE IMAGENS (PLENÁRIO/ESTÚDIO),3
2025-07,EDITOR DE MÍDIA AUDIOVISUAL,3
2025-07,EDITOR DE MÍDIA AUDIOVISUAL (PÓS-PRODUÇÃO),2
2025-07,ELETRICISTA,2
2025-07,ELETRICISTA AR COND,1
2025-07,ENCARREGADO AR COND,1
2025-07,ENCARREGADO DE LIMPEZA,2
2025-07,ENCARREGADO DE MANUTENÇÃO,1
2025-07,ENGENHEIRO CIVIL,1
2025-07,ENGENHEIRO MECÂNICO,1
2025-07,GARÇOM,3
2025-07,GARÇONETE,3
2025-07,GERENTE DE PROJETOS TV DIGITAL,1
2025-07,MARCENEIRO,1
2025-07,MECÂNICO VRF,1
2025-07,MECÂNICO ÁGUA GELADA,3
2025-07,OPERADOR CONTROLE MESTRE,3
2025-07,OPERADOR DE CAMÊRA UPE,8
2025-07,OPERADOR DE MÍDIA AUDIOVISUAL,4
2025-07,PEDREIRO,1
2025-07,PINTOR,1
2025-07,PRODUTOR DE TV,5
2025-07,RECEPCIONISTA,7
2025-07,SERVENTE,33
2025-07,SERVENTE COM INSALUBRIDADE,3
2025-07,SUPERVISOR 1,1
2025-07,SUPERVISOR 2,1
2025-07,SUPERVISOR TÉCNICO,1
2025-07,TÉCNICO DE SISTEMAS AUDIOVISUAIS,4
2025-07,TÉCNICO TELECOMUNICAÇÕES,1
2025-07,VIGILANTE DIURNO,42
2025-07,VIGILANTE NOTURNO,8
2025-07,WEB DESIGNER EM TV,1
2025-08,AJUDANTE GERAL,3
2025-08,BOMBEIRO CIVIL,14
2025-08,BOMBEIRO CIVIL LID,2
2025-08,BOMBEIRO CIVIL NOTURNO,6
2025-08,BOMBEIRO HIDRAULICO,2
2025-08,CONTROLADOR DE PROGRAMAÇÃO,2
2025-08,COPEIRA,9
2025-08,DIRETOR DE IMAGENS (COMISSÕES),4
2025-08,DIRETOR DE IMAGENS (PLENÁRIO/ESTÚDIO),3
2025-08,EDITOR DE MÍDIA AUDIOVISUAL,3
2025-08,EDITOR DE MÍDIA AUDIOVISUAL (PÓS-PRODUÇÃO),2
2025-08,ELETRICISTA,2
2025-08,ELETRICISTA AR COND,1
2025-08,ENCARREGADO AR COND,1
2025-08,ENCARREGADO DE LIMPEZA,2
2025-08,ENCARREGADO DE MANUTENÇÃO,1
2025-08,ENGENHEIRO CIVIL,1
2025-08,ENGENHEIRO MECÂNICO,1
2025-08,GARÇOM,3
2025-08,GARÇONETE,3
2025-08,GERENTE DE PROJETOS TV DIGITAL,1
2025-08,MARCENEIRO,1
2025-08,MECÂNICO VRF,1
2025-08,MECÂNICO ÁGUA GELADA,3
2025-08,OPERADOR CONTROLE MESTRE,3
2025-08,OPERADOR DE CAMÊRA UPE,8
2025-08,OPERADOR DE MÍDIA AUDIOVISUAL,4
2025-08,PEDREIRO,1
2025-08,PINTOR,1
2025-08,PRODUTOR DE TV,5
2025-08,RECEPCIONISTA,7
2025-08,SERVENTE,33
2025-08,SERVENTE COM INSALUBRIDADE,3
2025-08,SUPERVISOR 1,1
2025-08,SUPERVISOR 2,1
2025-08,SUPERVISOR TÉCNICO,1
2025-08,TÉCNICO DE SISTEMAS AUDIOVISUAIS,4
2025-08,TÉCNICO TELECOMUNICAÇÕES,1
2025-08,VIGILANTE DIURNO,42
2025-08,VIGILANTE NOTURNO,8
2025-08,WEB DESIGNER EM TV,1
2025-09,AJUDANTE GERAL,3
2025-09,ASSISTENTE DE OPERAÇÕES AUDIOVISUAL,3
2025-09,BOMBEIRO CIVIL,14
2025-09,BOMBEIRO CIVIL LID,2
2025-09,BOMBEIRO CIVIL NOTURNO,6
2025-09,BOMBEIRO HIDRAULICO,2
2025-09,CONTROL. DE PROGRAMAÇÃO + CONTROLE MESTRE,1
2025-09,CONTROLADOR DE PROGRAMAÇÃO,2
2025-09,COPEIRA,9
2025-09,DIRETOR DE IMAGENS,7
2025-09,DIRETOR DE IMAGENS NOTURNO,1
2025-09,EDITOR DE MÍDIA AUDIOVISUAL,4
2025-09,ELETRICISTA,2
2025-09,ELETRICISTA AR COND,1
2025-09,ENCARREGADO AR COND,1
2025-09,ENCARREGADO DE LIMPEZA,2
2025-09,ENCARREGADO DE MANUTENÇÃO,1
2025-09,ENGENHEIRO CIVIL,1
2025-09,ENGENHEIRO MECÂNICO,1
2025-09,GARÇOM,3
2025-09,GARÇONETE,3
2025-09,MARCENEIRO,1
2025-09,MECÂNICO VRF,1
2025-09,MECÂNICO ÁGUA GELADA,3
2025-09,OPERADOR DE CONTROLE-MESTRE,2
2025-09,OPERADOR DE CÂMERA UPE,8
2025-09,OPERADOR DE MÍDIA AUDIOVISUAL,6
2025-09,OPERADOR DE MÍDIA AUDIOVISUAL NOTURNO,1
2025-09,PEDREIRO,1
2025-09,PINTOR,1
2025-09,PRODUTOR,2
2025-09,PRODUTOR + COMUNICADOR,3
2025-09,RECEPCIONISTA,7
2025-09,SERVENTE,33
2025-09,SERVENTE COM INSALUBRIDADE,3
2025-09,SUPERVISOR 1,1
2025-09,SUPERVISOR 2,1
2025-09,SUPERVISOR TÉCNICO + OPERACIONAL,2
2025-09,TÉCNICO DE SISTEMA AUDIOVISUAIS,5
2025-09,TÉCNICO DE SISTEMA AUDIOVISUAIS NOTURNO,1
2025-09,TÉCNICO TELECOMUNICAÇÕES,1
2025-09,VIDEOGRAFISTA DESENHISTA,2
2025-09,VIGILANTE DIURNO,42
2025-09,VIGILANTE NOTURNO,8
2025-10,AJUDANTE GERAL,3
2025-10,ASSISTENTE DE OPERAÇÕES AUDIOVISUAL,3
2025-10,BOMBEIRO CIVIL,14
2025-10,BOMBEIRO CIVIL LID,2
2025-10,BOMBEIRO CIVIL NOTURNO,6
2025-10,BOMBEIRO HIDRAULICO,2
2025-10,CONTROL. DE PROGRAMAÇÃO + CONTROLE MESTRE,1
2025-10,CONTROLADOR DE PROGRAMAÇÃO,2
2025-10,COPEIRA,9
2025-10,DIRETOR DE IMAGENS,7
2025-10,DIRETOR DE IMAGENS NOTURNO,1
2025-10,EDITOR DE MÍDIA AUDIOVISUAL,4
2025-10,ELETRICISTA,2
2025-10,ELETRICISTA AR COND,1
2025-10,ENCARREGADO AR COND,1
2025-10,ENCARREGADO DE LIMPEZA,2
2025-10,ENCARREGADO DE MANUTENÇÃO,1
2025-10,ENGENHEIRO CIVIL,1
2025-10,ENGENHEIRO MECÂNICO,1
2025-10,GARÇOM,3
2025-10,GARÇONETE,3
2025-10,MARCENEIRO,1
2025-10,MECÂNICO VRF,1
2025-10,MECÂNICO ÁGUA GELADA,3
2025-10,OPERADOR DE CONTROLE-MESTRE,2
2025-10,OPERADOR DE CÂMERA UPE,8
2025-10,OPERADOR DE MÍDIA AUDIOVISUAL,6
2025-10,OPERADOR DE MÍDIA AUDIOVISUAL NOTURNO,1
2025-10,PEDREIRO,1
2025-10,PINTOR,1
2025-10,PRODUTOR,2
2025-10,PRODUTOR + COMUNICADOR,3
2025-10,RECEPCIONISTA,7
2025-10,SERVENTE,33
2025-10,SERVENTE COM INSALUBRIDADE,3
2025-10,SUPERVISOR 1,1
2025-10,SUPERVISOR 2,1
2025-10,SUPERVISOR TÉCNICO + OPERACIONAL,2
2025-10,TÉCNICO DE SISTEMA AUDIOVISUAIS,5
2025-10,TÉCNICO DE SISTEMA AUDIOVISUAIS NOTURNO,1
2025-10,TÉCNICO TELECOMUNICAÇÕES,1
2025-10,VIDEOGRAFISTA DESENHISTA,2
2025-10,VIGILANTE DIURNO,42
2025-10,VIGILANTE NOTURNO,8
2025-11,AJUDANTE GERAL,3
2025-11,ASSISTENTE DE OPERAÇÕES AUDIOVISUAL,3
2025-11,BOMBEIRO CIVIL,14
2025-11,BOMBEIRO CIVIL LID,2
2025-11,BOMBEIRO CIVIL NOTURNO,6
2025-11,BOMBEIRO HIDRAULICO,2
2025-11,CONTROL. DE PROGRAMAÇÃO + CONTROLE MESTRE,1
2025-11,CONTROLADOR DE PROGRAMAÇÃO,2
2025-11,COPEIRA,9
2025-11,DIRETOR DE IMAGENS,7
2025-11,DIRETOR DE IMAGENS NOTURNO,1
2025-11,EDITOR DE MÍDIA AUDIOVISUAL,4
2025-11,ELETRICISTA,2
2025-11,ELETRICISTA AR COND,1
2025-11,ENCARREGADO AR COND,1
2025-11,ENCARREGADO DE LIMPEZA,2
2025-11,ENCARREGADO DE MANUTENÇÃO,1
2025-11,ENGENHEIRO CIVIL,1
2025-11,ENGENHEIRO MECÂNICO,1
2025-11,GARÇOM,3
2025-11,GARÇONETE,3
2025-11,MARCENEIRO,1
2025-11,MECÂNICO VRF,1
2025-11,MECÂNICO ÁGUA GELADA,3
2025-11,OPERADOR DE CONTROLE-MESTRE,2
2025-11,OPERADOR DE CÂMERA UPE,8
2025-11,OPERADOR DE MÍDIA AUDIOVISUAL,6
2025-11,OPERADOR DE MÍDIA AUDIOVISUAL NOTURNO,1
2025-11,PEDREIRO,1
2025-11,PINTOR,1
2025-11,PRODUTOR,2
2025-11,PRODUTOR + COMUNICADOR,3
2025-11,RECEPCIONISTA,7
2025-11,SERVENTE,33
2025-11,SERVENTE COM INSALUBRIDADE,3
2025-11,SUPERVISOR 1,1
2025-11,SUPERVISOR 2,1
2025-11,SUPERVISOR TÉCNICO + OPERACIONAL,2
2025-11,TÉCNICO DE SISTEMA AUDIOVISUAIS,5
2025-11,TÉCNICO DE SISTEMA AUDIOVISUAIS NOTURNO,1
2025-11,TÉCNICO TELECOMUNICAÇÕES,1
2025-11,VIDEOGRAFISTA DESENHISTA,2
2025-11,VIGILANTE DIURNO,42
2025-11,VIGILANTE NOTURNO,8
2025-12,AJUDANTE GERAL,3
2025-12,ASSISTENTE DE OPERAÇÕES AUDIOVISUAL,3
2025-12,BOMBEIRO CIVIL,14
2025-12,BOMBEIRO CIVIL LID,2
2025-12,BOMBEIRO CIVIL NOTURNO,6
2025-12,BOMBEIRO HIDRAULICO,2
2025-12,CONTROL. DE PROGRAMAÇÃO + CONTROLE MESTRE,1
2025-12,CONTROLADOR DE PROGRAMAÇÃO,2
2025-12,COPEIRA,9
2025-12,DIRETOR DE IMAGENS,7
2025-12,DIRETOR DE IMAGENS NOTURNO,1
2025-12,EDITOR DE MÍDIA AUDIOVISUAL,4
2025-12,ELETRICISTA,2
2025-12,ELETRICISTA AR COND,1
2025-12,ENCARREGADO AR COND,1
2025-12,ENCARREGADO DE LIMPEZA,2
2025-12,ENCARREGADO DE MANUTENÇÃO,1
2025-12,ENGENHEIRO CIVIL,1
2025-12,ENGENHEIRO MECÂNICO,1
2025-12,GARÇOM,3
2025-12,GARÇONETE,3
2025-12,MARCENEIRO,1
2025-12,MECÂNICO VRF,1
2025-12,MECÂNICO ÁGUA GELADA,3
2025-12,OPERADOR DE CONTROLE-MESTRE,2
2025-12,OPERADOR DE CÂMERA UPE,8
2025-12,OPERADOR DE MÍDIA AUDIOVISUAL,6
2025-12,OPERADOR DE MÍDIA AUDIOVISUAL NOTURNO,1
2025-12,PEDREIRO,1
2025-12,PINTOR,1
2025-12,PRODUTOR,2
2025-12,PRODUTOR + COMUNICADOR,3
2025-12,RECEPCIONISTA,7
2025-12,SERVENTE,33
2025-12,SERVENTE COM INSALUBRIDADE,3
2025-12,SUPERVISOR 1,3
2025-12,SUPERVISOR TÉCNICO + OPERACIONAL,2
2025-12,TELEFONISTA,4
2025-12,TÉCNICO DE SISTEMA AUDIOVISUAIS,5
2025-12,TÉCNICO DE SISTEMA AUDIOVISUAIS NOTURNO,1
2025-12,TÉCNICO TELECOMUNICAÇÕES,1
2025-12,VIDEOGRAFISTA DESENHISTA,2
2025-12,VIGILANTE DIURNO,38
2025-12,VIGILANTE NOTURNO,11
2026-01,AJUDANTE GERAL,3
2026-01,ASSISTENTE DE OPERAÇÕES AUDIOVISUAL,3
2026-01,BOMBEIRO CIVIL,14
2026-01,BOMBEIRO CIVIL LID,2
2026-01,BOMBEIRO CIVIL NOTURNO,6
2026-01,BOMBEIRO HIDRAULICO,2
2026-01,CONTROL. DE PROGRAMAÇÃO + CONTROLE MESTRE,1
2026-01,CONTROLADOR DE PROGRAMAÇÃO,2
2026-01,COPEIRA,9
2026-01,DIRETOR DE IMAGENS,7
2026-01,DIRETOR DE IMAGENS NOTURNO,1
2026-01,EDITOR DE MÍDIA AUDIOVISUAL,4
2026-01,ELETRICISTA,2
2026-01,ELETRICISTA AR COND,1
2026-01,ENCARREGADO AR COND,1
2026-01,ENCARREGADO DE LIMPEZA,2
2026-01,ENCARREGADO DE MANUTENÇÃO,1
2026-01,ENGENHEIRO CIVIL,1
2026-01,ENGENHEIRO MECÂNICO,1
2026-01,GARÇOM,3
2026-01,GARÇONETE,3
2026-01,MARCENEIRO,1
2026-01,MECÂNICO VRF,1
2026-01,MECÂNICO ÁGUA GELADA,3
2026-01,OPERADOR DE CONTROLE-MESTRE,2
2026-01,OPERADOR DE CÂMERA UPE,8
2026-01,OPERADOR DE MÍDIA AUDIOVISUAL,6
2026-01,OPERADOR DE MÍDIA AUDIOVISUAL NOTURNO,1
2026-01,PEDREIRO,1
2026-01,PINTOR,1
2026-01,PRODUTOR,2
2026-01,PRODUTOR + COMUNICADOR,3
2026-01,RECEPCIONISTA,7
2026-01,SERVENTE,33
2026-01,SERVENTE COM INSALUBRIDADE,3
2026-01,SUPERVISOR 1,3
2026-01,SUPERVISOR TÉCNICO + OPERACIONAL,2
2026-01,TELEFONISTA,4
2026-01,TÉCNICO DE SISTEMA AUDIOVISUAIS,5
2026-01,TÉCNICO DE SISTEMA AUDIOVISUAIS NOTURNO,1
2026-01,TÉCNICO TELECOMUNICAÇÕES,1
2026-01,VIDEOGRAFISTA DESENHISTA,2
2026-01,VIGILANTE DIURNO,38
2026-01,VIGILANTE NOTURNO,11
2026-02,AJUDANTE GERAL,3
2026-02,ASSISTENTE DE OPERAÇÕES AUDIOVISUAL,3
2026-02,BOMBEIRO CIVIL,14
2026-02,BOMBEIRO CIVIL LID,2
2026-02,BOMBEIRO CIVIL NOTURNO,6
2026-02,BOMBEIRO HIDRAULICO,2
2026-02,CONTROL. DE PROGRAMAÇÃO + CONTROLE MESTRE,1
2026-02,CONTROLADOR DE PROGRAMAÇÃO,2
2026-02,COPEIRA,9
2026-02,DIRETOR DE IMAGENS,7
2026-02,DIRETOR DE IMAGENS NOTURNO,1
2026-02,EDITOR DE MÍDIA AUDIOVISUAL,4
2026-02,ELETRICISTA,2
2026-02,ELETRICISTA AR COND,1
2026-02,ENCARREGADO AR COND,1
2026-02,ENCARREGADO DE LIMPEZA,2
2026-02,ENCARREGADO DE MANUTENÇÃO,1
2026-02,ENGENHEIRO CIVIL,1
2026-02,ENGENHEIRO MECÂNICO,1
2026-02,GARÇOM,3
2026-02,GARÇONETE,3
2026-02,MARCENEIRO,1
2026-02,MECÂNICO VRF,1
2026-02,MECÂNICO ÁGUA GELADA,3
2026-02,OPERADOR DE CONTROLE-MESTRE,2
2026-02,OPERADOR DE CÂMERA UPE,8
2026-02,OPERADOR DE MÍDIA AUDIOVISUAL,6
2026-02,OPERADOR DE MÍDIA AUDIOVISUAL NOTURNO,1
2026-02,PEDREIRO,1
2026-02,PINTOR,1
2026-02,PRODUTOR,2
2026-02,PRODUTOR + COMUNICADOR,3
2026-02,RECEPCIONISTA,7
2026-02,SERVENTE,33
2026-02,SERVENTE COM INSALUBRIDADE,3
2026-02,SUPERVISOR 1,3
2026-02,SUPERVISOR TÉCNICO + OPERACIONAL,2
2026-02,TELEFONISTA,4
2026-02,TÉCNICO DE SISTEMA AUDIOVISUAIS,5
2026-02,TÉCNICO DE SISTEMA AUDIOVISUAIS NOTURNO,1
2026-02,TÉCNICO TELECOMUNICAÇÕES,1
2026-02,VIDEOGRAFISTA DESENHISTA,2
2026-02,VIGILANTE DIURNO,38
2026-02,VIGILANTE NOTURNO,11
2026-03,,1
2026-03,AJUDANTE GERAL,3
2026-03,ASSISTENTE DE OPERAÇÕES AUDIOVISUAL,3
2026-03,BOMBEIRO CIVIL,14
2026-03,BOMBEIRO CIVIL LID,1
2026-03,BOMBEIRO CIVIL NOTURNO,6
2026-03,BOMBEIRO HIDRAULICO,2
2026-03,CONTROL. DE PROGRAMAÇÃO + CONTROLE MESTRE,1
2026-03,CONTROLADOR DE PROGRAMAÇÃO,2
2026-03,COPEIRA,9
2026-03,DIRETOR DE IMAGENS,7
2026-03,DIRETOR DE IMAGENS NOTURNO,1
2026-03,EDITOR DE MÍDIA AUDIOVISUAL,4
2026-03,ELETRICISTA,2
2026-03,ELETRICISTA AR COND,1
2026-03,ENCARREGADO AR COND,1
2026-03,ENCARREGADO DE LIMPEZA,2
2026-03,ENCARREGADO DE MANUTENÇÃO,1
2026-03,ENGENHEIRO CIVIL,1
2026-03,ENGENHEIRO MECÂNICO,1
2026-03,GARÇOM,3
2026-03,GARÇONETE,3
2026-03,MARCENEIRO,1
2026-03,MECÂNICO VRF,1
2026-03,MECÂNICO ÁGUA GELADA,3
2026-03,OPERADOR DE CONTROLE-MESTRE,2
2026-03,OPERADOR DE CÂMERA UPE,8
2026-03,OPERADOR DE MÍDIA AUDIOVISUAL,6
2026-03,OPERADOR DE MÍDIA AUDIOVISUAL NOTURNO,1
2026-03,PEDREIRO,1
2026-03,PINTOR,1
2026-03,PRODUTOR,2
2026-03,PRODUTOR + COMUNICADOR,3
2026-03,RECEPCIONISTA,7
2026-03,SERVENTE,33
2026-03,SERVENTE COM INSALUBRIDADE,3
2026-03,SUPERVISOR 1,3
2026-03,SUPERVISOR TÉCNICO + OPERACIONAL,2
2026-03,TELEFONISTA,4
2026-03,TÉCNICO DE SISTEMA AUDIOVISUAIS,5
2026-03,TÉCNICO DE SISTEMA AUDIOVISUAIS NOTURNO,1
2026-03,TÉCNICO TELECOMUNICAÇÕES,1
2026-03,VIDEOGRAFISTA DESENHISTA,2
2026-03,VIGILANTE DIURNO,38
2026-03,VIGILANTE NOTURNO,11
2026-04,AJUDANTE GERAL,3
2026-04,ASSISTENTE DE OPERAÇÕES AUDIOVISUAL,3
2026-04,BOMBEIRO CIVIL,14
2026-04,BOMBEIRO CIVIL LID,2
2026-04,BOMBEIRO CIVIL NOTURNO,6
2026-04,BOMBEIRO HIDRAULICO,2
2026-04,CONTROL. DE PROGRAMAÇÃO + CONTROLE MESTRE,1
2026-04,CONTROLADOR DE PROGRAMAÇÃO,2
2026-04,COPEIRA,9
2026-04,DIRETOR DE IMAGENS,7
2026-04,DIRETOR DE IMAGENS NOTURNO,1
2026-04,EDITOR DE MÍDIA AUDIOVISUAL,4
2026-04,ELETRICISTA,2
2026-04,ELETRICISTA AR COND,1
2026-04,ENCARREGADO AR COND,1
2026-04,ENCARREGADO DE LIMPEZA,2
2026-04,ENCARREGADO DE MANUTENÇÃO,1
2026-04,ENGENHEIRO CIVIL,1
2026-04,ENGENHEIRO MECÂNICO,1
2026-04,GARÇOM,3
2026-04,GARÇONETE,3
2026-04,MARCENEIRO,1
2026-04,MECÂNICO VRF,1
2026-04,MECÂNICO ÁGUA GELADA,3
2026-04,MOTORISTA,4
2026-04,OPERADOR DE CONTROLE-MESTRE,2
2026-04,OPERADOR DE CÂMERA UPE,8
2026-04,OPERADOR DE MÍDIA AUDIOVISUAL,6
2026-04,OPERADOR DE MÍDIA AUDIOVISUAL NOTURNO,1
2026-04,PEDREIRO,1
2026-04,PINTOR,1
2026-04,PRODUTOR,2
2026-04,PRODUTOR + COMUNICADOR,3
2026-04,RECEPCIONISTA,7
2026-04,SERVENTE,33
2026-04,SERVENTE COM INSALUBRIDADE,3
2026-04,SUPERVISOR 1,3
2026-04,SUPERVISOR TÉCNICO + OPERACIONAL,2
2026-04,TELEFONISTA,4
2026-04,TÉCNICO DE SISTEMA AUDIOVISUAIS,5
2026-04,TÉCNICO DE SISTEMA AUDIOVISUAIS NOTURNO,1
2026-04,TÉCNICO TELECOMUNICAÇÕES,1
2026-04,VIDEOGRAFISTA DESENHISTA,2
2026-04,VIGILANTE DIURNO,38
2026-04,VIGILANTE NOTURNO,11
2026-05,AJUDANTE GERAL,3
2026-05,ASSISTENTE DE OPERAÇÕES AUDIOVISUAL,3
2026-05,BOMBEIRO CIVIL,14
2026-05,BOMBEIRO CIVIL LID,2
2026-05,BOMBEIRO CIVIL NOTURNO,6
2026-05,BOMBEIRO HIDRAULICO,2
2026-05,CONTROL. DE PROGRAMAÇÃO + CONTROLE MESTRE,1
2026-05,CONTROLADOR DE PROGRAMAÇÃO,2
2026-05,COPEIRA,9
2026-05,DIRETOR DE IMAGENS,7
2026-05,DIRETOR DE IMAGENS NOTURNO,1
2026-05,EDITOR DE MÍDIA AUDIOVISUAL,4
2026-05,ELETRICISTA,2
2026-05,ELETRICISTA AR COND,1
2026-05,ENCARREGADO AR COND,1
2026-05,ENCARREGADO DE LIMPEZA,2
2026-05,ENCARREGADO DE MANUTENÇÃO,1
2026-05,ENGENHEIRO CIVIL,1
2026-05,ENGENHEIRO MECÂNICO,1
2026-05,GARÇOM,3
2026-05,GARÇONETE,3
2026-05,MARCENEIRO,1
2026-05,MECÂNICO VRF,1
2026-05,MECÂNICO ÁGUA GELADA,3
2026-05,MOTORISTA,4
2026-05,OPERADOR DE CONTROLE-MESTRE,2
2026-05,OPERADOR DE CÂMERA UPE,8
2026-05,OPERADOR DE MÍDIA AUDIOVISUAL,6
2026-05,OPERADOR DE MÍDIA AUDIOVISUAL NOTURNO,1
2026-05,PEDREIRO,1
2026-05,PINTOR,1
2026-05,PRODUTOR,2
2026-05,PRODUTOR + COMUNICADOR,3
2026-05,RECEPCIONISTA,7
2026-05,SERVENTE,33
2026-05,SERVENTE COM INSALUBRIDADE,3
2026-05,SUPERVISOR 1,3
2026-05,SUPERVISOR TÉCNICO + OPERACIONAL,2
2026-05,TELEFONISTA,4
2026-05,TÉCNICO DE SISTEMA AUDIOVISUAIS,5
2026-05,TÉCNICO DE SISTEMA AUDIOVISUAIS NOTURNO,1
2026-05,TÉCNICO TELECOMUNICAÇÕES,1
2026-05,VIDEOGRAFISTA DESENHISTA,2
2026-05,VIGILANTE DIURNO,38
2026-05,VIGILANTE NOTURNO,11
