cnpj_fornecedor,fornecedor_na_fonte,comprovantes,valor_brl,deputados,primeiro_comprovante,ultimo_comprovante,as_of
,ALUGUEL GABINETE POLÍTICO - SBN QD 02 LT 12 BL F SL 809-810 | AUTO POSTO LS COMERCIO DE DERIVADOS DE PETROLEO LTDA | Abastecimento 01 | Abastecimento 02 | Abastecimento 04 | Abastecimento 05 | Alessandra das Graças Brants Lopes | Aluguel de Escritório- Apoio atividade Parlamentar | Auto Posto 306 Norte | Auto Posto Cinco Estrelas | Auto Posto Mark Sobradinho | BELIZE COMPANY AUTO POSTO LTDA | Brasal Combustiveis | CAESB | COMERCIAL DE COMBUSTÍVEL MAM LTDA. | Caesb | Cascol Combustíveis | Cascol Combustíveis Colorado | DF LIBRAS ENSINO DE IODIOMAS LTDA | EVAG | FLAVIANE DE JESUS MOTA | GERMANO RUMTHUM FILHO | GMCM Comercio de Combustiveis | GUSTAVO LUIZ SANTOS FRANCO | Google | IPTU COTA 01 | IPTU COTA 02 | IPTU COTA 03 | IPTU COTA 04 | IPTU COTA 05 | IPTU COTA 06 | IPTU SECRETARIA DE ESTADO DE FAZENDA SALA 809 | IPTU SECRETARIA DE ESTADO DE FAZENDA SALA 810 | Jonathas Holanda Barbosa | LOCAÇÃO IMÓVEL | NEOENERGIA | Noécia Martins de Godoi | PLANO IMOVEIS | PRÓ SÍNDICO | Park Bandeira Comercio de Combustíveis | Posto Ceilândia | Posto Nenen | Posto Paraíso | Posto Petrolino | Posto Pioneiro Comercio | Posto Sig | Posto Sobradinho | Posto de Gasolina dos Anões | Posto pit stop | QNL Posto de Combustível LTDA | Rabbit Agencia de Publicidade Ltda | SOMOS COMMU | SUPREMA MOBILIDADE LTDA | Tarifa de Energia -Escritório | Tarifa de água e Esgoto | VIVO | Verso Assessoria de Comunicação Estratégica LTDA,231,995962.52,16,2022-12-23,2026-06-23,2026-08-11T18:09:30
24894397000170,MONON Monitoramento Digital | SUPREMA Locadora | SUPREMA Locadora LTDA | SUPREMA MOBILIDADE | SUPREMA MOBILIDADE LTDA | SUPREMA Mobilidade LTDA | Suprema Mobilidade LTDA | Suprema Mobilidade Ltda | Suprema Veículo,93,455652.83,7,2023-01-01,2026-06-23,2026-08-11T18:09:30
41685059000148,ELDORADO FROTAS LTDA | Eldorado Frotas | Eldorado Frotas Ltda | Eldourado Frotas Ltda,45,255090.00,2,2023-03-31,2026-05-29,2026-08-11T18:09:30
13542814000108,Pro Video Locação e Eventos - LTDA ME | Pro Vídeo Locação e Eventos Ltda | Pro Vídeo Locação e Eventos Ltda Me,39,195000.00,1,2023-02-07,2026-06-02,2026-08-11T18:09:30
52385773000137,Soily Braga - Sociedade Individual de Advocacia,30,164816.00,1,2023-11-06,2026-06-02,2026-08-11T18:09:30
30909939000134,RABBIT AGENCIA DE PUBLICIDADE,22,144700.00,1,2024-03-06,2026-06-02,2026-08-11T18:09:30
26735227000179,GOLD CAR BRASILIA LOCACAO DE VEICULOS LTDA | GOLD CAR BRASILIA LOCADORA DE VEICULO ME | Gold Car Brasília Locadora de Veículos | Gold Car Brasília Locadora de veículos,36,131432.00,4,2023-01-09,2025-02-19,2026-08-11T18:09:30
07557633000144,Germano Comunicações LTDA,13,98550.00,1,2023-01-27,2023-12-26,2026-08-11T18:09:30
13347016000117,FACEBOOK | FACEBOOK SERVIÇOS ONLINE DO BRASIL | FACEBOOK SERVIÇOS ONLINE DO BRASIL LTDA | FACEBOOK Serviços Online do Brasil LTDA | Facebook | Facebook Serviços Online do Brasil Ltda | Facebook Serviços Online do Brasil Ltda.,46,94161.31,6,2023-04-02,2026-06-02,2026-08-11T18:09:30
30727829000151,Bunker Braian Audiovisual | Bunker Brain Audiovisual,11,88000.00,1,2023-03-14,2024-01-02,2026-08-11T18:09:30
35352795000181,Elevare Mídias Marketing Ltda | Grow Mídias Marketing Ltda,26,87000.00,1,2023-04-25,2025-09-30,2026-08-11T18:09:30
06259847000171,RICARDO VEICULOS LTDA.,11,60500.00,1,2023-02-15,2023-12-21,2026-08-11T18:09:30
48819584000158,MONOM - Monitoramento Digital LTDA | MONOM Monitoramento Digital | MONOM Monitoramento Digital LTDA | SUPREMA Locadora LTDA,21,58500.00,1,2023-01-02,2025-07-02,2026-08-11T18:09:30
07319323000191,Pantanal Veículos Ltda,10,55000.00,0,2023-04-03,2024-01-04,2026-08-11T18:09:30
01615224000170,INVESTCAR VEÍCULOS LTDA,16,53600.00,1,2023-02-01,2024-01-02,2026-08-11T18:09:30
30552304000122,FELIPE OLÍMPIO | Felipe Olimpio,13,52000.00,1,2023-01-01,2023-12-21,2026-08-11T18:09:30
18576625000161,Zupiroli Rodrigues e Alves Advogados Associados,8,48000.00,1,,,2026-08-11T18:09:30
42761872000112,PONTA LOCAÇÃO DE VEICULOS LTDA,9,47998.00,1,2023-02-01,2023-10-02,2026-08-11T18:09:30
34837332000147,Shallom Produtora de Filmes Eireli,11,45000.00,0,2023-03-02,2024-01-03,2026-08-11T18:09:30
29139111000165,Smartloc Aluguel de carros,15,44468.00,1,2025-02-24,2026-08-05,2026-08-11T18:09:30
40112929000127,MF Campos Serviços Imobiliário Ltda. - Aluguel,6,41670.00,1,2026-01-30,2026-04-30,2026-08-11T18:09:30
10941636000191,Parolle Comunicação e Serviços Especializados LTDA,8,40000.00,1,,,2026-08-11T18:09:30
32260610000110,DAVI RICARDO GOMES-011389351-58,6,30000.00,1,2023-03-30,2023-09-08,2026-08-11T18:09:30
40750576000190,PLANETA DIÁRIO PORTAL DE NOTÍCIAS LTDA,5,28000.00,1,2026-02-04,2026-06-08,2026-08-11T18:09:30
03469182000132,JJS COMÉRCIO DE COMBUSTÍVEIS LTDA | JJS Comércio de Combustíveis,13,26175.20,2,2023-01-31,2024-01-09,2026-08-11T18:09:30
42902121000179,Senna Locadora de Veículos,6,24000.00,1,2026-01-30,2026-04-30,2026-08-11T18:09:30
50409343000182,Bruno Pereira Cabral,7,24000.00,0,2023-05-03,2023-11-01,2026-08-11T18:09:30
23312516000177,TRADICIONAL IMOBILIÁRIA EIRELI,11,22500.00,1,2023-02-10,2023-12-21,2026-08-11T18:09:30
10702904000112,Cascol Combustíveis | Combustíveis MAM | Comercial De Combustível MAM LTDA | Comercial de Combustíveis MAM | Comercial de Combustíveis MAM LTDA,98,20749.90,2,2023-02-28,2025-06-10,2026-08-11T18:09:30
62429894000197,Ana Paula do Carmo Macedo,5,20000.00,1,2026-02-11,2026-10-06,2026-08-11T18:09:30
00012211000225,DRIVE CAR TRANSPORTES E COMBUSTÍVEIS LTDA. | Drive Car | Drive Car Transportes e Combustíveis | Drive Car Transportes e Combustíveis Ltda,98,19820.90,2,2023-01-01,2023-11-28,2026-08-11T18:09:30
04515963000189,DALETH VEICULOS LTDA - EPP - ALUGUEL CARRO,6,19733.00,1,2023-04-28,2023-09-01,2026-08-11T18:09:30
32085527000152,Auto Posto 305 Sul Ltda,10,19292.63,0,2023-04-03,2024-01-04,2026-08-11T18:09:30
00306597009234,CASCOL Combustíveis | CASCOL Combustíveis LTDA | Cascol Combustíveis | GUARAPARI - CASCOL Combustíveis para Veículos LTDA | Guarapari CASCOL Combustíveis,83,17360.39,2,2023-01-01,2024-02-29,2026-08-11T18:09:30
60035705000176,Jonathan Oliveira Marques de Lima,3,15000.00,1,2026-01-28,2026-03-17,2026-08-11T18:09:30
28067410000179,ELEGIS Gestão Estrategica Consultoria e Tecnologia LTDA | Elegis Gestão Estratégica Consultoria e Tecnologia Ltda.,23,14927.00,2,2023-10-27,2026-08-06,2026-08-11T18:09:30
00656967000126,AGUIAR DE VASCONCELOS,3,14764.99,1,2023-10-04,2023-12-28,2026-08-11T18:09:30
07979987000187,VIZION GESTÃO DE NEGÓCIOS EMPRESARIAIS LTDA | Vizion Gestão de Negócios Empresariais LTDA. | Vizion Gestão de Negócios Empresariais Ltda,22,14504.00,2,2023-02-06,2026-05-10,2026-08-11T18:09:30
41491336000181,Viana de Oliveira Sociedade Individual de Advocacia,3,14000.00,1,2023-11-01,2023-12-20,2026-08-11T18:09:30
66257191000180,Jonathan Oliveira Marques de Lima,2,14000.00,1,2026-04-27,2026-06-23,2026-08-11T18:09:30
05454390000193,"Cascol Combustíveis | GOES COMBUSTIVEIS LUBRIFICANTES E GLP LTDA | GOES COMBUSTIVEIS, LUBRIFICANTES E GLP LTDA | GOES COMBUSTÍVEIS LUBRIFICANTES E GLP LTDA | GOES Combustiveis, Lubrificantes e GLP LTDA | Goes Combustíveis, Lubrificantes e GLP | POSTO MONUMENTAL | Posto Goes | Posto Monumental",71,13209.88,8,2023-01-26,2025-07-02,2026-08-11T18:09:30
46177942000140,Vivien Ester Mederios Justos ME,10,13000.00,0,2023-04-03,2024-01-02,2026-08-11T18:09:30
07111605000107,Posto Sousa E Alves | Posto Sousa e Alves | SOUSA E ALVES COM DE DERIVADOS DE PETRÓLEO | Sousa E Alves Com. De Derivados de Petróleo | Sousa E Alves Derivados de Petróleo,52,12919.57,2,2023-01-09,2025-06-07,2026-08-11T18:09:30
05581622000174,A&C serviços gráficos Ltda - ME Dallas Gráfica,2,12560.00,1,2023-08-28,2023-08-28,2026-08-11T18:09:30
22610572000125,CRISTIANE DA SILVA DELFIM - MEI,3,12000.00,1,2023-10-03,2023-12-05,2026-08-11T18:09:30
28108255000191,"Trindade, Camara, Retes, Barbosa, Magalhães, Pinheiro Advogados Associados",3,11880.00,1,2023-06-16,2023-08-09,2026-08-11T18:09:30
30054014000159,Susan Kelly Vilanova Passos Gonçalves - ME,2,11780.00,1,2023-02-03,2023-02-28,2026-08-11T18:09:30
54535830000142,TIAGO FONTENELE ILARIA SANTOS,3,11666.66,1,2026-03-12,2026-05-11,2026-08-11T18:09:30
01276763000122,AUTO POSTO RAMALHO LTDA,7,10472.65,1,1907-01-17,2023-09-01,2026-08-11T18:09:30
11035741000124,4 SEND TECNOLOGIA E SERVIÇOS LTDA,7,10200.00,1,2023-04-13,2023-10-04,2026-08-11T18:09:30
04807378000152,CONDOMÍNIO SALA 809 | CONDOMÍNIO SALA 810,16,9686.82,1,2023-02-06,2023-09-05,2026-08-11T18:09:30
47708622000132,INSTITUTO DE GESTÃO E INTEGRAÇÃO AO MUNDO DO TRABALHO,3,9000.00,1,2023-10-30,2023-12-21,2026-08-11T18:09:30
49997088000157,CBB JORNALISMO LTDA,2,9000.00,1,2023-08-14,2023-10-02,2026-08-11T18:09:30
48423624000148,LOCATI SERV E LOCACAO DE EQUIPTOS DE INFORMATICA LTDA - CONTRATO I | LOCATI SERV E LOCACAO DE EQUIPTOS DE INFORMATICA LTDA - CONTRATO I - PERÍODO DE 01/04 À 30/04/2023 | LOCATI SERV E LOCACAO DE EQUIPTOS DE INFORMATICA LTDA - CONTRATO I - PERÍODO DE 01/05 À 31/05/2023 | LOCATI SERV E LOCACAO DE EQUIPTOS DE INFORMATICA LTDA - CONTRATO I - PERÍODO DE 01/08 À 30/04/2023 | LOCATI SERV E LOCACAO DE EQUIPTOS DE INFORMATICA LTDA - CONTRATO II | LOCATI SERV E LOCACAO DE EQUIPTOS DE INFORMATICA LTDA - CONTRATO II- PERÍODO DE 01/04 À 30/04/2023 | LOCATI SERV E LOCACAO DE EQUIPTOS DE INFORMATICA LTDA - CONTRATO III | LOCATI SERV E LOCACAO DE EQUIPTOS DE INFORMATICA LTDA - CONTRATO III- PERÍODO DE 01/04 À 30/04/2023 | LOCATI SERV E LOCACAO DE EQUIPTOS DE INFORMATICA LTDA - CONTRATO III- PERÍODO DE 01/05 À 31/05/2023,17,8600.31,1,2023-04-05,2023-09-25,2026-08-11T18:09:30
52954306000180,Camila Braga Rodrigues,2,8000.00,0,2023-12-04,2024-01-02,2026-08-11T18:09:30
00692418002070,Auto Posto Cinco Estrelas | Auto Posto Cinco Estrelas LTDA | Auto Posto Cinto Estrelas LTDA | Auto Posto cinco Estrelas | Cinco Estrelas | Posto Cinco Estrelas LTDA,32,7943.09,3,2023-01-26,2025-06-25,2026-08-11T18:09:30
25021356000132,FACEBOOK SERVIÇOS ONLINE DO BRASIL | Facebook Serviços Online do Brasil Ltda,10,7749.99,2,2023-07-03,2023-12-02,2026-08-11T18:09:30
07522669000192,CONTA DE ENERGIA ELÉTRICA NEOENERGIA SALA 809 | CONTA DE ENERGIA ELÉTRICA NEOENERGIA SALA 810 | NEOENERGIA | NEOENERGIA DISTRIBUIDORA DE BRASÍLIA | Neoenergia | Tarifa de Energia | Tarifa de Enérgia,41,7725.66,5,2023-01-01,2026-06-23,2026-08-11T18:09:30
12907091000122,Rufino e Rebua Advogados,1,7000.00,1,2023-03-02,2023-03-02,2026-08-11T18:09:30
00306597001683,16 - QI 23 - CASCOL COMBUSTIVEIS PARA VEICULOS LTDA | Posto Cascol,23,6403.47,2,2023-02-02,2024-11-05,2026-08-11T18:09:30
46076609000145,ANDREONI CAMARGO MARKETING POLITICO LTDA,4,6000.00,1,2023-04-26,2023-07-31,2026-08-11T18:09:30
06990590000123,GOOGLE BRASIL INTERNET LTDA | MONOM Monitoramento Digital LTDA,5,5703.15,2,2023-06-03,2023-12-01,2026-08-11T18:09:30
00719211000189,Condomínio Dez-2023 | Condomínio Fev-2023 | Condomínio Mar-2023 | Condomínio Out-2023,12,5651.26,1,2023-03-07,2023-12-05,2026-08-11T18:09:30
00306597003627,Cascol | SIA - Cascol,19,5464.53,1,2023-01-18,2023-10-04,2026-08-11T18:09:30
11936605000105,AUTO POSTO NN 10 LTDA | Auto Posto NN 10 | Auto Posto NN 10 ) | Posto NN 10,69,5406.22,2,2023-02-14,2025-11-03,2026-08-11T18:09:30
47613620000160,HALISON DO NASCIMENTO CASIMIRO [redigido],4,5350.00,1,2023-06-15,2023-10-02,2026-08-11T18:09:30
03951672000170,AUTO POSTO SOF NORTE LTDA | Auto Posto SOF Norte | Auto Posto Sof Norte | Auto Posto Sof Norte Ltda,31,4514.52,3,2023-01-20,2025-04-13,2026-08-11T18:09:30
00306597002574,Abastecimento 01 | Abastecimento 03 | CASCOL COMBUSTIVEIS PARA VEICULOS LTDA | CASCOL Combustíveis | CASCOL Combustíveis LTDA | Cascol Cobustíveis LTDA | Cascol Combustíveis | Cascol Combustíveis para Veículos LTDA. | Cascol Combustíveis para Veículos Ltda | Posto Sig Cascol,23,4489.83,6,2023-02-01,2025-04-29,2026-08-11T18:09:30
31106105000153,Flavia Silva de Andrade,1,4000.00,1,2023-05-30,2023-05-30,2026-08-11T18:09:30
49915080000102,ELTON PEREIRA SANTOS - MEI,4,4000.00,1,2026-02-02,2026-05-04,2026-08-11T18:09:30
21452797000138,Pedro de Oliveira Paiva e Souza,6,3600.00,1,2026-01-30,2026-04-30,2026-08-11T18:09:30
27169700000160,Abastecimento 01 | Abastecimento 02 | Abastecimento 03 | Auto Posto Criolo | Auto Posto Criolo Ltda | Cascol Combustíveis,16,3549.55,6,2023-02-06,2024-04-05,2026-08-11T18:09:30
37024199000106,Marcos Rogério & Moreth,1,3500.00,1,2023-12-28,2023-12-28,2026-08-11T18:09:30
32434124000171,"NeNe""s Posto | Nenen s Chopp Posto | Nenen's Chopp Posto de Combustíveis Ltda | Nenen's Chopp posto de combustíveis Ltda | Nenen's Posto de Combustiveis | Nenen's chopp posto de combustíveis Ltda | Posto Nene's | Posto Nenen | Posto Nenen's | Posto Nenen's Chopp | Posto Nenén's",35,3415.01,2,2023-02-26,2025-02-16,2026-08-11T18:09:30
00342436000169,Posto Ceilandia | Posto Ceilândia | Posto Monumental,18,3298.54,1,2023-02-28,2025-03-25,2026-08-11T18:09:30
00360990000179,Posto de Gasolina dos Anoes LTDA | Posto de Gasolina dos Anões | Posto de Gasolina dos Anões LTDA | Posto dos Anões,13,3276.82,1,2023-03-15,2025-06-18,2026-08-11T18:09:30
00005892000113,Posto ML Souza & Cia | Posto Petrolino | Posto petrolino,17,3236.77,2,2023-01-30,2025-06-22,2026-08-11T18:09:30
29834542000141,Consultoria Especializada - Paulo Santarém,1,3000.00,1,2025-05-12,2025-05-12,2026-08-11T18:09:30
15159119000189,Park Bandeira Comercio Combustíveis LTDA | Park Bandeira Comercio De Combustiveis e Derivados De Petrol | Park Bandeira Comercio de Combustiveis LTDA | Park Bandeira Comercio de Combustíveis,13,2878.16,1,2023-02-16,2024-02-07,2026-08-11T18:09:30
40432544000147,Claro,12,2786.63,1,2023-01-01,2026-06-23,2026-08-11T18:09:30
24046493000240,AUTO POSTO ANDRADE LTDA | AUTO POSTO ANDRADE LTDA - METROPOLITANO | Auto Posto Andrade | Auto Posto Andrade Ltda | Auto posto Andrade Ltda | Braga Auto Posto Andrade Ltda | Braga Auto Posto Andrade Ltda Metropolitano,13,2599.45,3,2023-01-13,2025-05-20,2026-08-11T18:09:30
02558157000162,VIVO | Vivo Telefônica Brasil S/A - Gabinete de Apoio,16,2508.68,2,2026-01-12,2026-04-17,2026-08-11T18:09:30
04273260000191,Posto Metropolitano Derivados de Petróleo Ltda | Posto metropolitano Der. De petróleo Ltda,12,2359.38,1,2023-01-04,2023-10-29,2026-08-11T18:09:30
00306597009668,096 - MANGUEIRAK - CASCOL COMBUSTIVEIS PARA VEICULOS LTDA | Abastecimento 01 | Abastecimento 02 | Abastecimento 03 | Abastecimento 04 | Abastecimento 05 | Abastecimento 06,11,2318.56,2,2023-03-09,2023-11-15,2026-08-11T18:09:30
26742415000124,Flex Comércio de Serviços,11,2314.20,1,2023-03-08,2023-12-18,2026-08-11T18:09:30
00306597006995,069 - PENISULA - CASCOL COMBUSTIVEIS PARA VEICULOS LTDA | CASCOL Combustíveis para Veiculos LTDA,8,2276.25,2,2023-02-15,2025-06-04,2026-08-11T18:09:30
00082024000137,CAESB | COMPANHIA DE SANEAMENTO AMBIENTAL DO DISTRITO FEDERAL | Tarifa de água,21,2216.32,4,2023-01-01,2026-05-02,2026-08-11T18:09:30
72638216000198,Smart Soluções Inteligentes para DOC Ltda. - EPP,6,1954.44,1,2026-01-30,2026-04-29,2026-08-11T18:09:30
00692418002231,Auto Posto Cinco Estrelas,14,1820.00,2,2023-02-26,2024-12-04,2026-08-11T18:09:30
66970229001805,CLARO NXT TELECOMUNICAÇÕES S.A,11,1702.29,1,2023-01-24,2023-11-20,2026-08-11T18:09:30
29032820000147,Abastecimento 03 | Abastecimento 05 | BELIZE COMPANY AUTO POSTO LTDA | Belize Company Auto Posto LTDA | Belize Company Auto Posto Ltda,8,1631.25,5,2023-04-10,2023-09-13,2026-08-11T18:09:30
37063328001058,AUTO SHOPPING DERIVADOS DE PETROLEO LTDA,7,1588.16,1,2023-02-28,2023-09-19,2026-08-11T18:09:30
42001728000188,Auto Santa Maria | POSTO DE COMBUSTIVEIS R13 SANTA MARIA LTDA | Posto De Combustíveis R13 Santa Maria LTDA | Posto R13 Santa Maria | Posto R3 Santa Maria | Posto Santa Maria | Posto Santa Maria R13 | R3 Santa Maria,14,1515.07,3,2023-05-04,2025-05-26,2026-08-11T18:09:30
00306597007100,071 - LAGO NORTE - CASCOL COMBUSTIVEIS PARA VEICULO LTDA | 071 - LAGO NORTE - CASCOL COMBUSTIVEIS PARA VEICULOS LTDA | CASCOL COMBUSTIVEIS PARA VEICULOS LTDA 071 | Posto Cascol,6,1426.26,3,2023-03-03,2025-03-20,2026-08-11T18:09:30
01559338000140,Posto Rodobelo,7,1422.81,3,2023-02-13,2025-09-03,2026-08-11T18:09:30
00306597000288,Cascol Combustíveis | Cascol Combustíveis para Veículos Ltda,10,1355.26,2,2023-02-03,2023-06-29,2026-08-11T18:09:30
09232995000190,METRO COMERCIAL DE COMBUSTIVEIS LTDA | Metro Comercial de Combustiveis | Metro Comercial de Combustivel | Metro Comercial de Combustíveis Ltda | Posto Metro,10,1239.06,3,2023-01-17,2025-06-17,2026-08-11T18:09:30
04473193000159,Abastecimento 05 | POSTO DA TORRE EIRELI EPP | Posto da Torre,5,1145.89,5,2023-05-08,2023-11-28,2026-08-11T18:09:30
12123780000146,Connecta Ceilândia Sul | Posto Conecta Ceilândia | Posto Conecta Ceilândia Sul | Posto Connecta | Posto de Combustiveis Connecta Ceilandia Sul | Posto de Combustíveis Conecta Ceilândia Sul,9,1113.47,3,2023-01-20,2025-05-26,2026-08-11T18:09:30
53600984000108,Posto de Combustiveis São Rafael | Posto de Combustivel São Rafael | Posto de Combustíveis São Rafael | Posto de Combustível São Rafael,10,1039.50,2,2024-05-03,2025-06-15,2026-08-11T18:09:30
07822636000168,Cascol Combustíveis,4,1027.00,1,2023-02-14,2023-11-17,2026-08-11T18:09:30
00306597008181,CASCOL Combustíveis LTDA | JAGUAR Cascol Cobustíveis LTDA,4,1012.03,1,2023-11-29,2025-01-28,2026-08-11T18:09:30
08202116000115,Auto Posto Aeroporto | Auto Posto Aeroporto LTDA | Auto Posto Aeroporto Ltda,4,993.03,3,2023-02-23,2025-04-04,2026-08-11T18:09:30
00692418000611,AUTO POSTO CINCO ESTRELAS LTDA | Abastecimento 01 | Abastecimento 04 | Cascol Combustíveis,5,987.08,3,2023-01-01,2023-11-21,2026-08-11T18:09:30
12093145000163,Abastecimento 03 | Posto Taguacentro Comerc.de Deriv.de Petróleo | TAGUACENTRO COMER. DE DERIV. DE PETROLEO LTDA | Taguacentro Com. De Derivados de Petróleo Ltda,4,978.78,4,2023-02-09,2023-12-10,2026-08-11T18:09:30
08355825000130,Posto 214 Sul | Posto de Combustíveis 214 Sul,4,904.60,3,2023-05-13,2025-06-24,2026-08-11T18:09:30
12123780000227,Cascol Combustíveis | Posto Colina | Posto Colina BR 070,4,903.93,3,2023-10-09,2025-02-08,2026-08-11T18:09:30
00306597004780,Castanheiras - Cascol,3,888.71,1,2023-05-19,2023-10-28,2026-08-11T18:09:30
72578438000405,Posto Garantia | Posto de Comb. Garantia | Posto de Combustíveis Garantia,3,883.27,1,2023-10-17,2023-12-07,2026-08-11T18:09:30
00692418002665,Abastecimento 02 | Auto Posto Cinco Estrelas | Auto Posto Cinco Estrelas Ltda,3,870.55,2,2023-05-31,2023-10-20,2026-08-11T18:09:30
23597031000177,Auto Posto Via Estrutural | Auto Posto Via Estrutural Ltda | Posto Via Estrutural,4,845.38,1,2023-03-30,2023-05-24,2026-08-11T18:09:30
36900391000571,Posto Quality - Águas Claras - Rede Quality | Quality Aguas Claras | Rede Quality Comercio de Combustíveis LTDA,3,838.91,2,2023-08-21,2025-03-22,2026-08-11T18:09:30
04814024000135,Auto Posto Ribeiro LTDA,3,789.20,2,2023-09-02,2023-11-21,2026-08-11T18:09:30
00306597006561,Cascol Combustíveis para veículos LTDA,4,781.00,1,2023-11-03,2023-11-25,2026-08-11T18:09:30
06555245000161,Estação Sul | Estação Sul Auto Posto | Posto Estação Sul,11,775.00,1,2023-09-14,2024-09-02,2026-08-11T18:09:30
00306597006642,CASCOL COMBUSTIVEIS PARA VEICULOS LTDA SM 03 | Cascol Combustíveis para veículos LTDA,4,766.57,2,2023-03-31,2023-11-27,2026-08-11T18:09:30
00306597006723,Cascol Combustíveis Paranoá II | Cascol Combustível | Cascol Combustível Paranoá II,4,757.39,1,2023-06-20,2023-08-25,2026-08-11T18:09:30
31403111000172,POSTO DE COMBUSTIVEIS EPIA CANDANGOLANDIA LTDA | Posto De Combustíveis EPIA Candangolandia LTDA | Posto EPIA | Posto Epia,4,753.47,3,2023-03-16,2023-06-24,2026-08-11T18:09:30
26991067000129,Cruzeiro Combustíveis e Serviços | Cruzeiro Combustíveis e Serviços S/A | Cruzeiro Combustível | Posto Cruzeiro,4,710.40,3,2023-03-07,2025-01-22,2026-08-11T18:09:30
05299796000149,Auto Posto Almenara | Auto Posto Almenara Ltda,2,708.61,1,2023-09-22,2023-10-09,2026-08-11T18:09:30
18055554000151,Posto Z | Posto Z+Z 304 Sul LTDA,4,684.36,2,2023-07-31,2024-11-29,2026-08-11T18:09:30
32590257000137,Posto 310 | Posto de Combustíveis 310 Sul | Posto de Combustível 310 Sul,3,651.61,3,2023-04-20,2024-08-30,2026-08-11T18:09:30
00595058000125,Posto 212 Sul,6,650.00,1,2023-02-06,2025-02-19,2026-08-11T18:09:30
00692418000107,Abastecimento 05 | Cascol Combustíveis,3,644.26,2,2023-06-15,2023-11-08,2026-08-11T18:09:30
11726230000159,Posto Quadra 08,9,610.00,1,2024-05-30,2025-04-27,2026-08-11T18:09:30
00306597008858,Cascol Combustíveis Taquari | Posto Cascol | Posto Taquari,6,608.18,2,2023-05-20,2025-06-21,2026-08-11T18:09:30
22574713000100,Gabriela Alves Coimbra,1,600.00,1,2023-03-29,2023-03-29,2026-08-11T18:09:30
00306597005409,Cascol Combustíveis Paranoá | Cascol Combustíveis Paranoá I | Posto Paranoá Cascol,3,595.33,2,2023-06-04,2024-09-08,2026-08-11T18:09:30
25004046000100,Auto Posto Fenix,2,565.63,1,2023-08-07,2023-10-25,2026-08-11T18:09:30
00692418001260,Auto Posto Cinco Estrelas,2,549.41,1,2023-12-14,2023-12-18,2026-08-11T18:09:30
00306597007614,CASCOL Combustíveis LTDA | Cascol Combustíveis,3,533.63,2,2023-05-21,2024-03-27,2026-08-11T18:09:30
00306597004518,045 - QL 02 - CASCOL COMBUSTIVEIS PARA VEICULOS LTDA | Cascol Combustíveis QL 02,2,528.83,2,2023-02-25,2023-05-29,2026-08-11T18:09:30
08978109000100,Auto Posto Capital LTDA,2,525.80,1,2025-04-21,2025-06-10,2026-08-11T18:09:30
24046493000169,Auto Posto Andrade,3,517.61,1,2025-02-27,2025-04-29,2026-08-11T18:09:30
13640575000110,MAXXI Comércio de Derivados de Petróleo Ltda | MAXXI Comércio de Petróleo LTDA,2,501.44,2,2023-04-03,2023-05-29,2026-08-11T18:09:30
27137211000127,Posto Ranoni LTDA,2,495.03,1,2024-03-14,2024-03-21,2026-08-11T18:09:30
32216743000190,Posto 309 Sul | Posto de Combustíveis 309 sul,2,489.52,1,2023-06-20,2023-08-04,2026-08-11T18:09:30
00306597005913,Cascol Combustíveis | Posto Cascol,2,488.41,2,2023-12-11,2025-03-15,2026-08-11T18:09:30
04285663000150,Auto Posto Do Nucleo LTDA,2,487.81,1,2023-02-10,2023-03-23,2026-08-11T18:09:30
00692418002312,Auto Posto Cinco Estrelas,2,472.18,2,2023-12-28,2024-12-23,2026-08-11T18:09:30
06071706000473,PETRONORTE COMBUSTÍVEIS | Petronorte Combustíveis LTDA,2,470.33,2,2025-01-16,2025-04-02,2026-08-11T18:09:30
36642184000130,Cascol Combustíveis | Posto Campeão 070,2,455.00,1,2023-09-16,2023-10-27,2026-08-11T18:09:30
25004046000290,Auto Posto Fenix ODJ | Cascol Combustíveis,2,442.73,2,2023-09-13,2024-12-18,2026-08-11T18:09:30
38074571000143,PETRO RIOS COMERCIO DERIVADOS DE PETROLEO LTDA | PETRO RIOS Comercio Derivados De Petroleo LTDA,2,438.18,2,2023-02-28,2023-03-17,2026-08-11T18:09:30
58475952000141,Posto de Combustíveis Petromaxx SPM | Posto de Combustíveis Petromaxx SPM LTDA,2,436.60,2,2025-06-09,2025-06-16,2026-08-11T18:09:30
00306597006308,Abastecimento 02 | Cascol Combustiveis | Posto 311 Sul,3,436.36,2,2023-01-29,2023-10-10,2026-08-11T18:09:30
00306597005085,Posto Cascol,3,430.29,1,2025-02-03,2025-05-08,2026-08-11T18:09:30
03482208000182,Auto Posto JK | Cascol Combustíveis,2,419.30,2,2023-08-15,2025-06-17,2026-08-11T18:09:30
05246123000120,Cascol Combustíveis,2,409.20,1,2023-05-19,2023-07-20,2026-08-11T18:09:30
33977940000194,Abastecimento 01 | Posto Ceasa,2,405.30,2,2023-05-29,2025-01-17,2026-08-11T18:09:30
32965877000103,Posto QI 09 Lago Sul | Posto QI 9 Lago Sul,3,400.00,3,2023-03-28,2023-04-27,2026-08-11T18:09:30
00306597002817,Auto Cei | Posto Auto CEI | Posto Auto Cei | Posto Cei,4,382.70,2,2023-10-06,2025-05-29,2026-08-11T18:09:30
37063328000752,Posto Auto Shopping,2,381.28,1,2025-02-14,2025-02-18,2026-08-11T18:09:30
24912669000118,Cascol Combustíveis | Posto Colina,3,380.04,1,2023-10-23,2024-12-28,2026-08-11T18:09:30
00306597002655,P WAY - CASCOL Combustíveis para Veículos LTDA | Posto Cascol,2,357.84,2,2023-06-06,2024-11-08,2026-08-11T18:09:30
09403000000107,VPN INFRAESTRUTURA DE REDES LTDA,3,329.42,1,2023-07-24,2023-09-01,2026-08-11T18:09:30
17707272000129,Conquista Com. De Derivados de Petróleo | Posto Conquista,3,323.04,2,2024-10-17,2025-06-03,2026-08-11T18:09:30
07870568000102,Posto São Mateus,1,315.45,1,2023-04-04,2023-04-04,2026-08-11T18:09:30
29178006000135,Auto Posto Lago Norte Ltda,1,306.29,1,2023-02-28,2023-02-28,2026-08-11T18:09:30
40084269000118,Posto de Combustiveis 206 Ltda,1,306.09,1,2023-09-19,2023-09-19,2026-08-11T18:09:30
00976256000139,Cascol Combustíveis | Céu 070 Combustível Ltda,2,300.07,2,2023-01-01,2023-10-16,2026-08-11T18:09:30
00097626000320,Posto Brasal,2,300.00,1,2023-05-21,2025-06-25,2026-08-11T18:09:30
23597031000258,AUTO POSTO VIA ESTRUTURAL LTDA - LAGO SUL,1,300.00,1,2023-05-11,2023-05-11,2026-08-11T18:09:30
37128477000248,JT Comércio de Devidos de Petróleo,1,296.89,1,2023-11-28,2023-11-28,2026-08-11T18:09:30
30351930000150,CENTRAL DE COMERCIO DE COMBUSTIVEIS LTDA,1,289.10,1,2023-09-30,2023-09-30,2026-08-11T18:09:30
32077655000154,Jarjour Revenda,1,285.77,1,2023-07-06,2023-07-06,2026-08-11T18:09:30
38076089000223,Braga Auto Posto Águas Claras Ltda,1,285.74,1,2023-04-20,2023-04-20,2026-08-11T18:09:30
03357735000165,Lider Posto | Líder Posto,2,280.00,2,2023-05-22,2025-03-31,2026-08-11T18:09:30
00097626000168,Brasal Combustíveis | Cascol Combustíveis,2,279.63,2,2023-03-22,2023-06-30,2026-08-11T18:09:30
31165607000155,Posto Rota 406 Sul LTDA,1,277.41,1,2025-05-23,2025-05-23,2026-08-11T18:09:30
10459168000113,Posto Avenida Hélio Prates,2,269.01,2,2023-01-24,2025-02-22,2026-08-11T18:09:30
00306597004860,Abastecimento 04,1,265.18,1,2023-08-25,2023-08-25,2026-08-11T18:09:30
50313275000153,Auto Posto Samambaia | Auto posto Samambaia Ltda,2,262.72,2,2023-07-01,2025-06-28,2026-08-11T18:09:30
03648818000103,Eurogás Posto e serviços Ltda,1,260.10,1,2023-10-16,2023-10-16,2026-08-11T18:09:30
36297444000188,Cascol Combustíveis,1,260.04,1,2023-05-05,2023-05-05,2026-08-11T18:09:30
36754752000195,SANTA FÉ SERVIÇOS E PETROLEOS LTDA,1,258.42,1,2023-09-29,2023-09-29,2026-08-11T18:09:30
05662975000107,Abastecimento 01,1,251.90,1,2023-10-02,2023-10-02,2026-08-11T18:09:30
03578089000166,Posto de Serviços Pedro Ribeiro,1,251.05,1,2023-05-26,2023-05-26,2026-08-11T18:09:30
01655778000525,Cascol Combustíveis,1,250.01,1,2023-05-11,2023-05-11,2026-08-11T18:09:30
00097626000249,Posto Brasal | Posto Brasal Combustiveis,2,250.00,1,2023-05-27,2023-06-04,2026-08-11T18:09:30
04621225000116,M M Comercial de Combustíveis LTDA,1,243.23,1,2024-03-07,2024-03-07,2026-08-11T18:09:30
00306597008696,Abastecimento 02,1,240.94,1,2023-12-16,2023-12-16,2026-08-11T18:09:30
07214648000100,Posto Paraíso,2,234.95,2,2023-08-23,2025-03-28,2026-08-11T18:09:30
11948180000235,Abastecimento 01,1,230.60,1,2023-11-03,2023-11-03,2026-08-11T18:09:30
05208306000151,AUTO POSTO BRAGA LTDA,1,224.83,1,2023-05-09,2023-05-09,2026-08-11T18:09:30
34051439000165,Abastecimento 06,1,221.14,1,2023-06-29,2023-06-29,2026-08-11T18:09:30
37189518000125,POSTO TOP TAGUATINGA,1,219.95,1,2025-01-16,2025-01-16,2026-08-11T18:09:30
00692418002150,Auto Posto Cinco Estrelas LTDA,1,213.78,1,2023-04-02,2023-04-02,2026-08-11T18:09:30
20645413000130,Cascol Combustíveis,1,208.11,1,2023-11-10,2023-11-10,2026-08-11T18:09:30
25015036000170,Auto Volume Comércio de Derivados de Petróleo | Posto Auto Volume,2,203.10,2,2023-06-30,2025-07-03,2026-08-11T18:09:30
00314831000138,POSTO ITAMARATY LTDA,1,201.43,1,2023-03-02,2023-03-02,2026-08-11T18:09:30
00365320000145,Auto Posto Esplanada Ltda,1,200.08,1,2023-02-16,2023-02-16,2026-08-11T18:09:30
00306597003112,Posto 302 Norte,2,200.00,1,2023-05-18,2023-08-14,2026-08-11T18:09:30
05158335000156,Posto 109 Sul Deriv. De Petróleo Ltda,1,200.00,1,2023-04-28,2023-04-28,2026-08-11T18:09:30
07441011000237,Posto Cidade do Automóvel,1,200.00,1,2025-03-23,2025-03-23,2026-08-11T18:09:30
10471346000121,Máximo Comércio de Derivados de Petróleo,2,200.00,1,2023-06-13,2023-06-22,2026-08-11T18:09:30
00097626000400,BRASAL Combustíveis LTDA,1,196.06,1,2023-02-21,2023-02-21,2026-08-11T18:09:30
72620412000135,Abastecimento 05,1,195.57,1,2023-08-15,2023-08-15,2026-08-11T18:09:30
00306597006138,Auto Cascol | Cascol Combustíveis para Veículos Ltda,2,190.02,2,2023-10-26,2025-05-01,2026-08-11T18:09:30
08414749000197,Posto 310 Norte,1,180.00,1,2023-05-18,2023-05-18,2026-08-11T18:09:30
38194212000120,Auto Posto 303 Norte,2,180.00,1,2024-06-27,2025-06-03,2026-08-11T18:09:30
05000684000226,Posto Peter Pan,1,178.77,1,2025-05-06,2025-05-06,2026-08-11T18:09:30
09386909000102,Posto UnB,1,175.58,1,2025-05-16,2025-05-16,2026-08-11T18:09:30
00306597007886,Posto Melhor 06,1,161.75,1,2025-01-26,2025-01-26,2026-08-11T18:09:30
08111678000153,HÉLIO PRATES COMÉRCIO DE COM. E DERIVADOS LTDA,1,159.76,1,2023-11-09,2023-11-09,2026-08-11T18:09:30
00097626000672,Brasal Combustível Ltda,1,150.00,1,2023-03-30,2023-03-30,2026-08-11T18:09:30
00692418000700,AUTO POSTO CINCO ESTRELAS LTDA | Auto Posto Cinco Estrela,2,150.00,2,2023-06-22,2025-03-31,2026-08-11T18:09:30
07441011000156,Posto Cidade do Automóvel Ltda,1,150.00,1,2023-07-20,2023-07-20,2026-08-11T18:09:30
29116420000110,Auto Posto Mark Sobradinho II,3,150.00,2,2023-06-12,2024-08-11,2026-08-11T18:09:30
00692418001340,Auto Posto cinco Estrelas,2,146.91,1,2025-05-21,2025-06-07,2026-08-11T18:09:30
30642701000195,Auto Posto 302 Sul,3,146.39,1,2024-07-08,2025-04-08,2026-08-11T18:09:30
38660993000109,R13 ORIGINAL DERIVADOS DE PETROLEO LTDA,1,141.40,1,2023-09-26,2023-09-26,2026-08-11T18:09:30
00689380000113,Auto Karserv Combustiveis | Posto Karserv Combustiveis,2,140.00,1,2024-05-18,2024-08-27,2026-08-11T18:09:30
04753334000197,Auto Posto Oliveira,1,120.00,1,2023-06-27,2023-06-27,2026-08-11T18:09:30
00692418001774,Auto Posto Cinco Estrelas,2,110.00,1,2024-06-27,2025-02-12,2026-08-11T18:09:30
36180754000118,Auto Posto Flamingo,2,110.00,1,2024-04-07,2025-05-02,2026-08-11T18:09:30
00306597001330,Triangulo - Cascol,1,100.00,1,2023-09-25,2023-09-25,2026-08-11T18:09:30
00306597007290,Cascol Combustiveis,1,100.00,1,2023-06-15,2023-06-15,2026-08-11T18:09:30
00672345000191,Auto Posto JB LTDA,1,100.00,1,2023-11-27,2023-11-27,2026-08-11T18:09:30
04494011000207,Marlin Combustiveis,1,100.00,1,2023-09-28,2023-09-28,2026-08-11T18:09:30
11948180000154,Auto Posto NN 10,1,100.00,1,2025-04-03,2025-04-03,2026-08-11T18:09:30
33486425000101,MAXIMUM COMERCIO VAREJISTA DE DERIVADOS DE PETROLEO LTDA,1,100.00,1,2023-09-18,2023-09-18,2026-08-11T18:09:30
72578438000162,Posto de Combustíveis Garantia LTDA,1,100.00,1,2025-04-04,2025-04-04,2026-08-11T18:09:30
00692418003394,Posto CE - Asa NT 115,1,95.99,1,2025-04-25,2025-04-25,2026-08-11T18:09:30
24099794000150,Auto Posto ADE Ceilândia Sul,1,60.20,1,2024-08-21,2024-08-21,2026-08-11T18:09:30
20473943000149,Posto 208 Sul,1,60.00,1,2025-02-13,2025-02-13,2026-08-11T18:09:30
32013951000191,Auto Posto Castanheiras,1,60.00,1,2024-02-29,2024-02-29,2026-08-11T18:09:30
34176650000104,Posto GMCM,1,60.00,1,2024-06-30,2024-06-30,2026-08-11T18:09:30
36900391000652,Rede Quality,1,60.00,1,2024-03-09,2024-03-09,2026-08-11T18:09:30
00306597007533,Posto Colorado,1,50.00,1,2025-03-21,2025-03-21,2026-08-11T18:09:30
00689901000302,Posto Pecobral,1,50.00,1,2024-05-11,2024-05-11,2026-08-11T18:09:30
01688723000198,Posto Fujichina,1,50.00,1,2024-05-20,2024-05-20,2026-08-11T18:09:30
04224065000171,Posto São Jorge,1,50.00,1,2025-02-08,2025-02-08,2026-08-11T18:09:30
